Method,Path,Class,Package,ReturnType,isFinal,isAbstract,isDefault,isStatic,NumParams,ParamTypes,parNumStandardTypes,parNumCustomTypes,parNumUnresolvedTypes,AccessModifier,Annotations,Javadoc,Expressions,ExpressionTypes,expNumStandardTypes,expNumCustomTypes,expNumUnresolvedTypes,RawLoc,CleanLoc,AllStandard,AllCustomAndUnresolved
buildFactories,repos/Time-27f/JodaTimeContrib/holiday/src/java/org/joda/time/contrib/holiday/GBHolidays.java,GBHolidays,org.joda.time.contrib.holiday
buildFactories,repos/Time-27f/JodaTimeContrib/holiday/src/java/org/joda/time/contrib/holiday/CanadaStatutoryHolidays.java,CanadaStatutoryHolidays,org.joda.time.contrib.holiday
create,repos/Time-27f/JodaTimeContrib/holiday/src/java/org/joda/time/contrib/holiday/anniversary/AnniversaryFactory.java,AnniversaryFactory,org.joda.time.contrib.holiday.anniversary
getId,repos/Time-27f/JodaTimeContrib/holiday/src/java/org/joda/time/contrib/holiday/anniversary/AnniversaryFactory.java,AnniversaryFactory,org.joda.time.contrib.holiday.anniversary
create,repos/Time-27f/JodaTimeContrib/holiday/src/java/org/joda/time/contrib/holiday/anniversary/CommonAnniversaries.java,CommonAnniversaries,org.joda.time.contrib.holiday.anniversary
create,repos/Time-27f/JodaTimeContrib/holiday/src/java/org/joda/time/contrib/holiday/anniversary/CommonAnniversaries.java,CommonAnniversaries,org.joda.time.contrib.holiday.anniversary
create,repos/Time-27f/JodaTimeContrib/holiday/src/java/org/joda/time/contrib/holiday/anniversary/CommonAnniversaries.java,CommonAnniversaries,org.joda.time.contrib.holiday.anniversary
create,repos/Time-27f/JodaTimeContrib/holiday/src/java/org/joda/time/contrib/holiday/anniversary/CommonAnniversaries.java,CommonAnniversaries,org.joda.time.contrib.holiday.anniversary
create,repos/Time-27f/JodaTimeContrib/holiday/src/java/org/joda/time/contrib/holiday/anniversary/CommonAnniversaries.java,CommonAnniversaries,org.joda.time.contrib.holiday.anniversary
create,repos/Time-27f/JodaTimeContrib/holiday/src/java/org/joda/time/contrib/holiday/anniversary/CommonAnniversaries.java,CommonAnniversaries,org.joda.time.contrib.holiday.anniversary
create,repos/Time-27f/JodaTimeContrib/holiday/src/java/org/joda/time/contrib/holiday/anniversary/CommonAnniversaries.java,CommonAnniversaries,org.joda.time.contrib.holiday.anniversary
create,repos/Time-27f/JodaTimeContrib/holiday/src/java/org/joda/time/contrib/holiday/anniversary/CommonAnniversaries.java,CommonAnniversaries,org.joda.time.contrib.holiday.anniversary
create,repos/Time-27f/JodaTimeContrib/holiday/src/java/org/joda/time/contrib/holiday/anniversary/CommonAnniversaries.java,CommonAnniversaries,org.joda.time.contrib.holiday.anniversary
create,repos/Time-27f/JodaTimeContrib/holiday/src/java/org/joda/time/contrib/holiday/anniversary/CommonAnniversaries.java,CommonAnniversaries,org.joda.time.contrib.holiday.anniversary
getName,repos/Time-27f/JodaTimeContrib/holiday/src/java/org/joda/time/contrib/holiday/anniversary/NamedAnniversaryFactory.java,NamedAnniversaryFactory,org.joda.time.contrib.holiday.anniversary
getDate,repos/Time-27f/JodaTimeContrib/holiday/src/java/org/joda/time/contrib/holiday/anniversary/NamedAnniversaryFactory.java,NamedAnniversaryFactory,org.joda.time.contrib.holiday.anniversary
compareTo,repos/Time-27f/JodaTimeContrib/holiday/src/java/org/joda/time/contrib/holiday/anniversary/NamedAnniversaryFactory.java,NamedAnniversaryFactory,org.joda.time.contrib.holiday.anniversary
create,repos/Time-27f/JodaTimeContrib/holiday/src/java/org/joda/time/contrib/holiday/anniversary/NamedAnniversaryFactory.java,NamedAnniversaryFactory,org.joda.time.contrib.holiday.anniversary
getName,repos/Time-27f/JodaTimeContrib/holiday/src/java/org/joda/time/contrib/holiday/anniversary/NamedAnniversaryFactory.java,NamedAnniversary,org.joda.time.contrib.holiday.anniversary
getDate,repos/Time-27f/JodaTimeContrib/holiday/src/java/org/joda/time/contrib/holiday/anniversary/NamedAnniversaryFactory.java,NamedAnniversary,org.joda.time.contrib.holiday.anniversary
compareTo,repos/Time-27f/JodaTimeContrib/holiday/src/java/org/joda/time/contrib/holiday/anniversary/NamedAnniversaryFactory.java,NamedAnniversary,org.joda.time.contrib.holiday.anniversary
create,repos/Time-27f/JodaTimeContrib/holiday/src/java/org/joda/time/contrib/holiday/anniversary/CanadaAnniversaries.java,CanadaAnniversaries,org.joda.time.contrib.holiday.anniversary
create,repos/Time-27f/JodaTimeContrib/holiday/src/java/org/joda/time/contrib/holiday/anniversary/CanadaAnniversaries.java,CanadaAnniversaries,org.joda.time.contrib.holiday.anniversary
create,repos/Time-27f/JodaTimeContrib/holiday/src/java/org/joda/time/contrib/holiday/anniversary/CanadaAnniversaries.java,CanadaAnniversaries,org.joda.time.contrib.holiday.anniversary
create,repos/Time-27f/JodaTimeContrib/holiday/src/java/org/joda/time/contrib/holiday/anniversary/CanadaAnniversaries.java,CanadaAnniversaries,org.joda.time.contrib.holiday.anniversary
create,repos/Time-27f/JodaTimeContrib/holiday/src/java/org/joda/time/contrib/holiday/anniversary/CanadaAnniversaries.java,CanadaAnniversaries,org.joda.time.contrib.holiday.anniversary
create,repos/Time-27f/JodaTimeContrib/holiday/src/java/org/joda/time/contrib/holiday/anniversary/CanadaAnniversaries.java,CanadaAnniversaries,org.joda.time.contrib.holiday.anniversary
create,repos/Time-27f/JodaTimeContrib/holiday/src/java/org/joda/time/contrib/holiday/anniversary/CanadaAnniversaries.java,CanadaAnniversaries,org.joda.time.contrib.holiday.anniversary
create,repos/Time-27f/JodaTimeContrib/holiday/src/java/org/joda/time/contrib/holiday/anniversary/CanadaAnniversaries.java,CanadaAnniversaries,org.joda.time.contrib.holiday.anniversary
create,repos/Time-27f/JodaTimeContrib/holiday/src/java/org/joda/time/contrib/holiday/anniversary/USAnniversaries.java,USAnniversaries,org.joda.time.contrib.holiday.anniversary
create,repos/Time-27f/JodaTimeContrib/holiday/src/java/org/joda/time/contrib/holiday/anniversary/USAnniversaries.java,USAnniversaries,org.joda.time.contrib.holiday.anniversary
create,repos/Time-27f/JodaTimeContrib/holiday/src/java/org/joda/time/contrib/holiday/anniversary/USAnniversaries.java,USAnniversaries,org.joda.time.contrib.holiday.anniversary
create,repos/Time-27f/JodaTimeContrib/holiday/src/java/org/joda/time/contrib/holiday/anniversary/USAnniversaries.java,USAnniversaries,org.joda.time.contrib.holiday.anniversary
create,repos/Time-27f/JodaTimeContrib/holiday/src/java/org/joda/time/contrib/holiday/anniversary/USAnniversaries.java,USAnniversaries,org.joda.time.contrib.holiday.anniversary
create,repos/Time-27f/JodaTimeContrib/holiday/src/java/org/joda/time/contrib/holiday/anniversary/USAnniversaries.java,USAnniversaries,org.joda.time.contrib.holiday.anniversary
create,repos/Time-27f/JodaTimeContrib/holiday/src/java/org/joda/time/contrib/holiday/anniversary/USAnniversaries.java,USAnniversaries,org.joda.time.contrib.holiday.anniversary
create,repos/Time-27f/JodaTimeContrib/holiday/src/java/org/joda/time/contrib/holiday/anniversary/USAnniversaries.java,USAnniversaries,org.joda.time.contrib.holiday.anniversary
create,repos/Time-27f/JodaTimeContrib/holiday/src/java/org/joda/time/contrib/holiday/anniversary/USAnniversaries.java,USAnniversaries,org.joda.time.contrib.holiday.anniversary
create,repos/Time-27f/JodaTimeContrib/holiday/src/java/org/joda/time/contrib/holiday/anniversary/USAnniversaries.java,USAnniversaries,org.joda.time.contrib.holiday.anniversary
create,repos/Time-27f/JodaTimeContrib/holiday/src/java/org/joda/time/contrib/holiday/anniversary/USAnniversaries.java,USAnniversaries,org.joda.time.contrib.holiday.anniversary
create,repos/Time-27f/JodaTimeContrib/holiday/src/java/org/joda/time/contrib/holiday/anniversary/USAnniversaries.java,USAnniversaries,org.joda.time.contrib.holiday.anniversary
create,repos/Time-27f/JodaTimeContrib/holiday/src/java/org/joda/time/contrib/holiday/anniversary/USAnniversaries.java,USAnniversaries,org.joda.time.contrib.holiday.anniversary
create,repos/Time-27f/JodaTimeContrib/holiday/src/java/org/joda/time/contrib/holiday/anniversary/USAnniversaries.java,USAnniversaries,org.joda.time.contrib.holiday.anniversary
create,repos/Time-27f/JodaTimeContrib/holiday/src/java/org/joda/time/contrib/holiday/anniversary/USAnniversaries.java,USAnniversaries,org.joda.time.contrib.holiday.anniversary
create,repos/Time-27f/JodaTimeContrib/holiday/src/java/org/joda/time/contrib/holiday/anniversary/USAnniversaries.java,USAnniversaries,org.joda.time.contrib.holiday.anniversary
create,repos/Time-27f/JodaTimeContrib/holiday/src/java/org/joda/time/contrib/holiday/anniversary/IAnniversaryFactory.java,IAnniversaryFactory,org.joda.time.contrib.holiday.anniversary
create,repos/Time-27f/JodaTimeContrib/holiday/src/java/org/joda/time/contrib/holiday/anniversary/GBAnniversaries.java,GBAnniversaries,org.joda.time.contrib.holiday.anniversary
create,repos/Time-27f/JodaTimeContrib/holiday/src/java/org/joda/time/contrib/holiday/anniversary/GBAnniversaries.java,GBAnniversaries,org.joda.time.contrib.holiday.anniversary
create,repos/Time-27f/JodaTimeContrib/holiday/src/java/org/joda/time/contrib/holiday/anniversary/GBAnniversaries.java,GBAnniversaries,org.joda.time.contrib.holiday.anniversary
create,repos/Time-27f/JodaTimeContrib/holiday/src/java/org/joda/time/contrib/holiday/anniversary/GBAnniversaries.java,GBAnniversaries,org.joda.time.contrib.holiday.anniversary
create,repos/Time-27f/JodaTimeContrib/holiday/src/java/org/joda/time/contrib/holiday/anniversary/GBAnniversaries.java,GBAnniversaries,org.joda.time.contrib.holiday.anniversary
buildFactories,repos/Time-27f/JodaTimeContrib/holiday/src/java/org/joda/time/contrib/holiday/anniversary/AnnualHolidays.java,AnnualHolidays,org.joda.time.contrib.holiday.anniversary
addFactory,repos/Time-27f/JodaTimeContrib/holiday/src/java/org/joda/time/contrib/holiday/anniversary/AnnualHolidays.java,AnnualHolidays,org.joda.time.contrib.holiday.anniversary
getHolidaysForYear,repos/Time-27f/JodaTimeContrib/holiday/src/java/org/joda/time/contrib/holiday/anniversary/AnnualHolidays.java,AnnualHolidays,org.joda.time.contrib.holiday.anniversary
getApproxPeriod,repos/Time-27f/JodaTimeContrib/holiday/src/java/org/joda/time/contrib/holiday/anniversary/TimeUtility.java,TimeUtility,org.joda.time.contrib.holiday.anniversary
getApproxMillis,repos/Time-27f/JodaTimeContrib/holiday/src/java/org/joda/time/contrib/holiday/anniversary/TimeUtility.java,TimeUtility,org.joda.time.contrib.holiday.anniversary
GetFirstXWeekdayOfMonth,repos/Time-27f/JodaTimeContrib/holiday/src/java/org/joda/time/contrib/holiday/anniversary/TimeUtility.java,TimeUtility,org.joda.time.contrib.holiday.anniversary
GetLastXWeekdayOfMonth,repos/Time-27f/JodaTimeContrib/holiday/src/java/org/joda/time/contrib/holiday/anniversary/TimeUtility.java,TimeUtility,org.joda.time.contrib.holiday.anniversary
GetFirstXWeekdayOfMonthAfterYMonthday,repos/Time-27f/JodaTimeContrib/holiday/src/java/org/joda/time/contrib/holiday/anniversary/TimeUtility.java,TimeUtility,org.joda.time.contrib.holiday.anniversary
GetLastXWeekdayOfMonthBeforeYMonthday,repos/Time-27f/JodaTimeContrib/holiday/src/java/org/joda/time/contrib/holiday/anniversary/TimeUtility.java,TimeUtility,org.joda.time.contrib.holiday.anniversary
AdjustAmericanHolidayForWeekend,repos/Time-27f/JodaTimeContrib/holiday/src/java/org/joda/time/contrib/holiday/anniversary/TimeUtility.java,TimeUtility,org.joda.time.contrib.holiday.anniversary
AdjustCanadianHolidayForWeekend,repos/Time-27f/JodaTimeContrib/holiday/src/java/org/joda/time/contrib/holiday/anniversary/TimeUtility.java,TimeUtility,org.joda.time.contrib.holiday.anniversary
getID,repos/Time-27f/JodaTimeContrib/holiday/src/java/org/joda/time/contrib/holiday/Holiday.java,Holiday,org.joda.time.contrib.holiday
getName,repos/Time-27f/JodaTimeContrib/holiday/src/java/org/joda/time/contrib/holiday/Holiday.java,Holiday,org.joda.time.contrib.holiday
yearMonthDayForYear,repos/Time-27f/JodaTimeContrib/holiday/src/java/org/joda/time/contrib/holiday/Holiday.java,Holiday,org.joda.time.contrib.holiday
getFromYear,repos/Time-27f/JodaTimeContrib/holiday/src/java/org/joda/time/contrib/holiday/HolidayRule.java,HolidayRule,org.joda.time.contrib.holiday
setFromYear,repos/Time-27f/JodaTimeContrib/holiday/src/java/org/joda/time/contrib/holiday/HolidayRule.java,HolidayRule,org.joda.time.contrib.holiday
getToYear,repos/Time-27f/JodaTimeContrib/holiday/src/java/org/joda/time/contrib/holiday/HolidayRule.java,HolidayRule,org.joda.time.contrib.holiday
setToYear,repos/Time-27f/JodaTimeContrib/holiday/src/java/org/joda/time/contrib/holiday/HolidayRule.java,HolidayRule,org.joda.time.contrib.holiday
getMonthOfYear,repos/Time-27f/JodaTimeContrib/holiday/src/java/org/joda/time/contrib/holiday/HolidayRule.java,HolidayRule,org.joda.time.contrib.holiday
getDayOfMonth,repos/Time-27f/JodaTimeContrib/holiday/src/java/org/joda/time/contrib/holiday/HolidayRule.java,HolidayRule,org.joda.time.contrib.holiday
getDayOfWeek,repos/Time-27f/JodaTimeContrib/holiday/src/java/org/joda/time/contrib/holiday/HolidayRule.java,HolidayRule,org.joda.time.contrib.holiday
getWeekOfMonth,repos/Time-27f/JodaTimeContrib/holiday/src/java/org/joda/time/contrib/holiday/HolidayRule.java,HolidayRule,org.joda.time.contrib.holiday
getRelativeDays,repos/Time-27f/JodaTimeContrib/holiday/src/java/org/joda/time/contrib/holiday/HolidayRule.java,HolidayRule,org.joda.time.contrib.holiday
getWeekendAdjust,repos/Time-27f/JodaTimeContrib/holiday/src/java/org/joda/time/contrib/holiday/HolidayRule.java,HolidayRule,org.joda.time.contrib.holiday
appliesForYear,repos/Time-27f/JodaTimeContrib/holiday/src/java/org/joda/time/contrib/holiday/HolidayRule.java,HolidayRule,org.joda.time.contrib.holiday
applyForYear,repos/Time-27f/JodaTimeContrib/holiday/src/java/org/joda/time/contrib/holiday/HolidayRule.java,HolidayRule,org.joda.time.contrib.holiday
calculateWeekOfMonth,repos/Time-27f/JodaTimeContrib/holiday/src/java/org/joda/time/contrib/holiday/HolidayRule.java,HolidayRule,org.joda.time.contrib.holiday
calculateWeekendAdjust,repos/Time-27f/JodaTimeContrib/holiday/src/java/org/joda/time/contrib/holiday/HolidayRule.java,HolidayRule,org.joda.time.contrib.holiday
choiceClass,repos/Time-27f/JodaTimeContrib/holiday/src/java/org/joda/time/contrib/holiday/currency/CurrencyHoliday.java,CcyHoli,org.joda.time.contrib.holiday.currency
choiceList,repos/Time-27f/JodaTimeContrib/holiday/src/java/org/joda/time/contrib/holiday/currency/CurrencyHoliday.java,CcyHoli,org.joda.time.contrib.holiday.currency
getLabel,repos/Time-27f/JodaTimeContrib/holiday/src/java/org/joda/time/contrib/holiday/currency/CurrencyHoliday.java,CcyHoli,org.joda.time.contrib.holiday.currency
date,repos/Time-27f/JodaTimeContrib/holiday/src/java/org/joda/time/contrib/holiday/currency/CurrencyHoliday.java,CcyHoli,org.joda.time.contrib.holiday.currency
dates,repos/Time-27f/JodaTimeContrib/holiday/src/java/org/joda/time/contrib/holiday/currency/CurrencyHoliday.java,CcyHoli,org.joda.time.contrib.holiday.currency
currencies,repos/Time-27f/JodaTimeContrib/holiday/src/java/org/joda/time/contrib/holiday/currency/CurrencyHoliday.java,CurrencyHoliday,org.joda.time.contrib.holiday.currency
holidays,repos/Time-27f/JodaTimeContrib/holiday/src/java/org/joda/time/contrib/holiday/currency/CurrencyHoliday.java,CurrencyHoliday,org.joda.time.contrib.holiday.currency
print,repos/Time-27f/JodaTimeContrib/holiday/src/java/org/joda/time/contrib/holiday/currency/CurrencyHoliday.java,CurrencyHoliday,org.joda.time.contrib.holiday.currency
addHoliday,repos/Time-27f/JodaTimeContrib/holiday/src/java/org/joda/time/contrib/holiday/currency/CurrencyHoliday.java,CurrencyHoliday,org.joda.time.contrib.holiday.currency
addHoliday,repos/Time-27f/JodaTimeContrib/holiday/src/java/org/joda/time/contrib/holiday/currency/CurrencyHoliday.java,CurrencyHoliday,org.joda.time.contrib.holiday.currency
putHoliday,repos/Time-27f/JodaTimeContrib/holiday/src/java/org/joda/time/contrib/holiday/currency/CurrencyHoliday.java,CurrencyHoliday,org.joda.time.contrib.holiday.currency
choiceClass,repos/Time-27f/JodaTimeContrib/holiday/src/java/org/joda/time/contrib/holiday/currency/AbstractChoice.java,AbstractChoice,org.joda.time.contrib.holiday.currency
choiceList,repos/Time-27f/JodaTimeContrib/holiday/src/java/org/joda/time/contrib/holiday/currency/AbstractChoice.java,AbstractChoice,org.joda.time.contrib.holiday.currency
getLabel,repos/Time-27f/JodaTimeContrib/holiday/src/java/org/joda/time/contrib/holiday/currency/AbstractChoice.java,AbstractChoice,org.joda.time.contrib.holiday.currency
getLabel,repos/Time-27f/JodaTimeContrib/holiday/src/java/org/joda/time/contrib/holiday/currency/Choice.java,Choice,org.joda.time.contrib.holiday.currency
choiceList,repos/Time-27f/JodaTimeContrib/holiday/src/java/org/joda/time/contrib/holiday/currency/Choice.java,Choice,org.joda.time.contrib.holiday.currency
choiceClass,repos/Time-27f/JodaTimeContrib/holiday/src/java/org/joda/time/contrib/holiday/currency/Choice.java,Choice,org.joda.time.contrib.holiday.currency
date,repos/Time-27f/JodaTimeContrib/holiday/src/java/org/joda/time/contrib/holiday/currency/DateFactory.java,DateFactory,org.joda.time.contrib.holiday.currency
choiceList,repos/Time-27f/JodaTimeContrib/holiday/src/java/org/joda/time/contrib/holiday/currency/ChoiceList.java,ChoiceList,org.joda.time.contrib.holiday.currency
choice,repos/Time-27f/JodaTimeContrib/holiday/src/java/org/joda/time/contrib/holiday/currency/ChoiceList.java,ChoiceList,org.joda.time.contrib.holiday.currency
choiceClass,repos/Time-27f/JodaTimeContrib/holiday/src/java/org/joda/time/contrib/holiday/currency/ChoiceList.java,ChoiceList,org.joda.time.contrib.holiday.currency
date,repos/Time-27f/JodaTimeContrib/holiday/src/java/org/joda/time/contrib/holiday/currency/RawHolidayChoice.java,RawHolidayChoice,org.joda.time.contrib.holiday.currency
dates,repos/Time-27f/JodaTimeContrib/holiday/src/java/org/joda/time/contrib/holiday/currency/RawHolidayChoice.java,RawHolidayChoice,org.joda.time.contrib.holiday.currency
isLeapYear,repos/Time-27f/JodaTimeContrib/holiday/src/java/org/joda/time/contrib/holiday/currency/DateUtil.java,DateUtil,org.joda.time.contrib.holiday.currency
addDays,repos/Time-27f/JodaTimeContrib/holiday/src/java/org/joda/time/contrib/holiday/currency/Date.java,Date,org.joda.time.contrib.holiday.currency
weekday,repos/Time-27f/JodaTimeContrib/holiday/src/java/org/joda/time/contrib/holiday/currency/Date.java,Date,org.joda.time.contrib.holiday.currency
nextWeekday,repos/Time-27f/JodaTimeContrib/holiday/src/java/org/joda/time/contrib/holiday/currency/Date.java,Date,org.joda.time.contrib.holiday.currency
dates,repos/Time-27f/JodaTimeContrib/holiday/src/java/org/joda/time/contrib/holiday/currency/RawHolidayChoiceImpl.java,AbstractHoliday,org.joda.time.contrib.holiday.currency
date,repos/Time-27f/JodaTimeContrib/holiday/src/java/org/joda/time/contrib/holiday/currency/RawHolidayChoiceImpl.java,HolidayEaster,org.joda.time.contrib.holiday.currency
date,repos/Time-27f/JodaTimeContrib/holiday/src/java/org/joda/time/contrib/holiday/currency/RawHolidayChoiceImpl.java,HolidayEquinox,org.joda.time.contrib.holiday.currency
date,repos/Time-27f/JodaTimeContrib/holiday/src/java/org/joda/time/contrib/holiday/currency/RawHolidayChoiceImpl.java,HolidayIslamic,org.joda.time.contrib.holiday.currency
date,repos/Time-27f/JodaTimeContrib/holiday/src/java/org/joda/time/contrib/holiday/currency/RawHolidayChoiceImpl.java,HolidayLunar,org.joda.time.contrib.holiday.currency
date,repos/Time-27f/JodaTimeContrib/holiday/src/java/org/joda/time/contrib/holiday/currency/RawHolidayChoiceImpl.java,HolidayMonthDay,org.joda.time.contrib.holiday.currency
date,repos/Time-27f/JodaTimeContrib/holiday/src/java/org/joda/time/contrib/holiday/currency/RawHolidayChoiceImpl.java,HolidayWeekday,org.joda.time.contrib.holiday.currency
klass,repos/Time-27f/JodaTimeContrib/holiday/src/java/org/joda/time/contrib/holiday/currency/RawHolidayChoiceImpl.java,RawHolidayChoiceImpl,org.joda.time.contrib.holiday.currency
choices,repos/Time-27f/JodaTimeContrib/holiday/src/java/org/joda/time/contrib/holiday/currency/RawHolidayChoiceImpl.java,RawHolidayChoiceImpl,org.joda.time.contrib.holiday.currency
buildFactories,repos/Time-27f/JodaTimeContrib/holiday/src/java/org/joda/time/contrib/holiday/USGovtHolidays.java,USGovtHolidays,org.joda.time.contrib.holiday
clear,repos/Time-27f/JodaTimeContrib/gwt/src/main/gwt-emul/org/joda/time/emul/org/joda/time/MutablePeriod.java,MutablePeriod,org.joda.time
setValue,repos/Time-27f/JodaTimeContrib/gwt/src/main/gwt-emul/org/joda/time/emul/org/joda/time/MutablePeriod.java,MutablePeriod,org.joda.time
set,repos/Time-27f/JodaTimeContrib/gwt/src/main/gwt-emul/org/joda/time/emul/org/joda/time/MutablePeriod.java,MutablePeriod,org.joda.time
setPeriod,repos/Time-27f/JodaTimeContrib/gwt/src/main/gwt-emul/org/joda/time/emul/org/joda/time/MutablePeriod.java,MutablePeriod,org.joda.time
setPeriod,repos/Time-27f/JodaTimeContrib/gwt/src/main/gwt-emul/org/joda/time/emul/org/joda/time/MutablePeriod.java,MutablePeriod,org.joda.time
setPeriod,repos/Time-27f/JodaTimeContrib/gwt/src/main/gwt-emul/org/joda/time/emul/org/joda/time/MutablePeriod.java,MutablePeriod,org.joda.time
setPeriod,repos/Time-27f/JodaTimeContrib/gwt/src/main/gwt-emul/org/joda/time/emul/org/joda/time/MutablePeriod.java,MutablePeriod,org.joda.time
setPeriod,repos/Time-27f/JodaTimeContrib/gwt/src/main/gwt-emul/org/joda/time/emul/org/joda/time/MutablePeriod.java,MutablePeriod,org.joda.time
setPeriod,repos/Time-27f/JodaTimeContrib/gwt/src/main/gwt-emul/org/joda/time/emul/org/joda/time/MutablePeriod.java,MutablePeriod,org.joda.time
setPeriod,repos/Time-27f/JodaTimeContrib/gwt/src/main/gwt-emul/org/joda/time/emul/org/joda/time/MutablePeriod.java,MutablePeriod,org.joda.time
setPeriod,repos/Time-27f/JodaTimeContrib/gwt/src/main/gwt-emul/org/joda/time/emul/org/joda/time/MutablePeriod.java,MutablePeriod,org.joda.time
setPeriod,repos/Time-27f/JodaTimeContrib/gwt/src/main/gwt-emul/org/joda/time/emul/org/joda/time/MutablePeriod.java,MutablePeriod,org.joda.time
setPeriod,repos/Time-27f/JodaTimeContrib/gwt/src/main/gwt-emul/org/joda/time/emul/org/joda/time/MutablePeriod.java,MutablePeriod,org.joda.time
add,repos/Time-27f/JodaTimeContrib/gwt/src/main/gwt-emul/org/joda/time/emul/org/joda/time/MutablePeriod.java,MutablePeriod,org.joda.time
add,repos/Time-27f/JodaTimeContrib/gwt/src/main/gwt-emul/org/joda/time/emul/org/joda/time/MutablePeriod.java,MutablePeriod,org.joda.time
add,repos/Time-27f/JodaTimeContrib/gwt/src/main/gwt-emul/org/joda/time/emul/org/joda/time/MutablePeriod.java,MutablePeriod,org.joda.time
add,repos/Time-27f/JodaTimeContrib/gwt/src/main/gwt-emul/org/joda/time/emul/org/joda/time/MutablePeriod.java,MutablePeriod,org.joda.time
add,repos/Time-27f/JodaTimeContrib/gwt/src/main/gwt-emul/org/joda/time/emul/org/joda/time/MutablePeriod.java,MutablePeriod,org.joda.time
add,repos/Time-27f/JodaTimeContrib/gwt/src/main/gwt-emul/org/joda/time/emul/org/joda/time/MutablePeriod.java,MutablePeriod,org.joda.time
add,repos/Time-27f/JodaTimeContrib/gwt/src/main/gwt-emul/org/joda/time/emul/org/joda/time/MutablePeriod.java,MutablePeriod,org.joda.time
mergePeriod,repos/Time-27f/JodaTimeContrib/gwt/src/main/gwt-emul/org/joda/time/emul/org/joda/time/MutablePeriod.java,MutablePeriod,org.joda.time
getYears,repos/Time-27f/JodaTimeContrib/gwt/src/main/gwt-emul/org/joda/time/emul/org/joda/time/MutablePeriod.java,MutablePeriod,org.joda.time
getMonths,repos/Time-27f/JodaTimeContrib/gwt/src/main/gwt-emul/org/joda/time/emul/org/joda/time/MutablePeriod.java,MutablePeriod,org.joda.time
getWeeks,repos/Time-27f/JodaTimeContrib/gwt/src/main/gwt-emul/org/joda/time/emul/org/joda/time/MutablePeriod.java,MutablePeriod,org.joda.time
getDays,repos/Time-27f/JodaTimeContrib/gwt/src/main/gwt-emul/org/joda/time/emul/org/joda/time/MutablePeriod.java,MutablePeriod,org.joda.time
getHours,repos/Time-27f/JodaTimeContrib/gwt/src/main/gwt-emul/org/joda/time/emul/org/joda/time/MutablePeriod.java,MutablePeriod,org.joda.time
getMinutes,repos/Time-27f/JodaTimeContrib/gwt/src/main/gwt-emul/org/joda/time/emul/org/joda/time/MutablePeriod.java,MutablePeriod,org.joda.time
getSeconds,repos/Time-27f/JodaTimeContrib/gwt/src/main/gwt-emul/org/joda/time/emul/org/joda/time/MutablePeriod.java,MutablePeriod,org.joda.time
getMillis,repos/Time-27f/JodaTimeContrib/gwt/src/main/gwt-emul/org/joda/time/emul/org/joda/time/MutablePeriod.java,MutablePeriod,org.joda.time
setYears,repos/Time-27f/JodaTimeContrib/gwt/src/main/gwt-emul/org/joda/time/emul/org/joda/time/MutablePeriod.java,MutablePeriod,org.joda.time
addYears,repos/Time-27f/JodaTimeContrib/gwt/src/main/gwt-emul/org/joda/time/emul/org/joda/time/MutablePeriod.java,MutablePeriod,org.joda.time
setMonths,repos/Time-27f/JodaTimeContrib/gwt/src/main/gwt-emul/org/joda/time/emul/org/joda/time/MutablePeriod.java,MutablePeriod,org.joda.time
addMonths,repos/Time-27f/JodaTimeContrib/gwt/src/main/gwt-emul/org/joda/time/emul/org/joda/time/MutablePeriod.java,MutablePeriod,org.joda.time
setWeeks,repos/Time-27f/JodaTimeContrib/gwt/src/main/gwt-emul/org/joda/time/emul/org/joda/time/MutablePeriod.java,MutablePeriod,org.joda.time
addWeeks,repos/Time-27f/JodaTimeContrib/gwt/src/main/gwt-emul/org/joda/time/emul/org/joda/time/MutablePeriod.java,MutablePeriod,org.joda.time
setDays,repos/Time-27f/JodaTimeContrib/gwt/src/main/gwt-emul/org/joda/time/emul/org/joda/time/MutablePeriod.java,MutablePeriod,org.joda.time
addDays,repos/Time-27f/JodaTimeContrib/gwt/src/main/gwt-emul/org/joda/time/emul/org/joda/time/MutablePeriod.java,MutablePeriod,org.joda.time
setHours,repos/Time-27f/JodaTimeContrib/gwt/src/main/gwt-emul/org/joda/time/emul/org/joda/time/MutablePeriod.java,MutablePeriod,org.joda.time
addHours,repos/Time-27f/JodaTimeContrib/gwt/src/main/gwt-emul/org/joda/time/emul/org/joda/time/MutablePeriod.java,MutablePeriod,org.joda.time
setMinutes,repos/Time-27f/JodaTimeContrib/gwt/src/main/gwt-emul/org/joda/time/emul/org/joda/time/MutablePeriod.java,MutablePeriod,org.joda.time
addMinutes,repos/Time-27f/JodaTimeContrib/gwt/src/main/gwt-emul/org/joda/time/emul/org/joda/time/MutablePeriod.java,MutablePeriod,org.joda.time
setSeconds,repos/Time-27f/JodaTimeContrib/gwt/src/main/gwt-emul/org/joda/time/emul/org/joda/time/MutablePeriod.java,MutablePeriod,org.joda.time
addSeconds,repos/Time-27f/JodaTimeContrib/gwt/src/main/gwt-emul/org/joda/time/emul/org/joda/time/MutablePeriod.java,MutablePeriod,org.joda.time
setMillis,repos/Time-27f/JodaTimeContrib/gwt/src/main/gwt-emul/org/joda/time/emul/org/joda/time/MutablePeriod.java,MutablePeriod,org.joda.time
addMillis,repos/Time-27f/JodaTimeContrib/gwt/src/main/gwt-emul/org/joda/time/emul/org/joda/time/MutablePeriod.java,MutablePeriod,org.joda.time
copy,repos/Time-27f/JodaTimeContrib/gwt/src/main/gwt-emul/org/joda/time/emul/org/joda/time/MutablePeriod.java,MutablePeriod,org.joda.time
clone,repos/Time-27f/JodaTimeContrib/gwt/src/main/gwt-emul/org/joda/time/emul/org/joda/time/MutablePeriod.java,MutablePeriod,org.joda.time
minutes,repos/Time-27f/JodaTimeContrib/gwt/src/main/gwt-emul/org/joda/time/emul/org/joda/time/Minutes.java,Minutes,org.joda.time
minutesBetween,repos/Time-27f/JodaTimeContrib/gwt/src/main/gwt-emul/org/joda/time/emul/org/joda/time/Minutes.java,Minutes,org.joda.time
minutesBetween,repos/Time-27f/JodaTimeContrib/gwt/src/main/gwt-emul/org/joda/time/emul/org/joda/time/Minutes.java,Minutes,org.joda.time
minutesIn,repos/Time-27f/JodaTimeContrib/gwt/src/main/gwt-emul/org/joda/time/emul/org/joda/time/Minutes.java,Minutes,org.joda.time
standardMinutesIn,repos/Time-27f/JodaTimeContrib/gwt/src/main/gwt-emul/org/joda/time/emul/org/joda/time/Minutes.java,Minutes,org.joda.time
parseMinutes,repos/Time-27f/JodaTimeContrib/gwt/src/main/gwt-emul/org/joda/time/emul/org/joda/time/Minutes.java,Minutes,org.joda.time
readResolve,repos/Time-27f/JodaTimeContrib/gwt/src/main/gwt-emul/org/joda/time/emul/org/joda/time/Minutes.java,Minutes,org.joda.time
getFieldType,repos/Time-27f/JodaTimeContrib/gwt/src/main/gwt-emul/org/joda/time/emul/org/joda/time/Minutes.java,Minutes,org.joda.time
getPeriodType,repos/Time-27f/JodaTimeContrib/gwt/src/main/gwt-emul/org/joda/time/emul/org/joda/time/Minutes.java,Minutes,org.joda.time
toStandardWeeks,repos/Time-27f/JodaTimeContrib/gwt/src/main/gwt-emul/org/joda/time/emul/org/joda/time/Minutes.java,Minutes,org.joda.time
toStandardDays,repos/Time-27f/JodaTimeContrib/gwt/src/main/gwt-emul/org/joda/time/emul/org/joda/time/Minutes.java,Minutes,org.joda.time
toStandardHours,repos/Time-27f/JodaTimeContrib/gwt/src/main/gwt-emul/org/joda/time/emul/org/joda/time/Minutes.java,Minutes,org.joda.time
toStandardSeconds,repos/Time-27f/JodaTimeContrib/gwt/src/main/gwt-emul/org/joda/time/emul/org/joda/time/Minutes.java,Minutes,org.joda.time
toStandardDuration,repos/Time-27f/JodaTimeContrib/gwt/src/main/gwt-emul/org/joda/time/emul/org/joda/time/Minutes.java,Minutes,org.joda.time
getMinutes,repos/Time-27f/JodaTimeContrib/gwt/src/main/gwt-emul/org/joda/time/emul/org/joda/time/Minutes.java,Minutes,org.joda.time
plus,repos/Time-27f/JodaTimeContrib/gwt/src/main/gwt-emul/org/joda/time/emul/org/joda/time/Minutes.java,Minutes,org.joda.time
plus,repos/Time-27f/JodaTimeContrib/gwt/src/main/gwt-emul/org/joda/time/emul/org/joda/time/Minutes.java,Minutes,org.joda.time
minus,repos/Time-27f/JodaTimeContrib/gwt/src/main/gwt-emul/org/joda/time/emul/org/joda/time/Minutes.java,Minutes,org.joda.time
minus,repos/Time-27f/JodaTimeContrib/gwt/src/main/gwt-emul/org/joda/time/emul/org/joda/time/Minutes.java,Minutes,org.joda.time
multipliedBy,repos/Time-27f/JodaTimeContrib/gwt/src/main/gwt-emul/org/joda/time/emul/org/joda/time/Minutes.java,Minutes,org.joda.time
dividedBy,repos/Time-27f/JodaTimeContrib/gwt/src/main/gwt-emul/org/joda/time/emul/org/joda/time/Minutes.java,Minutes,org.joda.time
negated,repos/Time-27f/JodaTimeContrib/gwt/src/main/gwt-emul/org/joda/time/emul/org/joda/time/Minutes.java,Minutes,org.joda.time
isGreaterThan,repos/Time-27f/JodaTimeContrib/gwt/src/main/gwt-emul/org/joda/time/emul/org/joda/time/Minutes.java,Minutes,org.joda.time
isLessThan,repos/Time-27f/JodaTimeContrib/gwt/src/main/gwt-emul/org/joda/time/emul/org/joda/time/Minutes.java,Minutes,org.joda.time
toString,repos/Time-27f/JodaTimeContrib/gwt/src/main/gwt-emul/org/joda/time/emul/org/joda/time/Minutes.java,Minutes,org.joda.time
setInterval,repos/Time-27f/JodaTimeContrib/gwt/src/main/gwt-emul/org/joda/time/emul/org/joda/time/MutableInterval.java,MutableInterval,org.joda.time
setInterval,repos/Time-27f/JodaTimeContrib/gwt/src/main/gwt-emul/org/joda/time/emul/org/joda/time/MutableInterval.java,MutableInterval,org.joda.time
setInterval,repos/Time-27f/JodaTimeContrib/gwt/src/main/gwt-emul/org/joda/time/emul/org/joda/time/MutableInterval.java,MutableInterval,org.joda.time
setChronology,repos/Time-27f/JodaTimeContrib/gwt/src/main/gwt-emul/org/joda/time/emul/org/joda/time/MutableInterval.java,MutableInterval,org.joda.time
setStartMillis,repos/Time-27f/JodaTimeContrib/gwt/src/main/gwt-emul/org/joda/time/emul/org/joda/time/MutableInterval.java,MutableInterval,org.joda.time
setStart,repos/Time-27f/JodaTimeContrib/gwt/src/main/gwt-emul/org/joda/time/emul/org/joda/time/MutableInterval.java,MutableInterval,org.joda.time
setEndMillis,repos/Time-27f/JodaTimeContrib/gwt/src/main/gwt-emul/org/joda/time/emul/org/joda/time/MutableInterval.java,MutableInterval,org.joda.time
setEnd,repos/Time-27f/JodaTimeContrib/gwt/src/main/gwt-emul/org/joda/time/emul/org/joda/time/MutableInterval.java,MutableInterval,org.joda.time
setDurationAfterStart,repos/Time-27f/JodaTimeContrib/gwt/src/main/gwt-emul/org/joda/time/emul/org/joda/time/MutableInterval.java,MutableInterval,org.joda.time
setDurationBeforeEnd,repos/Time-27f/JodaTimeContrib/gwt/src/main/gwt-emul/org/joda/time/emul/org/joda/time/MutableInterval.java,MutableInterval,org.joda.time
setDurationAfterStart,repos/Time-27f/JodaTimeContrib/gwt/src/main/gwt-emul/org/joda/time/emul/org/joda/time/MutableInterval.java,MutableInterval,org.joda.time
setDurationBeforeEnd,repos/Time-27f/JodaTimeContrib/gwt/src/main/gwt-emul/org/joda/time/emul/org/joda/time/MutableInterval.java,MutableInterval,org.joda.time
setPeriodAfterStart,repos/Time-27f/JodaTimeContrib/gwt/src/main/gwt-emul/org/joda/time/emul/org/joda/time/MutableInterval.java,MutableInterval,org.joda.time
setPeriodBeforeEnd,repos/Time-27f/JodaTimeContrib/gwt/src/main/gwt-emul/org/joda/time/emul/org/joda/time/MutableInterval.java,MutableInterval,org.joda.time
copy,repos/Time-27f/JodaTimeContrib/gwt/src/main/gwt-emul/org/joda/time/emul/org/joda/time/MutableInterval.java,MutableInterval,org.joda.time
clone,repos/Time-27f/JodaTimeContrib/gwt/src/main/gwt-emul/org/joda/time/emul/org/joda/time/MutableInterval.java,MutableInterval,org.joda.time
size,repos/Time-27f/JodaTimeContrib/gwt/src/main/gwt-emul/org/joda/time/emul/org/joda/time/Partial.java,Partial,org.joda.time
getChronology,repos/Time-27f/JodaTimeContrib/gwt/src/main/gwt-emul/org/joda/time/emul/org/joda/time/Partial.java,Partial,org.joda.time
getField,repos/Time-27f/JodaTimeContrib/gwt/src/main/gwt-emul/org/joda/time/emul/org/joda/time/Partial.java,Partial,org.joda.time
getFieldType,repos/Time-27f/JodaTimeContrib/gwt/src/main/gwt-emul/org/joda/time/emul/org/joda/time/Partial.java,Partial,org.joda.time
getFieldTypes,repos/Time-27f/JodaTimeContrib/gwt/src/main/gwt-emul/org/joda/time/emul/org/joda/time/Partial.java,Partial,org.joda.time
getValue,repos/Time-27f/JodaTimeContrib/gwt/src/main/gwt-emul/org/joda/time/emul/org/joda/time/Partial.java,Partial,org.joda.time
getValues,repos/Time-27f/JodaTimeContrib/gwt/src/main/gwt-emul/org/joda/time/emul/org/joda/time/Partial.java,Partial,org.joda.time
withChronologyRetainFields,repos/Time-27f/JodaTimeContrib/gwt/src/main/gwt-emul/org/joda/time/emul/org/joda/time/Partial.java,Partial,org.joda.time
with,repos/Time-27f/JodaTimeContrib/gwt/src/main/gwt-emul/org/joda/time/emul/org/joda/time/Partial.java,Partial,org.joda.time
without,repos/Time-27f/JodaTimeContrib/gwt/src/main/gwt-emul/org/joda/time/emul/org/joda/time/Partial.java,Partial,org.joda.time
withField,repos/Time-27f/JodaTimeContrib/gwt/src/main/gwt-emul/org/joda/time/emul/org/joda/time/Partial.java,Partial,org.joda.time
withFieldAdded,repos/Time-27f/JodaTimeContrib/gwt/src/main/gwt-emul/org/joda/time/emul/org/joda/time/Partial.java,Partial,org.joda.time
withFieldAddWrapped,repos/Time-27f/JodaTimeContrib/gwt/src/main/gwt-emul/org/joda/time/emul/org/joda/time/Partial.java,Partial,org.joda.time
withPeriodAdded,repos/Time-27f/JodaTimeContrib/gwt/src/main/gwt-emul/org/joda/time/emul/org/joda/time/Partial.java,Partial,org.joda.time
plus,repos/Time-27f/JodaTimeContrib/gwt/src/main/gwt-emul/org/joda/time/emul/org/joda/time/Partial.java,Partial,org.joda.time
minus,repos/Time-27f/JodaTimeContrib/gwt/src/main/gwt-emul/org/joda/time/emul/org/joda/time/Partial.java,Partial,org.joda.time
property,repos/Time-27f/JodaTimeContrib/gwt/src/main/gwt-emul/org/joda/time/emul/org/joda/time/Partial.java,Partial,org.joda.time
isMatch,repos/Time-27f/JodaTimeContrib/gwt/src/main/gwt-emul/org/joda/time/emul/org/joda/time/Partial.java,Partial,org.joda.time
isMatch,repos/Time-27f/JodaTimeContrib/gwt/src/main/gwt-emul/org/joda/time/emul/org/joda/time/Partial.java,Partial,org.joda.time
getFormatter,repos/Time-27f/JodaTimeContrib/gwt/src/main/gwt-emul/org/joda/time/emul/org/joda/time/Partial.java,Partial,org.joda.time
toString,repos/Time-27f/JodaTimeContrib/gwt/src/main/gwt-emul/org/joda/time/emul/org/joda/time/Partial.java,Partial,org.joda.time
toStringList,repos/Time-27f/JodaTimeContrib/gwt/src/main/gwt-emul/org/joda/time/emul/org/joda/time/Partial.java,Partial,org.joda.time
toString,repos/Time-27f/JodaTimeContrib/gwt/src/main/gwt-emul/org/joda/time/emul/org/joda/time/Partial.java,Partial,org.joda.time
toString,repos/Time-27f/JodaTimeContrib/gwt/src/main/gwt-emul/org/joda/time/emul/org/joda/time/Partial.java,Partial,org.joda.time
getField,repos/Time-27f/JodaTimeContrib/gwt/src/main/gwt-emul/org/joda/time/emul/org/joda/time/Partial.java,Partial,org.joda.time
getReadablePartial,repos/Time-27f/JodaTimeContrib/gwt/src/main/gwt-emul/org/joda/time/emul/org/joda/time/Partial.java,Partial,org.joda.time
getPartial,repos/Time-27f/JodaTimeContrib/gwt/src/main/gwt-emul/org/joda/time/emul/org/joda/time/Partial.java,Partial,org.joda.time
get,repos/Time-27f/JodaTimeContrib/gwt/src/main/gwt-emul/org/joda/time/emul/org/joda/time/Partial.java,Partial,org.joda.time
addToCopy,repos/Time-27f/JodaTimeContrib/gwt/src/main/gwt-emul/org/joda/time/emul/org/joda/time/Partial.java,Partial,org.joda.time
addWrapFieldToCopy,repos/Time-27f/JodaTimeContrib/gwt/src/main/gwt-emul/org/joda/time/emul/org/joda/time/Partial.java,Partial,org.joda.time
setCopy,repos/Time-27f/JodaTimeContrib/gwt/src/main/gwt-emul/org/joda/time/emul/org/joda/time/Partial.java,Partial,org.joda.time
setCopy,repos/Time-27f/JodaTimeContrib/gwt/src/main/gwt-emul/org/joda/time/emul/org/joda/time/Partial.java,Partial,org.joda.time
setCopy,repos/Time-27f/JodaTimeContrib/gwt/src/main/gwt-emul/org/joda/time/emul/org/joda/time/Partial.java,Partial,org.joda.time
withMaximumValue,repos/Time-27f/JodaTimeContrib/gwt/src/main/gwt-emul/org/joda/time/emul/org/joda/time/Partial.java,Partial,org.joda.time
withMinimumValue,repos/Time-27f/JodaTimeContrib/gwt/src/main/gwt-emul/org/joda/time/emul/org/joda/time/Partial.java,Partial,org.joda.time
getField,repos/Time-27f/JodaTimeContrib/gwt/src/main/gwt-emul/org/joda/time/emul/org/joda/time/Partial.java,Property,org.joda.time
getReadablePartial,repos/Time-27f/JodaTimeContrib/gwt/src/main/gwt-emul/org/joda/time/emul/org/joda/time/Partial.java,Property,org.joda.time
getPartial,repos/Time-27f/JodaTimeContrib/gwt/src/main/gwt-emul/org/joda/time/emul/org/joda/time/Partial.java,Property,org.joda.time
get,repos/Time-27f/JodaTimeContrib/gwt/src/main/gwt-emul/org/joda/time/emul/org/joda/time/Partial.java,Property,org.joda.time
addToCopy,repos/Time-27f/JodaTimeContrib/gwt/src/main/gwt-emul/org/joda/time/emul/org/joda/time/Partial.java,Property,org.joda.time
addWrapFieldToCopy,repos/Time-27f/JodaTimeContrib/gwt/src/main/gwt-emul/org/joda/time/emul/org/joda/time/Partial.java,Property,org.joda.time
setCopy,repos/Time-27f/JodaTimeContrib/gwt/src/main/gwt-emul/org/joda/time/emul/org/joda/time/Partial.java,Property,org.joda.time
setCopy,repos/Time-27f/JodaTimeContrib/gwt/src/main/gwt-emul/org/joda/time/emul/org/joda/time/Partial.java,Property,org.joda.time
setCopy,repos/Time-27f/JodaTimeContrib/gwt/src/main/gwt-emul/org/joda/time/emul/org/joda/time/Partial.java,Property,org.joda.time
withMaximumValue,repos/Time-27f/JodaTimeContrib/gwt/src/main/gwt-emul/org/joda/time/emul/org/joda/time/Partial.java,Property,org.joda.time
withMinimumValue,repos/Time-27f/JodaTimeContrib/gwt/src/main/gwt-emul/org/joda/time/emul/org/joda/time/Partial.java,Property,org.joda.time
forLocale,repos/Time-27f/JodaTimeContrib/gwt/src/main/gwt-emul/org/joda/time/emul/org/joda/time/chrono/GJLocaleSymbols.java,GJLocaleSymbols,org.joda.time.chrono
realignMonths,repos/Time-27f/JodaTimeContrib/gwt/src/main/gwt-emul/org/joda/time/emul/org/joda/time/chrono/GJLocaleSymbols.java,GJLocaleSymbols,org.joda.time.chrono
realignDaysOfWeek,repos/Time-27f/JodaTimeContrib/gwt/src/main/gwt-emul/org/joda/time/emul/org/joda/time/chrono/GJLocaleSymbols.java,GJLocaleSymbols,org.joda.time.chrono
addSymbols,repos/Time-27f/JodaTimeContrib/gwt/src/main/gwt-emul/org/joda/time/emul/org/joda/time/chrono/GJLocaleSymbols.java,GJLocaleSymbols,org.joda.time.chrono
addNumerals,repos/Time-27f/JodaTimeContrib/gwt/src/main/gwt-emul/org/joda/time/emul/org/joda/time/chrono/GJLocaleSymbols.java,GJLocaleSymbols,org.joda.time.chrono
maxLength,repos/Time-27f/JodaTimeContrib/gwt/src/main/gwt-emul/org/joda/time/emul/org/joda/time/chrono/GJLocaleSymbols.java,GJLocaleSymbols,org.joda.time.chrono
eraValueToText,repos/Time-27f/JodaTimeContrib/gwt/src/main/gwt-emul/org/joda/time/emul/org/joda/time/chrono/GJLocaleSymbols.java,GJLocaleSymbols,org.joda.time.chrono
eraTextToValue,repos/Time-27f/JodaTimeContrib/gwt/src/main/gwt-emul/org/joda/time/emul/org/joda/time/chrono/GJLocaleSymbols.java,GJLocaleSymbols,org.joda.time.chrono
getEraMaxTextLength,repos/Time-27f/JodaTimeContrib/gwt/src/main/gwt-emul/org/joda/time/emul/org/joda/time/chrono/GJLocaleSymbols.java,GJLocaleSymbols,org.joda.time.chrono
monthOfYearValueToText,repos/Time-27f/JodaTimeContrib/gwt/src/main/gwt-emul/org/joda/time/emul/org/joda/time/chrono/GJLocaleSymbols.java,GJLocaleSymbols,org.joda.time.chrono
monthOfYearValueToShortText,repos/Time-27f/JodaTimeContrib/gwt/src/main/gwt-emul/org/joda/time/emul/org/joda/time/chrono/GJLocaleSymbols.java,GJLocaleSymbols,org.joda.time.chrono
monthOfYearTextToValue,repos/Time-27f/JodaTimeContrib/gwt/src/main/gwt-emul/org/joda/time/emul/org/joda/time/chrono/GJLocaleSymbols.java,GJLocaleSymbols,org.joda.time.chrono
getMonthMaxTextLength,repos/Time-27f/JodaTimeContrib/gwt/src/main/gwt-emul/org/joda/time/emul/org/joda/time/chrono/GJLocaleSymbols.java,GJLocaleSymbols,org.joda.time.chrono
getMonthMaxShortTextLength,repos/Time-27f/JodaTimeContrib/gwt/src/main/gwt-emul/org/joda/time/emul/org/joda/time/chrono/GJLocaleSymbols.java,GJLocaleSymbols,org.joda.time.chrono
dayOfWeekValueToText,repos/Time-27f/JodaTimeContrib/gwt/src/main/gwt-emul/org/joda/time/emul/org/joda/time/chrono/GJLocaleSymbols.java,GJLocaleSymbols,org.joda.time.chrono
dayOfWeekValueToShortText,repos/Time-27f/JodaTimeContrib/gwt/src/main/gwt-emul/org/joda/time/emul/org/joda/time/chrono/GJLocaleSymbols.java,GJLocaleSymbols,org.joda.time.chrono
dayOfWeekTextToValue,repos/Time-27f/JodaTimeContrib/gwt/src/main/gwt-emul/org/joda/time/emul/org/joda/time/chrono/GJLocaleSymbols.java,GJLocaleSymbols,org.joda.time.chrono
getDayOfWeekMaxTextLength,repos/Time-27f/JodaTimeContrib/gwt/src/main/gwt-emul/org/joda/time/emul/org/joda/time/chrono/GJLocaleSymbols.java,GJLocaleSymbols,org.joda.time.chrono
getDayOfWeekMaxShortTextLength,repos/Time-27f/JodaTimeContrib/gwt/src/main/gwt-emul/org/joda/time/emul/org/joda/time/chrono/GJLocaleSymbols.java,GJLocaleSymbols,org.joda.time.chrono
halfdayValueToText,repos/Time-27f/JodaTimeContrib/gwt/src/main/gwt-emul/org/joda/time/emul/org/joda/time/chrono/GJLocaleSymbols.java,GJLocaleSymbols,org.joda.time.chrono
halfdayTextToValue,repos/Time-27f/JodaTimeContrib/gwt/src/main/gwt-emul/org/joda/time/emul/org/joda/time/chrono/GJLocaleSymbols.java,GJLocaleSymbols,org.joda.time.chrono
getHalfdayMaxTextLength,repos/Time-27f/JodaTimeContrib/gwt/src/main/gwt-emul/org/joda/time/emul/org/joda/time/chrono/GJLocaleSymbols.java,GJLocaleSymbols,org.joda.time.chrono
months,repos/Time-27f/JodaTimeContrib/gwt/src/main/gwt-emul/org/joda/time/emul/org/joda/time/Months.java,Months,org.joda.time
monthsBetween,repos/Time-27f/JodaTimeContrib/gwt/src/main/gwt-emul/org/joda/time/emul/org/joda/time/Months.java,Months,org.joda.time
monthsBetween,repos/Time-27f/JodaTimeContrib/gwt/src/main/gwt-emul/org/joda/time/emul/org/joda/time/Months.java,Months,org.joda.time
monthsIn,repos/Time-27f/JodaTimeContrib/gwt/src/main/gwt-emul/org/joda/time/emul/org/joda/time/Months.java,Months,org.joda.time
parseMonths,repos/Time-27f/JodaTimeContrib/gwt/src/main/gwt-emul/org/joda/time/emul/org/joda/time/Months.java,Months,org.joda.time
readResolve,repos/Time-27f/JodaTimeContrib/gwt/src/main/gwt-emul/org/joda/time/emul/org/joda/time/Months.java,Months,org.joda.time
getFieldType,repos/Time-27f/JodaTimeContrib/gwt/src/main/gwt-emul/org/joda/time/emul/org/joda/time/Months.java,Months,org.joda.time
getPeriodType,repos/Time-27f/JodaTimeContrib/gwt/src/main/gwt-emul/org/joda/time/emul/org/joda/time/Months.java,Months,org.joda.time
getMonths,repos/Time-27f/JodaTimeContrib/gwt/src/main/gwt-emul/org/joda/time/emul/org/joda/time/Months.java,Months,org.joda.time
plus,repos/Time-27f/JodaTimeContrib/gwt/src/main/gwt-emul/org/joda/time/emul/org/joda/time/Months.java,Months,org.joda.time
plus,repos/Time-27f/JodaTimeContrib/gwt/src/main/gwt-emul/org/joda/time/emul/org/joda/time/Months.java,Months,org.joda.time
minus,repos/Time-27f/JodaTimeContrib/gwt/src/main/gwt-emul/org/joda/time/emul/org/joda/time/Months.java,Months,org.joda.time
minus,repos/Time-27f/JodaTimeContrib/gwt/src/main/gwt-emul/org/joda/time/emul/org/joda/time/Months.java,Months,org.joda.time
multipliedBy,repos/Time-27f/JodaTimeContrib/gwt/src/main/gwt-emul/org/joda/time/emul/org/joda/time/Months.java,Months,org.joda.time
dividedBy,repos/Time-27f/JodaTimeContrib/gwt/src/main/gwt-emul/org/joda/time/emul/org/joda/time/Months.java,Months,org.joda.time
negated,repos/Time-27f/JodaTimeContrib/gwt/src/main/gwt-emul/org/joda/time/emul/org/joda/time/Months.java,Months,org.joda.time
isGreaterThan,repos/Time-27f/JodaTimeContrib/gwt/src/main/gwt-emul/org/joda/time/emul/org/joda/time/Months.java,Months,org.joda.time
isLessThan,repos/Time-27f/JodaTimeContrib/gwt/src/main/gwt-emul/org/joda/time/emul/org/joda/time/Months.java,Months,org.joda.time
toString,repos/Time-27f/JodaTimeContrib/gwt/src/main/gwt-emul/org/joda/time/emul/org/joda/time/Months.java,Months,org.joda.time
weeks,repos/Time-27f/JodaTimeContrib/gwt/src/main/gwt-emul/org/joda/time/emul/org/joda/time/Weeks.java,Weeks,org.joda.time
weeksBetween,repos/Time-27f/JodaTimeContrib/gwt/src/main/gwt-emul/org/joda/time/emul/org/joda/time/Weeks.java,Weeks,org.joda.time
weeksBetween,repos/Time-27f/JodaTimeContrib/gwt/src/main/gwt-emul/org/joda/time/emul/org/joda/time/Weeks.java,Weeks,org.joda.time
weeksIn,repos/Time-27f/JodaTimeContrib/gwt/src/main/gwt-emul/org/joda/time/emul/org/joda/time/Weeks.java,Weeks,org.joda.time
standardWeeksIn,repos/Time-27f/JodaTimeContrib/gwt/src/main/gwt-emul/org/joda/time/emul/org/joda/time/Weeks.java,Weeks,org.joda.time
parseWeeks,repos/Time-27f/JodaTimeContrib/gwt/src/main/gwt-emul/org/joda/time/emul/org/joda/time/Weeks.java,Weeks,org.joda.time
readResolve,repos/Time-27f/JodaTimeContrib/gwt/src/main/gwt-emul/org/joda/time/emul/org/joda/time/Weeks.java,Weeks,org.joda.time
getFieldType,repos/Time-27f/JodaTimeContrib/gwt/src/main/gwt-emul/org/joda/time/emul/org/joda/time/Weeks.java,Weeks,org.joda.time
getPeriodType,repos/Time-27f/JodaTimeContrib/gwt/src/main/gwt-emul/org/joda/time/emul/org/joda/time/Weeks.java,Weeks,org.joda.time
toStandardDays,repos/Time-27f/JodaTimeContrib/gwt/src/main/gwt-emul/org/joda/time/emul/org/joda/time/Weeks.java,Weeks,org.joda.time
toStandardHours,repos/Time-27f/JodaTimeContrib/gwt/src/main/gwt-emul/org/joda/time/emul/org/joda/time/Weeks.java,Weeks,org.joda.time
toStandardMinutes,repos/Time-27f/JodaTimeContrib/gwt/src/main/gwt-emul/org/joda/time/emul/org/joda/time/Weeks.java,Weeks,org.joda.time
toStandardSeconds,repos/Time-27f/JodaTimeContrib/gwt/src/main/gwt-emul/org/joda/time/emul/org/joda/time/Weeks.java,Weeks,org.joda.time
toStandardDuration,repos/Time-27f/JodaTimeContrib/gwt/src/main/gwt-emul/org/joda/time/emul/org/joda/time/Weeks.java,Weeks,org.joda.time
getWeeks,repos/Time-27f/JodaTimeContrib/gwt/src/main/gwt-emul/org/joda/time/emul/org/joda/time/Weeks.java,Weeks,org.joda.time
plus,repos/Time-27f/JodaTimeContrib/gwt/src/main/gwt-emul/org/joda/time/emul/org/joda/time/Weeks.java,Weeks,org.joda.time
plus,repos/Time-27f/JodaTimeContrib/gwt/src/main/gwt-emul/org/joda/time/emul/org/joda/time/Weeks.java,Weeks,org.joda.time
minus,repos/Time-27f/JodaTimeContrib/gwt/src/main/gwt-emul/org/joda/time/emul/org/joda/time/Weeks.java,Weeks,org.joda.time
minus,repos/Time-27f/JodaTimeContrib/gwt/src/main/gwt-emul/org/joda/time/emul/org/joda/time/Weeks.java,Weeks,org.joda.time
multipliedBy,repos/Time-27f/JodaTimeContrib/gwt/src/main/gwt-emul/org/joda/time/emul/org/joda/time/Weeks.java,Weeks,org.joda.time
dividedBy,repos/Time-27f/JodaTimeContrib/gwt/src/main/gwt-emul/org/joda/time/emul/org/joda/time/Weeks.java,Weeks,org.joda.time
negated,repos/Time-27f/JodaTimeContrib/gwt/src/main/gwt-emul/org/joda/time/emul/org/joda/time/Weeks.java,Weeks,org.joda.time
isGreaterThan,repos/Time-27f/JodaTimeContrib/gwt/src/main/gwt-emul/org/joda/time/emul/org/joda/time/Weeks.java,Weeks,org.joda.time
isLessThan,repos/Time-27f/JodaTimeContrib/gwt/src/main/gwt-emul/org/joda/time/emul/org/joda/time/Weeks.java,Weeks,org.joda.time
toString,repos/Time-27f/JodaTimeContrib/gwt/src/main/gwt-emul/org/joda/time/emul/org/joda/time/Weeks.java,Weeks,org.joda.time
hours,repos/Time-27f/JodaTimeContrib/gwt/src/main/gwt-emul/org/joda/time/emul/org/joda/time/Hours.java,Hours,org.joda.time
hoursBetween,repos/Time-27f/JodaTimeContrib/gwt/src/main/gwt-emul/org/joda/time/emul/org/joda/time/Hours.java,Hours,org.joda.time
hoursBetween,repos/Time-27f/JodaTimeContrib/gwt/src/main/gwt-emul/org/joda/time/emul/org/joda/time/Hours.java,Hours,org.joda.time
hoursIn,repos/Time-27f/JodaTimeContrib/gwt/src/main/gwt-emul/org/joda/time/emul/org/joda/time/Hours.java,Hours,org.joda.time
standardHoursIn,repos/Time-27f/JodaTimeContrib/gwt/src/main/gwt-emul/org/joda/time/emul/org/joda/time/Hours.java,Hours,org.joda.time
parseHours,repos/Time-27f/JodaTimeContrib/gwt/src/main/gwt-emul/org/joda/time/emul/org/joda/time/Hours.java,Hours,org.joda.time
readResolve,repos/Time-27f/JodaTimeContrib/gwt/src/main/gwt-emul/org/joda/time/emul/org/joda/time/Hours.java,Hours,org.joda.time
getFieldType,repos/Time-27f/JodaTimeContrib/gwt/src/main/gwt-emul/org/joda/time/emul/org/joda/time/Hours.java,Hours,org.joda.time
getPeriodType,repos/Time-27f/JodaTimeContrib/gwt/src/main/gwt-emul/org/joda/time/emul/org/joda/time/Hours.java,Hours,org.joda.time
toStandardWeeks,repos/Time-27f/JodaTimeContrib/gwt/src/main/gwt-emul/org/joda/time/emul/org/joda/time/Hours.java,Hours,org.joda.time
toStandardDays,repos/Time-27f/JodaTimeContrib/gwt/src/main/gwt-emul/org/joda/time/emul/org/joda/time/Hours.java,Hours,org.joda.time
toStandardMinutes,repos/Time-27f/JodaTimeContrib/gwt/src/main/gwt-emul/org/joda/time/emul/org/joda/time/Hours.java,Hours,org.joda.time
toStandardSeconds,repos/Time-27f/JodaTimeContrib/gwt/src/main/gwt-emul/org/joda/time/emul/org/joda/time/Hours.java,Hours,org.joda.time
toStandardDuration,repos/Time-27f/JodaTimeContrib/gwt/src/main/gwt-emul/org/joda/time/emul/org/joda/time/Hours.java,Hours,org.joda.time
getHours,repos/Time-27f/JodaTimeContrib/gwt/src/main/gwt-emul/org/joda/time/emul/org/joda/time/Hours.java,Hours,org.joda.time
plus,repos/Time-27f/JodaTimeContrib/gwt/src/main/gwt-emul/org/joda/time/emul/org/joda/time/Hours.java,Hours,org.joda.time
plus,repos/Time-27f/JodaTimeContrib/gwt/src/main/gwt-emul/org/joda/time/emul/org/joda/time/Hours.java,Hours,org.joda.time
minus,repos/Time-27f/JodaTimeContrib/gwt/src/main/gwt-emul/org/joda/time/emul/org/joda/time/Hours.java,Hours,org.joda.time
minus,repos/Time-27f/JodaTimeContrib/gwt/src/main/gwt-emul/org/joda/time/emul/org/joda/time/Hours.java,Hours,org.joda.time
multipliedBy,repos/Time-27f/JodaTimeContrib/gwt/src/main/gwt-emul/org/joda/time/emul/org/joda/time/Hours.java,Hours,org.joda.time
dividedBy,repos/Time-27f/JodaTimeContrib/gwt/src/main/gwt-emul/org/joda/time/emul/org/joda/time/Hours.java,Hours,org.joda.time
negated,repos/Time-27f/JodaTimeContrib/gwt/src/main/gwt-emul/org/joda/time/emul/org/joda/time/Hours.java,Hours,org.joda.time
isGreaterThan,repos/Time-27f/JodaTimeContrib/gwt/src/main/gwt-emul/org/joda/time/emul/org/joda/time/Hours.java,Hours,org.joda.time
isLessThan,repos/Time-27f/JodaTimeContrib/gwt/src/main/gwt-emul/org/joda/time/emul/org/joda/time/Hours.java,Hours,org.joda.time
toString,repos/Time-27f/JodaTimeContrib/gwt/src/main/gwt-emul/org/joda/time/emul/org/joda/time/Hours.java,Hours,org.joda.time
currentTimeMillis,repos/Time-27f/JodaTimeContrib/gwt/src/main/gwt-emul/org/joda/time/emul/org/joda/time/DateTimeUtils.java,DateTimeUtils,org.joda.time
setCurrentMillisSystem,repos/Time-27f/JodaTimeContrib/gwt/src/main/gwt-emul/org/joda/time/emul/org/joda/time/DateTimeUtils.java,DateTimeUtils,org.joda.time
setCurrentMillisFixed,repos/Time-27f/JodaTimeContrib/gwt/src/main/gwt-emul/org/joda/time/emul/org/joda/time/DateTimeUtils.java,DateTimeUtils,org.joda.time
setCurrentMillisOffset,repos/Time-27f/JodaTimeContrib/gwt/src/main/gwt-emul/org/joda/time/emul/org/joda/time/DateTimeUtils.java,DateTimeUtils,org.joda.time
checkPermission,repos/Time-27f/JodaTimeContrib/gwt/src/main/gwt-emul/org/joda/time/emul/org/joda/time/DateTimeUtils.java,DateTimeUtils,org.joda.time
getInstantMillis,repos/Time-27f/JodaTimeContrib/gwt/src/main/gwt-emul/org/joda/time/emul/org/joda/time/DateTimeUtils.java,DateTimeUtils,org.joda.time
getInstantChronology,repos/Time-27f/JodaTimeContrib/gwt/src/main/gwt-emul/org/joda/time/emul/org/joda/time/DateTimeUtils.java,DateTimeUtils,org.joda.time
getIntervalChronology,repos/Time-27f/JodaTimeContrib/gwt/src/main/gwt-emul/org/joda/time/emul/org/joda/time/DateTimeUtils.java,DateTimeUtils,org.joda.time
getIntervalChronology,repos/Time-27f/JodaTimeContrib/gwt/src/main/gwt-emul/org/joda/time/emul/org/joda/time/DateTimeUtils.java,DateTimeUtils,org.joda.time
getReadableInterval,repos/Time-27f/JodaTimeContrib/gwt/src/main/gwt-emul/org/joda/time/emul/org/joda/time/DateTimeUtils.java,DateTimeUtils,org.joda.time
getChronology,repos/Time-27f/JodaTimeContrib/gwt/src/main/gwt-emul/org/joda/time/emul/org/joda/time/DateTimeUtils.java,DateTimeUtils,org.joda.time
getZone,repos/Time-27f/JodaTimeContrib/gwt/src/main/gwt-emul/org/joda/time/emul/org/joda/time/DateTimeUtils.java,DateTimeUtils,org.joda.time
getPeriodType,repos/Time-27f/JodaTimeContrib/gwt/src/main/gwt-emul/org/joda/time/emul/org/joda/time/DateTimeUtils.java,DateTimeUtils,org.joda.time
getDurationMillis,repos/Time-27f/JodaTimeContrib/gwt/src/main/gwt-emul/org/joda/time/emul/org/joda/time/DateTimeUtils.java,DateTimeUtils,org.joda.time
isContiguous,repos/Time-27f/JodaTimeContrib/gwt/src/main/gwt-emul/org/joda/time/emul/org/joda/time/DateTimeUtils.java,DateTimeUtils,org.joda.time
getMillis,repos/Time-27f/JodaTimeContrib/gwt/src/main/gwt-emul/org/joda/time/emul/org/joda/time/DateTimeUtils.java,DateTimeUtils,org.joda.time
getMillis,repos/Time-27f/JodaTimeContrib/gwt/src/main/gwt-emul/org/joda/time/emul/org/joda/time/DateTimeUtils.java,DateTimeUtils,org.joda.time
getMillis,repos/Time-27f/JodaTimeContrib/gwt/src/main/gwt-emul/org/joda/time/emul/org/joda/time/DateTimeUtils.java,DateTimeUtils,org.joda.time
getMillis,repos/Time-27f/JodaTimeContrib/gwt/src/main/gwt-emul/org/joda/time/emul/org/joda/time/DateTimeUtils.java,DateTimeUtils,org.joda.time
getMillis,repos/Time-27f/JodaTimeContrib/gwt/src/main/gwt-emul/org/joda/time/emul/org/joda/time/DateTimeUtils.java,MillisProvider,org.joda.time
getMillis,repos/Time-27f/JodaTimeContrib/gwt/src/main/gwt-emul/org/joda/time/emul/org/joda/time/DateTimeUtils.java,SystemMillisProvider,org.joda.time
getMillis,repos/Time-27f/JodaTimeContrib/gwt/src/main/gwt-emul/org/joda/time/emul/org/joda/time/DateTimeUtils.java,FixedMillisProvider,org.joda.time
getMillis,repos/Time-27f/JodaTimeContrib/gwt/src/main/gwt-emul/org/joda/time/emul/org/joda/time/DateTimeUtils.java,OffsetMillisProvider,org.joda.time
fromCalendarFields,repos/Time-27f/JodaTimeContrib/gwt/src/main/gwt-emul/org/joda/time/emul/org/joda/time/TimeOfDay.java,TimeOfDay,org.joda.time
fromDateFields,repos/Time-27f/JodaTimeContrib/gwt/src/main/gwt-emul/org/joda/time/emul/org/joda/time/TimeOfDay.java,TimeOfDay,org.joda.time
fromMillisOfDay,repos/Time-27f/JodaTimeContrib/gwt/src/main/gwt-emul/org/joda/time/emul/org/joda/time/TimeOfDay.java,TimeOfDay,org.joda.time
fromMillisOfDay,repos/Time-27f/JodaTimeContrib/gwt/src/main/gwt-emul/org/joda/time/emul/org/joda/time/TimeOfDay.java,TimeOfDay,org.joda.time
size,repos/Time-27f/JodaTimeContrib/gwt/src/main/gwt-emul/org/joda/time/emul/org/joda/time/TimeOfDay.java,TimeOfDay,org.joda.time
getField,repos/Time-27f/JodaTimeContrib/gwt/src/main/gwt-emul/org/joda/time/emul/org/joda/time/TimeOfDay.java,TimeOfDay,org.joda.time
getFieldType,repos/Time-27f/JodaTimeContrib/gwt/src/main/gwt-emul/org/joda/time/emul/org/joda/time/TimeOfDay.java,TimeOfDay,org.joda.time
getFieldTypes,repos/Time-27f/JodaTimeContrib/gwt/src/main/gwt-emul/org/joda/time/emul/org/joda/time/TimeOfDay.java,TimeOfDay,org.joda.time
withChronologyRetainFields,repos/Time-27f/JodaTimeContrib/gwt/src/main/gwt-emul/org/joda/time/emul/org/joda/time/TimeOfDay.java,TimeOfDay,org.joda.time
withField,repos/Time-27f/JodaTimeContrib/gwt/src/main/gwt-emul/org/joda/time/emul/org/joda/time/TimeOfDay.java,TimeOfDay,org.joda.time
withFieldAdded,repos/Time-27f/JodaTimeContrib/gwt/src/main/gwt-emul/org/joda/time/emul/org/joda/time/TimeOfDay.java,TimeOfDay,org.joda.time
withPeriodAdded,repos/Time-27f/JodaTimeContrib/gwt/src/main/gwt-emul/org/joda/time/emul/org/joda/time/TimeOfDay.java,TimeOfDay,org.joda.time
plus,repos/Time-27f/JodaTimeContrib/gwt/src/main/gwt-emul/org/joda/time/emul/org/joda/time/TimeOfDay.java,TimeOfDay,org.joda.time
plusHours,repos/Time-27f/JodaTimeContrib/gwt/src/main/gwt-emul/org/joda/time/emul/org/joda/time/TimeOfDay.java,TimeOfDay,org.joda.time
plusMinutes,repos/Time-27f/JodaTimeContrib/gwt/src/main/gwt-emul/org/joda/time/emul/org/joda/time/TimeOfDay.java,TimeOfDay,org.joda.time
plusSeconds,repos/Time-27f/JodaTimeContrib/gwt/src/main/gwt-emul/org/joda/time/emul/org/joda/time/TimeOfDay.java,TimeOfDay,org.joda.time
plusMillis,repos/Time-27f/JodaTimeContrib/gwt/src/main/gwt-emul/org/joda/time/emul/org/joda/time/TimeOfDay.java,TimeOfDay,org.joda.time
minus,repos/Time-27f/JodaTimeContrib/gwt/src/main/gwt-emul/org/joda/time/emul/org/joda/time/TimeOfDay.java,TimeOfDay,org.joda.time
minusHours,repos/Time-27f/JodaTimeContrib/gwt/src/main/gwt-emul/org/joda/time/emul/org/joda/time/TimeOfDay.java,TimeOfDay,org.joda.time
minusMinutes,repos/Time-27f/JodaTimeContrib/gwt/src/main/gwt-emul/org/joda/time/emul/org/joda/time/TimeOfDay.java,TimeOfDay,org.joda.time
minusSeconds,repos/Time-27f/JodaTimeContrib/gwt/src/main/gwt-emul/org/joda/time/emul/org/joda/time/TimeOfDay.java,TimeOfDay,org.joda.time
minusMillis,repos/Time-27f/JodaTimeContrib/gwt/src/main/gwt-emul/org/joda/time/emul/org/joda/time/TimeOfDay.java,TimeOfDay,org.joda.time
property,repos/Time-27f/JodaTimeContrib/gwt/src/main/gwt-emul/org/joda/time/emul/org/joda/time/TimeOfDay.java,TimeOfDay,org.joda.time
toLocalTime,repos/Time-27f/JodaTimeContrib/gwt/src/main/gwt-emul/org/joda/time/emul/org/joda/time/TimeOfDay.java,TimeOfDay,org.joda.time
toDateTimeToday,repos/Time-27f/JodaTimeContrib/gwt/src/main/gwt-emul/org/joda/time/emul/org/joda/time/TimeOfDay.java,TimeOfDay,org.joda.time
toDateTimeToday,repos/Time-27f/JodaTimeContrib/gwt/src/main/gwt-emul/org/joda/time/emul/org/joda/time/TimeOfDay.java,TimeOfDay,org.joda.time
getHourOfDay,repos/Time-27f/JodaTimeContrib/gwt/src/main/gwt-emul/org/joda/time/emul/org/joda/time/TimeOfDay.java,TimeOfDay,org.joda.time
getMinuteOfHour,repos/Time-27f/JodaTimeContrib/gwt/src/main/gwt-emul/org/joda/time/emul/org/joda/time/TimeOfDay.java,TimeOfDay,org.joda.time
getSecondOfMinute,repos/Time-27f/JodaTimeContrib/gwt/src/main/gwt-emul/org/joda/time/emul/org/joda/time/TimeOfDay.java,TimeOfDay,org.joda.time
getMillisOfSecond,repos/Time-27f/JodaTimeContrib/gwt/src/main/gwt-emul/org/joda/time/emul/org/joda/time/TimeOfDay.java,TimeOfDay,org.joda.time
withHourOfDay,repos/Time-27f/JodaTimeContrib/gwt/src/main/gwt-emul/org/joda/time/emul/org/joda/time/TimeOfDay.java,TimeOfDay,org.joda.time
withMinuteOfHour,repos/Time-27f/JodaTimeContrib/gwt/src/main/gwt-emul/org/joda/time/emul/org/joda/time/TimeOfDay.java,TimeOfDay,org.joda.time
withSecondOfMinute,repos/Time-27f/JodaTimeContrib/gwt/src/main/gwt-emul/org/joda/time/emul/org/joda/time/TimeOfDay.java,TimeOfDay,org.joda.time
withMillisOfSecond,repos/Time-27f/JodaTimeContrib/gwt/src/main/gwt-emul/org/joda/time/emul/org/joda/time/TimeOfDay.java,TimeOfDay,org.joda.time
hourOfDay,repos/Time-27f/JodaTimeContrib/gwt/src/main/gwt-emul/org/joda/time/emul/org/joda/time/TimeOfDay.java,TimeOfDay,org.joda.time
minuteOfHour,repos/Time-27f/JodaTimeContrib/gwt/src/main/gwt-emul/org/joda/time/emul/org/joda/time/TimeOfDay.java,TimeOfDay,org.joda.time
secondOfMinute,repos/Time-27f/JodaTimeContrib/gwt/src/main/gwt-emul/org/joda/time/emul/org/joda/time/TimeOfDay.java,TimeOfDay,org.joda.time
millisOfSecond,repos/Time-27f/JodaTimeContrib/gwt/src/main/gwt-emul/org/joda/time/emul/org/joda/time/TimeOfDay.java,TimeOfDay,org.joda.time
toString,repos/Time-27f/JodaTimeContrib/gwt/src/main/gwt-emul/org/joda/time/emul/org/joda/time/TimeOfDay.java,TimeOfDay,org.joda.time
getField,repos/Time-27f/JodaTimeContrib/gwt/src/main/gwt-emul/org/joda/time/emul/org/joda/time/TimeOfDay.java,TimeOfDay,org.joda.time
getReadablePartial,repos/Time-27f/JodaTimeContrib/gwt/src/main/gwt-emul/org/joda/time/emul/org/joda/time/TimeOfDay.java,TimeOfDay,org.joda.time
getTimeOfDay,repos/Time-27f/JodaTimeContrib/gwt/src/main/gwt-emul/org/joda/time/emul/org/joda/time/TimeOfDay.java,TimeOfDay,org.joda.time
get,repos/Time-27f/JodaTimeContrib/gwt/src/main/gwt-emul/org/joda/time/emul/org/joda/time/TimeOfDay.java,TimeOfDay,org.joda.time
addToCopy,repos/Time-27f/JodaTimeContrib/gwt/src/main/gwt-emul/org/joda/time/emul/org/joda/time/TimeOfDay.java,TimeOfDay,org.joda.time
addNoWrapToCopy,repos/Time-27f/JodaTimeContrib/gwt/src/main/gwt-emul/org/joda/time/emul/org/joda/time/TimeOfDay.java,TimeOfDay,org.joda.time
addWrapFieldToCopy,repos/Time-27f/JodaTimeContrib/gwt/src/main/gwt-emul/org/joda/time/emul/org/joda/time/TimeOfDay.java,TimeOfDay,org.joda.time
setCopy,repos/Time-27f/JodaTimeContrib/gwt/src/main/gwt-emul/org/joda/time/emul/org/joda/time/TimeOfDay.java,TimeOfDay,org.joda.time
setCopy,repos/Time-27f/JodaTimeContrib/gwt/src/main/gwt-emul/org/joda/time/emul/org/joda/time/TimeOfDay.java,TimeOfDay,org.joda.time
setCopy,repos/Time-27f/JodaTimeContrib/gwt/src/main/gwt-emul/org/joda/time/emul/org/joda/time/TimeOfDay.java,TimeOfDay,org.joda.time
withMaximumValue,repos/Time-27f/JodaTimeContrib/gwt/src/main/gwt-emul/org/joda/time/emul/org/joda/time/TimeOfDay.java,TimeOfDay,org.joda.time
withMinimumValue,repos/Time-27f/JodaTimeContrib/gwt/src/main/gwt-emul/org/joda/time/emul/org/joda/time/TimeOfDay.java,TimeOfDay,org.joda.time
getField,repos/Time-27f/JodaTimeContrib/gwt/src/main/gwt-emul/org/joda/time/emul/org/joda/time/TimeOfDay.java,Property,org.joda.time
getReadablePartial,repos/Time-27f/JodaTimeContrib/gwt/src/main/gwt-emul/org/joda/time/emul/org/joda/time/TimeOfDay.java,Property,org.joda.time
getTimeOfDay,repos/Time-27f/JodaTimeContrib/gwt/src/main/gwt-emul/org/joda/time/emul/org/joda/time/TimeOfDay.java,Property,org.joda.time
get,repos/Time-27f/JodaTimeContrib/gwt/src/main/gwt-emul/org/joda/time/emul/org/joda/time/TimeOfDay.java,Property,org.joda.time
addToCopy,repos/Time-27f/JodaTimeContrib/gwt/src/main/gwt-emul/org/joda/time/emul/org/joda/time/TimeOfDay.java,Property,org.joda.time
addNoWrapToCopy,repos/Time-27f/JodaTimeContrib/gwt/src/main/gwt-emul/org/joda/time/emul/org/joda/time/TimeOfDay.java,Property,org.joda.time
addWrapFieldToCopy,repos/Time-27f/JodaTimeContrib/gwt/src/main/gwt-emul/org/joda/time/emul/org/joda/time/TimeOfDay.java,Property,org.joda.time
setCopy,repos/Time-27f/JodaTimeContrib/gwt/src/main/gwt-emul/org/joda/time/emul/org/joda/time/TimeOfDay.java,Property,org.joda.time
setCopy,repos/Time-27f/JodaTimeContrib/gwt/src/main/gwt-emul/org/joda/time/emul/org/joda/time/TimeOfDay.java,Property,org.joda.time
setCopy,repos/Time-27f/JodaTimeContrib/gwt/src/main/gwt-emul/org/joda/time/emul/org/joda/time/TimeOfDay.java,Property,org.joda.time
withMaximumValue,repos/Time-27f/JodaTimeContrib/gwt/src/main/gwt-emul/org/joda/time/emul/org/joda/time/TimeOfDay.java,Property,org.joda.time
withMinimumValue,repos/Time-27f/JodaTimeContrib/gwt/src/main/gwt-emul/org/joda/time/emul/org/joda/time/TimeOfDay.java,Property,org.joda.time
fromCalendarFields,repos/Time-27f/JodaTimeContrib/gwt/src/main/gwt-emul/org/joda/time/emul/org/joda/time/YearMonthDay.java,YearMonthDay,org.joda.time
fromDateFields,repos/Time-27f/JodaTimeContrib/gwt/src/main/gwt-emul/org/joda/time/emul/org/joda/time/YearMonthDay.java,YearMonthDay,org.joda.time
size,repos/Time-27f/JodaTimeContrib/gwt/src/main/gwt-emul/org/joda/time/emul/org/joda/time/YearMonthDay.java,YearMonthDay,org.joda.time
getField,repos/Time-27f/JodaTimeContrib/gwt/src/main/gwt-emul/org/joda/time/emul/org/joda/time/YearMonthDay.java,YearMonthDay,org.joda.time
getFieldType,repos/Time-27f/JodaTimeContrib/gwt/src/main/gwt-emul/org/joda/time/emul/org/joda/time/YearMonthDay.java,YearMonthDay,org.joda.time
getFieldTypes,repos/Time-27f/JodaTimeContrib/gwt/src/main/gwt-emul/org/joda/time/emul/org/joda/time/YearMonthDay.java,YearMonthDay,org.joda.time
withChronologyRetainFields,repos/Time-27f/JodaTimeContrib/gwt/src/main/gwt-emul/org/joda/time/emul/org/joda/time/YearMonthDay.java,YearMonthDay,org.joda.time
withField,repos/Time-27f/JodaTimeContrib/gwt/src/main/gwt-emul/org/joda/time/emul/org/joda/time/YearMonthDay.java,YearMonthDay,org.joda.time
withFieldAdded,repos/Time-27f/JodaTimeContrib/gwt/src/main/gwt-emul/org/joda/time/emul/org/joda/time/YearMonthDay.java,YearMonthDay,org.joda.time
withPeriodAdded,repos/Time-27f/JodaTimeContrib/gwt/src/main/gwt-emul/org/joda/time/emul/org/joda/time/YearMonthDay.java,YearMonthDay,org.joda.time
plus,repos/Time-27f/JodaTimeContrib/gwt/src/main/gwt-emul/org/joda/time/emul/org/joda/time/YearMonthDay.java,YearMonthDay,org.joda.time
plusYears,repos/Time-27f/JodaTimeContrib/gwt/src/main/gwt-emul/org/joda/time/emul/org/joda/time/YearMonthDay.java,YearMonthDay,org.joda.time
plusMonths,repos/Time-27f/JodaTimeContrib/gwt/src/main/gwt-emul/org/joda/time/emul/org/joda/time/YearMonthDay.java,YearMonthDay,org.joda.time
plusDays,repos/Time-27f/JodaTimeContrib/gwt/src/main/gwt-emul/org/joda/time/emul/org/joda/time/YearMonthDay.java,YearMonthDay,org.joda.time
minus,repos/Time-27f/JodaTimeContrib/gwt/src/main/gwt-emul/org/joda/time/emul/org/joda/time/YearMonthDay.java,YearMonthDay,org.joda.time
minusYears,repos/Time-27f/JodaTimeContrib/gwt/src/main/gwt-emul/org/joda/time/emul/org/joda/time/YearMonthDay.java,YearMonthDay,org.joda.time
minusMonths,repos/Time-27f/JodaTimeContrib/gwt/src/main/gwt-emul/org/joda/time/emul/org/joda/time/YearMonthDay.java,YearMonthDay,org.joda.time
minusDays,repos/Time-27f/JodaTimeContrib/gwt/src/main/gwt-emul/org/joda/time/emul/org/joda/time/YearMonthDay.java,YearMonthDay,org.joda.time
property,repos/Time-27f/JodaTimeContrib/gwt/src/main/gwt-emul/org/joda/time/emul/org/joda/time/YearMonthDay.java,YearMonthDay,org.joda.time
toLocalDate,repos/Time-27f/JodaTimeContrib/gwt/src/main/gwt-emul/org/joda/time/emul/org/joda/time/YearMonthDay.java,YearMonthDay,org.joda.time
toDateTimeAtMidnight,repos/Time-27f/JodaTimeContrib/gwt/src/main/gwt-emul/org/joda/time/emul/org/joda/time/YearMonthDay.java,YearMonthDay,org.joda.time
toDateTimeAtMidnight,repos/Time-27f/JodaTimeContrib/gwt/src/main/gwt-emul/org/joda/time/emul/org/joda/time/YearMonthDay.java,YearMonthDay,org.joda.time
toDateTimeAtCurrentTime,repos/Time-27f/JodaTimeContrib/gwt/src/main/gwt-emul/org/joda/time/emul/org/joda/time/YearMonthDay.java,YearMonthDay,org.joda.time
toDateTimeAtCurrentTime,repos/Time-27f/JodaTimeContrib/gwt/src/main/gwt-emul/org/joda/time/emul/org/joda/time/YearMonthDay.java,YearMonthDay,org.joda.time
toDateMidnight,repos/Time-27f/JodaTimeContrib/gwt/src/main/gwt-emul/org/joda/time/emul/org/joda/time/YearMonthDay.java,YearMonthDay,org.joda.time
toDateMidnight,repos/Time-27f/JodaTimeContrib/gwt/src/main/gwt-emul/org/joda/time/emul/org/joda/time/YearMonthDay.java,YearMonthDay,org.joda.time
toDateTime,repos/Time-27f/JodaTimeContrib/gwt/src/main/gwt-emul/org/joda/time/emul/org/joda/time/YearMonthDay.java,YearMonthDay,org.joda.time
toDateTime,repos/Time-27f/JodaTimeContrib/gwt/src/main/gwt-emul/org/joda/time/emul/org/joda/time/YearMonthDay.java,YearMonthDay,org.joda.time
toInterval,repos/Time-27f/JodaTimeContrib/gwt/src/main/gwt-emul/org/joda/time/emul/org/joda/time/YearMonthDay.java,YearMonthDay,org.joda.time
toInterval,repos/Time-27f/JodaTimeContrib/gwt/src/main/gwt-emul/org/joda/time/emul/org/joda/time/YearMonthDay.java,YearMonthDay,org.joda.time
getYear,repos/Time-27f/JodaTimeContrib/gwt/src/main/gwt-emul/org/joda/time/emul/org/joda/time/YearMonthDay.java,YearMonthDay,org.joda.time
getMonthOfYear,repos/Time-27f/JodaTimeContrib/gwt/src/main/gwt-emul/org/joda/time/emul/org/joda/time/YearMonthDay.java,YearMonthDay,org.joda.time
getDayOfMonth,repos/Time-27f/JodaTimeContrib/gwt/src/main/gwt-emul/org/joda/time/emul/org/joda/time/YearMonthDay.java,YearMonthDay,org.joda.time
withYear,repos/Time-27f/JodaTimeContrib/gwt/src/main/gwt-emul/org/joda/time/emul/org/joda/time/YearMonthDay.java,YearMonthDay,org.joda.time
withMonthOfYear,repos/Time-27f/JodaTimeContrib/gwt/src/main/gwt-emul/org/joda/time/emul/org/joda/time/YearMonthDay.java,YearMonthDay,org.joda.time
withDayOfMonth,repos/Time-27f/JodaTimeContrib/gwt/src/main/gwt-emul/org/joda/time/emul/org/joda/time/YearMonthDay.java,YearMonthDay,org.joda.time
year,repos/Time-27f/JodaTimeContrib/gwt/src/main/gwt-emul/org/joda/time/emul/org/joda/time/YearMonthDay.java,YearMonthDay,org.joda.time
monthOfYear,repos/Time-27f/JodaTimeContrib/gwt/src/main/gwt-emul/org/joda/time/emul/org/joda/time/YearMonthDay.java,YearMonthDay,org.joda.time
dayOfMonth,repos/Time-27f/JodaTimeContrib/gwt/src/main/gwt-emul/org/joda/time/emul/org/joda/time/YearMonthDay.java,YearMonthDay,org.joda.time
toString,repos/Time-27f/JodaTimeContrib/gwt/src/main/gwt-emul/org/joda/time/emul/org/joda/time/YearMonthDay.java,YearMonthDay,org.joda.time
getField,repos/Time-27f/JodaTimeContrib/gwt/src/main/gwt-emul/org/joda/time/emul/org/joda/time/YearMonthDay.java,YearMonthDay,org.joda.time
getReadablePartial,repos/Time-27f/JodaTimeContrib/gwt/src/main/gwt-emul/org/joda/time/emul/org/joda/time/YearMonthDay.java,YearMonthDay,org.joda.time
getYearMonthDay,repos/Time-27f/JodaTimeContrib/gwt/src/main/gwt-emul/org/joda/time/emul/org/joda/time/YearMonthDay.java,YearMonthDay,org.joda.time
get,repos/Time-27f/JodaTimeContrib/gwt/src/main/gwt-emul/org/joda/time/emul/org/joda/time/YearMonthDay.java,YearMonthDay,org.joda.time
addToCopy,repos/Time-27f/JodaTimeContrib/gwt/src/main/gwt-emul/org/joda/time/emul/org/joda/time/YearMonthDay.java,YearMonthDay,org.joda.time
addWrapFieldToCopy,repos/Time-27f/JodaTimeContrib/gwt/src/main/gwt-emul/org/joda/time/emul/org/joda/time/YearMonthDay.java,YearMonthDay,org.joda.time
setCopy,repos/Time-27f/JodaTimeContrib/gwt/src/main/gwt-emul/org/joda/time/emul/org/joda/time/YearMonthDay.java,YearMonthDay,org.joda.time
setCopy,repos/Time-27f/JodaTimeContrib/gwt/src/main/gwt-emul/org/joda/time/emul/org/joda/time/YearMonthDay.java,YearMonthDay,org.joda.time
setCopy,repos/Time-27f/JodaTimeContrib/gwt/src/main/gwt-emul/org/joda/time/emul/org/joda/time/YearMonthDay.java,YearMonthDay,org.joda.time
withMaximumValue,repos/Time-27f/JodaTimeContrib/gwt/src/main/gwt-emul/org/joda/time/emul/org/joda/time/YearMonthDay.java,YearMonthDay,org.joda.time
withMinimumValue,repos/Time-27f/JodaTimeContrib/gwt/src/main/gwt-emul/org/joda/time/emul/org/joda/time/YearMonthDay.java,YearMonthDay,org.joda.time
getField,repos/Time-27f/JodaTimeContrib/gwt/src/main/gwt-emul/org/joda/time/emul/org/joda/time/YearMonthDay.java,Property,org.joda.time
getReadablePartial,repos/Time-27f/JodaTimeContrib/gwt/src/main/gwt-emul/org/joda/time/emul/org/joda/time/YearMonthDay.java,Property,org.joda.time
getYearMonthDay,repos/Time-27f/JodaTimeContrib/gwt/src/main/gwt-emul/org/joda/time/emul/org/joda/time/YearMonthDay.java,Property,org.joda.time
get,repos/Time-27f/JodaTimeContrib/gwt/src/main/gwt-emul/org/joda/time/emul/org/joda/time/YearMonthDay.java,Property,org.joda.time
addToCopy,repos/Time-27f/JodaTimeContrib/gwt/src/main/gwt-emul/org/joda/time/emul/org/joda/time/YearMonthDay.java,Property,org.joda.time
addWrapFieldToCopy,repos/Time-27f/JodaTimeContrib/gwt/src/main/gwt-emul/org/joda/time/emul/org/joda/time/YearMonthDay.java,Property,org.joda.time
setCopy,repos/Time-27f/JodaTimeContrib/gwt/src/main/gwt-emul/org/joda/time/emul/org/joda/time/YearMonthDay.java,Property,org.joda.time
setCopy,repos/Time-27f/JodaTimeContrib/gwt/src/main/gwt-emul/org/joda/time/emul/org/joda/time/YearMonthDay.java,Property,org.joda.time
setCopy,repos/Time-27f/JodaTimeContrib/gwt/src/main/gwt-emul/org/joda/time/emul/org/joda/time/YearMonthDay.java,Property,org.joda.time
withMaximumValue,repos/Time-27f/JodaTimeContrib/gwt/src/main/gwt-emul/org/joda/time/emul/org/joda/time/YearMonthDay.java,Property,org.joda.time
withMinimumValue,repos/Time-27f/JodaTimeContrib/gwt/src/main/gwt-emul/org/joda/time/emul/org/joda/time/YearMonthDay.java,Property,org.joda.time
getDefault,repos/Time-27f/JodaTimeContrib/gwt/src/main/gwt-emul/org/joda/time/emul/org/joda/time/DateTimeZone.java,DateTimeZone,org.joda.time
setDefault,repos/Time-27f/JodaTimeContrib/gwt/src/main/gwt-emul/org/joda/time/emul/org/joda/time/DateTimeZone.java,DateTimeZone,org.joda.time
forID,repos/Time-27f/JodaTimeContrib/gwt/src/main/gwt-emul/org/joda/time/emul/org/joda/time/DateTimeZone.java,DateTimeZone,org.joda.time
forOffsetHours,repos/Time-27f/JodaTimeContrib/gwt/src/main/gwt-emul/org/joda/time/emul/org/joda/time/DateTimeZone.java,DateTimeZone,org.joda.time
forOffsetHoursMinutes,repos/Time-27f/JodaTimeContrib/gwt/src/main/gwt-emul/org/joda/time/emul/org/joda/time/DateTimeZone.java,DateTimeZone,org.joda.time
forOffsetMillis,repos/Time-27f/JodaTimeContrib/gwt/src/main/gwt-emul/org/joda/time/emul/org/joda/time/DateTimeZone.java,DateTimeZone,org.joda.time
forTimeZone,repos/Time-27f/JodaTimeContrib/gwt/src/main/gwt-emul/org/joda/time/emul/org/joda/time/DateTimeZone.java,DateTimeZone,org.joda.time
fixedOffsetZone,repos/Time-27f/JodaTimeContrib/gwt/src/main/gwt-emul/org/joda/time/emul/org/joda/time/DateTimeZone.java,DateTimeZone,org.joda.time
getAvailableIDs,repos/Time-27f/JodaTimeContrib/gwt/src/main/gwt-emul/org/joda/time/emul/org/joda/time/DateTimeZone.java,DateTimeZone,org.joda.time
getProvider,repos/Time-27f/JodaTimeContrib/gwt/src/main/gwt-emul/org/joda/time/emul/org/joda/time/DateTimeZone.java,DateTimeZone,org.joda.time
setProvider,repos/Time-27f/JodaTimeContrib/gwt/src/main/gwt-emul/org/joda/time/emul/org/joda/time/DateTimeZone.java,DateTimeZone,org.joda.time
setProvider0,repos/Time-27f/JodaTimeContrib/gwt/src/main/gwt-emul/org/joda/time/emul/org/joda/time/DateTimeZone.java,DateTimeZone,org.joda.time
getDefaultProvider,repos/Time-27f/JodaTimeContrib/gwt/src/main/gwt-emul/org/joda/time/emul/org/joda/time/DateTimeZone.java,DateTimeZone,org.joda.time
getNameProvider,repos/Time-27f/JodaTimeContrib/gwt/src/main/gwt-emul/org/joda/time/emul/org/joda/time/DateTimeZone.java,DateTimeZone,org.joda.time
setNameProvider,repos/Time-27f/JodaTimeContrib/gwt/src/main/gwt-emul/org/joda/time/emul/org/joda/time/DateTimeZone.java,DateTimeZone,org.joda.time
setNameProvider0,repos/Time-27f/JodaTimeContrib/gwt/src/main/gwt-emul/org/joda/time/emul/org/joda/time/DateTimeZone.java,DateTimeZone,org.joda.time
getDefaultNameProvider,repos/Time-27f/JodaTimeContrib/gwt/src/main/gwt-emul/org/joda/time/emul/org/joda/time/DateTimeZone.java,DateTimeZone,org.joda.time
getConvertedId,repos/Time-27f/JodaTimeContrib/gwt/src/main/gwt-emul/org/joda/time/emul/org/joda/time/DateTimeZone.java,DateTimeZone,org.joda.time
parseOffset,repos/Time-27f/JodaTimeContrib/gwt/src/main/gwt-emul/org/joda/time/emul/org/joda/time/DateTimeZone.java,DateTimeZone,org.joda.time
getZone,repos/Time-27f/JodaTimeContrib/gwt/src/main/gwt-emul/org/joda/time/emul/org/joda/time/DateTimeZone.java,DateTimeZone,org.joda.time
withUTC,repos/Time-27f/JodaTimeContrib/gwt/src/main/gwt-emul/org/joda/time/emul/org/joda/time/DateTimeZone.java,DateTimeZone,org.joda.time
withZone,repos/Time-27f/JodaTimeContrib/gwt/src/main/gwt-emul/org/joda/time/emul/org/joda/time/DateTimeZone.java,DateTimeZone,org.joda.time
toString,repos/Time-27f/JodaTimeContrib/gwt/src/main/gwt-emul/org/joda/time/emul/org/joda/time/DateTimeZone.java,DateTimeZone,org.joda.time
printOffset,repos/Time-27f/JodaTimeContrib/gwt/src/main/gwt-emul/org/joda/time/emul/org/joda/time/DateTimeZone.java,DateTimeZone,org.joda.time
offsetFormatter,repos/Time-27f/JodaTimeContrib/gwt/src/main/gwt-emul/org/joda/time/emul/org/joda/time/DateTimeZone.java,DateTimeZone,org.joda.time
getID,repos/Time-27f/JodaTimeContrib/gwt/src/main/gwt-emul/org/joda/time/emul/org/joda/time/DateTimeZone.java,DateTimeZone,org.joda.time
getNameKey,repos/Time-27f/JodaTimeContrib/gwt/src/main/gwt-emul/org/joda/time/emul/org/joda/time/DateTimeZone.java,DateTimeZone,org.joda.time
getShortName,repos/Time-27f/JodaTimeContrib/gwt/src/main/gwt-emul/org/joda/time/emul/org/joda/time/DateTimeZone.java,DateTimeZone,org.joda.time
getShortName,repos/Time-27f/JodaTimeContrib/gwt/src/main/gwt-emul/org/joda/time/emul/org/joda/time/DateTimeZone.java,DateTimeZone,org.joda.time
getName,repos/Time-27f/JodaTimeContrib/gwt/src/main/gwt-emul/org/joda/time/emul/org/joda/time/DateTimeZone.java,DateTimeZone,org.joda.time
getName,repos/Time-27f/JodaTimeContrib/gwt/src/main/gwt-emul/org/joda/time/emul/org/joda/time/DateTimeZone.java,DateTimeZone,org.joda.time
getOffset,repos/Time-27f/JodaTimeContrib/gwt/src/main/gwt-emul/org/joda/time/emul/org/joda/time/DateTimeZone.java,DateTimeZone,org.joda.time
getOffset,repos/Time-27f/JodaTimeContrib/gwt/src/main/gwt-emul/org/joda/time/emul/org/joda/time/DateTimeZone.java,DateTimeZone,org.joda.time
getStandardOffset,repos/Time-27f/JodaTimeContrib/gwt/src/main/gwt-emul/org/joda/time/emul/org/joda/time/DateTimeZone.java,DateTimeZone,org.joda.time
isStandardOffset,repos/Time-27f/JodaTimeContrib/gwt/src/main/gwt-emul/org/joda/time/emul/org/joda/time/DateTimeZone.java,DateTimeZone,org.joda.time
getOffsetFromLocal,repos/Time-27f/JodaTimeContrib/gwt/src/main/gwt-emul/org/joda/time/emul/org/joda/time/DateTimeZone.java,DateTimeZone,org.joda.time
convertUTCToLocal,repos/Time-27f/JodaTimeContrib/gwt/src/main/gwt-emul/org/joda/time/emul/org/joda/time/DateTimeZone.java,DateTimeZone,org.joda.time
convertLocalToUTC,repos/Time-27f/JodaTimeContrib/gwt/src/main/gwt-emul/org/joda/time/emul/org/joda/time/DateTimeZone.java,DateTimeZone,org.joda.time
getMillisKeepLocal,repos/Time-27f/JodaTimeContrib/gwt/src/main/gwt-emul/org/joda/time/emul/org/joda/time/DateTimeZone.java,DateTimeZone,org.joda.time
isLocalDateTimeGap,repos/Time-27f/JodaTimeContrib/gwt/src/main/gwt-emul/org/joda/time/emul/org/joda/time/DateTimeZone.java,DateTimeZone,org.joda.time
isFixed,repos/Time-27f/JodaTimeContrib/gwt/src/main/gwt-emul/org/joda/time/emul/org/joda/time/DateTimeZone.java,DateTimeZone,org.joda.time
nextTransition,repos/Time-27f/JodaTimeContrib/gwt/src/main/gwt-emul/org/joda/time/emul/org/joda/time/DateTimeZone.java,DateTimeZone,org.joda.time
previousTransition,repos/Time-27f/JodaTimeContrib/gwt/src/main/gwt-emul/org/joda/time/emul/org/joda/time/DateTimeZone.java,DateTimeZone,org.joda.time
toTimeZone,repos/Time-27f/JodaTimeContrib/gwt/src/main/gwt-emul/org/joda/time/emul/org/joda/time/DateTimeZone.java,DateTimeZone,org.joda.time
writeReplace,repos/Time-27f/JodaTimeContrib/gwt/src/main/gwt-emul/org/joda/time/emul/org/joda/time/DateTimeZone.java,DateTimeZone,org.joda.time
writeObject,repos/Time-27f/JodaTimeContrib/gwt/src/main/gwt-emul/org/joda/time/emul/org/joda/time/DateTimeZone.java,DateTimeZone,org.joda.time
readObject,repos/Time-27f/JodaTimeContrib/gwt/src/main/gwt-emul/org/joda/time/emul/org/joda/time/DateTimeZone.java,DateTimeZone,org.joda.time
readResolve,repos/Time-27f/JodaTimeContrib/gwt/src/main/gwt-emul/org/joda/time/emul/org/joda/time/DateTimeZone.java,DateTimeZone,org.joda.time
writeObject,repos/Time-27f/JodaTimeContrib/gwt/src/main/gwt-emul/org/joda/time/emul/org/joda/time/DateTimeZone.java,Stub,org.joda.time
readObject,repos/Time-27f/JodaTimeContrib/gwt/src/main/gwt-emul/org/joda/time/emul/org/joda/time/DateTimeZone.java,Stub,org.joda.time
readResolve,repos/Time-27f/JodaTimeContrib/gwt/src/main/gwt-emul/org/joda/time/emul/org/joda/time/DateTimeZone.java,Stub,org.joda.time
days,repos/Time-27f/JodaTimeContrib/gwt/src/main/gwt-emul/org/joda/time/emul/org/joda/time/Days.java,Days,org.joda.time
daysBetween,repos/Time-27f/JodaTimeContrib/gwt/src/main/gwt-emul/org/joda/time/emul/org/joda/time/Days.java,Days,org.joda.time
daysBetween,repos/Time-27f/JodaTimeContrib/gwt/src/main/gwt-emul/org/joda/time/emul/org/joda/time/Days.java,Days,org.joda.time
daysIn,repos/Time-27f/JodaTimeContrib/gwt/src/main/gwt-emul/org/joda/time/emul/org/joda/time/Days.java,Days,org.joda.time
standardDaysIn,repos/Time-27f/JodaTimeContrib/gwt/src/main/gwt-emul/org/joda/time/emul/org/joda/time/Days.java,Days,org.joda.time
parseDays,repos/Time-27f/JodaTimeContrib/gwt/src/main/gwt-emul/org/joda/time/emul/org/joda/time/Days.java,Days,org.joda.time
readResolve,repos/Time-27f/JodaTimeContrib/gwt/src/main/gwt-emul/org/joda/time/emul/org/joda/time/Days.java,Days,org.joda.time
getFieldType,repos/Time-27f/JodaTimeContrib/gwt/src/main/gwt-emul/org/joda/time/emul/org/joda/time/Days.java,Days,org.joda.time
getPeriodType,repos/Time-27f/JodaTimeContrib/gwt/src/main/gwt-emul/org/joda/time/emul/org/joda/time/Days.java,Days,org.joda.time
toStandardWeeks,repos/Time-27f/JodaTimeContrib/gwt/src/main/gwt-emul/org/joda/time/emul/org/joda/time/Days.java,Days,org.joda.time
toStandardHours,repos/Time-27f/JodaTimeContrib/gwt/src/main/gwt-emul/org/joda/time/emul/org/joda/time/Days.java,Days,org.joda.time
toStandardMinutes,repos/Time-27f/JodaTimeContrib/gwt/src/main/gwt-emul/org/joda/time/emul/org/joda/time/Days.java,Days,org.joda.time
toStandardSeconds,repos/Time-27f/JodaTimeContrib/gwt/src/main/gwt-emul/org/joda/time/emul/org/joda/time/Days.java,Days,org.joda.time
toStandardDuration,repos/Time-27f/JodaTimeContrib/gwt/src/main/gwt-emul/org/joda/time/emul/org/joda/time/Days.java,Days,org.joda.time
getDays,repos/Time-27f/JodaTimeContrib/gwt/src/main/gwt-emul/org/joda/time/emul/org/joda/time/Days.java,Days,org.joda.time
plus,repos/Time-27f/JodaTimeContrib/gwt/src/main/gwt-emul/org/joda/time/emul/org/joda/time/Days.java,Days,org.joda.time
plus,repos/Time-27f/JodaTimeContrib/gwt/src/main/gwt-emul/org/joda/time/emul/org/joda/time/Days.java,Days,org.joda.time
minus,repos/Time-27f/JodaTimeContrib/gwt/src/main/gwt-emul/org/joda/time/emul/org/joda/time/Days.java,Days,org.joda.time
minus,repos/Time-27f/JodaTimeContrib/gwt/src/main/gwt-emul/org/joda/time/emul/org/joda/time/Days.java,Days,org.joda.time
multipliedBy,repos/Time-27f/JodaTimeContrib/gwt/src/main/gwt-emul/org/joda/time/emul/org/joda/time/Days.java,Days,org.joda.time
dividedBy,repos/Time-27f/JodaTimeContrib/gwt/src/main/gwt-emul/org/joda/time/emul/org/joda/time/Days.java,Days,org.joda.time
negated,repos/Time-27f/JodaTimeContrib/gwt/src/main/gwt-emul/org/joda/time/emul/org/joda/time/Days.java,Days,org.joda.time
isGreaterThan,repos/Time-27f/JodaTimeContrib/gwt/src/main/gwt-emul/org/joda/time/emul/org/joda/time/Days.java,Days,org.joda.time
isLessThan,repos/Time-27f/JodaTimeContrib/gwt/src/main/gwt-emul/org/joda/time/emul/org/joda/time/Days.java,Days,org.joda.time
toString,repos/Time-27f/JodaTimeContrib/gwt/src/main/gwt-emul/org/joda/time/emul/org/joda/time/Days.java,Days,org.joda.time
getChronology,repos/Time-27f/JodaTimeContrib/gwt/src/main/gwt-emul/org/joda/time/emul/org/joda/time/format/DateTimeParserBucket.java,DateTimeParserBucket,org.joda.time.format
getLocale,repos/Time-27f/JodaTimeContrib/gwt/src/main/gwt-emul/org/joda/time/emul/org/joda/time/format/DateTimeParserBucket.java,DateTimeParserBucket,org.joda.time.format
getZone,repos/Time-27f/JodaTimeContrib/gwt/src/main/gwt-emul/org/joda/time/emul/org/joda/time/format/DateTimeParserBucket.java,DateTimeParserBucket,org.joda.time.format
setZone,repos/Time-27f/JodaTimeContrib/gwt/src/main/gwt-emul/org/joda/time/emul/org/joda/time/format/DateTimeParserBucket.java,DateTimeParserBucket,org.joda.time.format
getOffset,repos/Time-27f/JodaTimeContrib/gwt/src/main/gwt-emul/org/joda/time/emul/org/joda/time/format/DateTimeParserBucket.java,DateTimeParserBucket,org.joda.time.format
setOffset,repos/Time-27f/JodaTimeContrib/gwt/src/main/gwt-emul/org/joda/time/emul/org/joda/time/format/DateTimeParserBucket.java,DateTimeParserBucket,org.joda.time.format
getPivotYear,repos/Time-27f/JodaTimeContrib/gwt/src/main/gwt-emul/org/joda/time/emul/org/joda/time/format/DateTimeParserBucket.java,DateTimeParserBucket,org.joda.time.format
setPivotYear,repos/Time-27f/JodaTimeContrib/gwt/src/main/gwt-emul/org/joda/time/emul/org/joda/time/format/DateTimeParserBucket.java,DateTimeParserBucket,org.joda.time.format
saveField,repos/Time-27f/JodaTimeContrib/gwt/src/main/gwt-emul/org/joda/time/emul/org/joda/time/format/DateTimeParserBucket.java,DateTimeParserBucket,org.joda.time.format
saveField,repos/Time-27f/JodaTimeContrib/gwt/src/main/gwt-emul/org/joda/time/emul/org/joda/time/format/DateTimeParserBucket.java,DateTimeParserBucket,org.joda.time.format
saveField,repos/Time-27f/JodaTimeContrib/gwt/src/main/gwt-emul/org/joda/time/emul/org/joda/time/format/DateTimeParserBucket.java,DateTimeParserBucket,org.joda.time.format
saveField,repos/Time-27f/JodaTimeContrib/gwt/src/main/gwt-emul/org/joda/time/emul/org/joda/time/format/DateTimeParserBucket.java,DateTimeParserBucket,org.joda.time.format
saveState,repos/Time-27f/JodaTimeContrib/gwt/src/main/gwt-emul/org/joda/time/emul/org/joda/time/format/DateTimeParserBucket.java,DateTimeParserBucket,org.joda.time.format
restoreState,repos/Time-27f/JodaTimeContrib/gwt/src/main/gwt-emul/org/joda/time/emul/org/joda/time/format/DateTimeParserBucket.java,DateTimeParserBucket,org.joda.time.format
computeMillis,repos/Time-27f/JodaTimeContrib/gwt/src/main/gwt-emul/org/joda/time/emul/org/joda/time/format/DateTimeParserBucket.java,DateTimeParserBucket,org.joda.time.format
computeMillis,repos/Time-27f/JodaTimeContrib/gwt/src/main/gwt-emul/org/joda/time/emul/org/joda/time/format/DateTimeParserBucket.java,DateTimeParserBucket,org.joda.time.format
computeMillis,repos/Time-27f/JodaTimeContrib/gwt/src/main/gwt-emul/org/joda/time/emul/org/joda/time/format/DateTimeParserBucket.java,DateTimeParserBucket,org.joda.time.format
sort,repos/Time-27f/JodaTimeContrib/gwt/src/main/gwt-emul/org/joda/time/emul/org/joda/time/format/DateTimeParserBucket.java,DateTimeParserBucket,org.joda.time.format
restoreState,repos/Time-27f/JodaTimeContrib/gwt/src/main/gwt-emul/org/joda/time/emul/org/joda/time/format/DateTimeParserBucket.java,DateTimeParserBucket,org.joda.time.format
set,repos/Time-27f/JodaTimeContrib/gwt/src/main/gwt-emul/org/joda/time/emul/org/joda/time/format/DateTimeParserBucket.java,DateTimeParserBucket,org.joda.time.format
compareTo,repos/Time-27f/JodaTimeContrib/gwt/src/main/gwt-emul/org/joda/time/emul/org/joda/time/format/DateTimeParserBucket.java,DateTimeParserBucket,org.joda.time.format
compareReverse,repos/Time-27f/JodaTimeContrib/gwt/src/main/gwt-emul/org/joda/time/emul/org/joda/time/format/DateTimeParserBucket.java,DateTimeParserBucket,org.joda.time.format
restoreState,repos/Time-27f/JodaTimeContrib/gwt/src/main/gwt-emul/org/joda/time/emul/org/joda/time/format/DateTimeParserBucket.java,SavedState,org.joda.time.format
set,repos/Time-27f/JodaTimeContrib/gwt/src/main/gwt-emul/org/joda/time/emul/org/joda/time/format/DateTimeParserBucket.java,SavedField,org.joda.time.format
compareTo,repos/Time-27f/JodaTimeContrib/gwt/src/main/gwt-emul/org/joda/time/emul/org/joda/time/format/DateTimeParserBucket.java,SavedField,org.joda.time.format
compareReverse,repos/Time-27f/JodaTimeContrib/gwt/src/main/gwt-emul/org/joda/time/emul/org/joda/time/format/DateTimeParserBucket.java,SavedField,org.joda.time.format
toFormatter,repos/Time-27f/JodaTimeContrib/gwt/src/main/gwt-emul/org/joda/time/emul/org/joda/time/format/PeriodFormatterBuilder.java,PeriodFormatterBuilder,org.joda.time.format
toPrinter,repos/Time-27f/JodaTimeContrib/gwt/src/main/gwt-emul/org/joda/time/emul/org/joda/time/format/PeriodFormatterBuilder.java,PeriodFormatterBuilder,org.joda.time.format
toParser,repos/Time-27f/JodaTimeContrib/gwt/src/main/gwt-emul/org/joda/time/emul/org/joda/time/format/PeriodFormatterBuilder.java,PeriodFormatterBuilder,org.joda.time.format
clear,repos/Time-27f/JodaTimeContrib/gwt/src/main/gwt-emul/org/joda/time/emul/org/joda/time/format/PeriodFormatterBuilder.java,PeriodFormatterBuilder,org.joda.time.format
append,repos/Time-27f/JodaTimeContrib/gwt/src/main/gwt-emul/org/joda/time/emul/org/joda/time/format/PeriodFormatterBuilder.java,PeriodFormatterBuilder,org.joda.time.format
append,repos/Time-27f/JodaTimeContrib/gwt/src/main/gwt-emul/org/joda/time/emul/org/joda/time/format/PeriodFormatterBuilder.java,PeriodFormatterBuilder,org.joda.time.format
appendLiteral,repos/Time-27f/JodaTimeContrib/gwt/src/main/gwt-emul/org/joda/time/emul/org/joda/time/format/PeriodFormatterBuilder.java,PeriodFormatterBuilder,org.joda.time.format
minimumPrintedDigits,repos/Time-27f/JodaTimeContrib/gwt/src/main/gwt-emul/org/joda/time/emul/org/joda/time/format/PeriodFormatterBuilder.java,PeriodFormatterBuilder,org.joda.time.format
maximumParsedDigits,repos/Time-27f/JodaTimeContrib/gwt/src/main/gwt-emul/org/joda/time/emul/org/joda/time/format/PeriodFormatterBuilder.java,PeriodFormatterBuilder,org.joda.time.format
rejectSignedValues,repos/Time-27f/JodaTimeContrib/gwt/src/main/gwt-emul/org/joda/time/emul/org/joda/time/format/PeriodFormatterBuilder.java,PeriodFormatterBuilder,org.joda.time.format
printZeroRarelyLast,repos/Time-27f/JodaTimeContrib/gwt/src/main/gwt-emul/org/joda/time/emul/org/joda/time/format/PeriodFormatterBuilder.java,PeriodFormatterBuilder,org.joda.time.format
printZeroRarelyFirst,repos/Time-27f/JodaTimeContrib/gwt/src/main/gwt-emul/org/joda/time/emul/org/joda/time/format/PeriodFormatterBuilder.java,PeriodFormatterBuilder,org.joda.time.format
printZeroIfSupported,repos/Time-27f/JodaTimeContrib/gwt/src/main/gwt-emul/org/joda/time/emul/org/joda/time/format/PeriodFormatterBuilder.java,PeriodFormatterBuilder,org.joda.time.format
printZeroAlways,repos/Time-27f/JodaTimeContrib/gwt/src/main/gwt-emul/org/joda/time/emul/org/joda/time/format/PeriodFormatterBuilder.java,PeriodFormatterBuilder,org.joda.time.format
printZeroNever,repos/Time-27f/JodaTimeContrib/gwt/src/main/gwt-emul/org/joda/time/emul/org/joda/time/format/PeriodFormatterBuilder.java,PeriodFormatterBuilder,org.joda.time.format
appendPrefix,repos/Time-27f/JodaTimeContrib/gwt/src/main/gwt-emul/org/joda/time/emul/org/joda/time/format/PeriodFormatterBuilder.java,PeriodFormatterBuilder,org.joda.time.format
appendPrefix,repos/Time-27f/JodaTimeContrib/gwt/src/main/gwt-emul/org/joda/time/emul/org/joda/time/format/PeriodFormatterBuilder.java,PeriodFormatterBuilder,org.joda.time.format
appendPrefix,repos/Time-27f/JodaTimeContrib/gwt/src/main/gwt-emul/org/joda/time/emul/org/joda/time/format/PeriodFormatterBuilder.java,PeriodFormatterBuilder,org.joda.time.format
appendYears,repos/Time-27f/JodaTimeContrib/gwt/src/main/gwt-emul/org/joda/time/emul/org/joda/time/format/PeriodFormatterBuilder.java,PeriodFormatterBuilder,org.joda.time.format
appendMonths,repos/Time-27f/JodaTimeContrib/gwt/src/main/gwt-emul/org/joda/time/emul/org/joda/time/format/PeriodFormatterBuilder.java,PeriodFormatterBuilder,org.joda.time.format
appendWeeks,repos/Time-27f/JodaTimeContrib/gwt/src/main/gwt-emul/org/joda/time/emul/org/joda/time/format/PeriodFormatterBuilder.java,PeriodFormatterBuilder,org.joda.time.format
appendDays,repos/Time-27f/JodaTimeContrib/gwt/src/main/gwt-emul/org/joda/time/emul/org/joda/time/format/PeriodFormatterBuilder.java,PeriodFormatterBuilder,org.joda.time.format
appendHours,repos/Time-27f/JodaTimeContrib/gwt/src/main/gwt-emul/org/joda/time/emul/org/joda/time/format/PeriodFormatterBuilder.java,PeriodFormatterBuilder,org.joda.time.format
appendMinutes,repos/Time-27f/JodaTimeContrib/gwt/src/main/gwt-emul/org/joda/time/emul/org/joda/time/format/PeriodFormatterBuilder.java,PeriodFormatterBuilder,org.joda.time.format
appendSeconds,repos/Time-27f/JodaTimeContrib/gwt/src/main/gwt-emul/org/joda/time/emul/org/joda/time/format/PeriodFormatterBuilder.java,PeriodFormatterBuilder,org.joda.time.format
appendSecondsWithMillis,repos/Time-27f/JodaTimeContrib/gwt/src/main/gwt-emul/org/joda/time/emul/org/joda/time/format/PeriodFormatterBuilder.java,PeriodFormatterBuilder,org.joda.time.format
appendSecondsWithOptionalMillis,repos/Time-27f/JodaTimeContrib/gwt/src/main/gwt-emul/org/joda/time/emul/org/joda/time/format/PeriodFormatterBuilder.java,PeriodFormatterBuilder,org.joda.time.format
appendMillis,repos/Time-27f/JodaTimeContrib/gwt/src/main/gwt-emul/org/joda/time/emul/org/joda/time/format/PeriodFormatterBuilder.java,PeriodFormatterBuilder,org.joda.time.format
appendMillis3Digit,repos/Time-27f/JodaTimeContrib/gwt/src/main/gwt-emul/org/joda/time/emul/org/joda/time/format/PeriodFormatterBuilder.java,PeriodFormatterBuilder,org.joda.time.format
appendField,repos/Time-27f/JodaTimeContrib/gwt/src/main/gwt-emul/org/joda/time/emul/org/joda/time/format/PeriodFormatterBuilder.java,PeriodFormatterBuilder,org.joda.time.format
appendField,repos/Time-27f/JodaTimeContrib/gwt/src/main/gwt-emul/org/joda/time/emul/org/joda/time/format/PeriodFormatterBuilder.java,PeriodFormatterBuilder,org.joda.time.format
appendSuffix,repos/Time-27f/JodaTimeContrib/gwt/src/main/gwt-emul/org/joda/time/emul/org/joda/time/format/PeriodFormatterBuilder.java,PeriodFormatterBuilder,org.joda.time.format
appendSuffix,repos/Time-27f/JodaTimeContrib/gwt/src/main/gwt-emul/org/joda/time/emul/org/joda/time/format/PeriodFormatterBuilder.java,PeriodFormatterBuilder,org.joda.time.format
appendSuffix,repos/Time-27f/JodaTimeContrib/gwt/src/main/gwt-emul/org/joda/time/emul/org/joda/time/format/PeriodFormatterBuilder.java,PeriodFormatterBuilder,org.joda.time.format
appendSeparator,repos/Time-27f/JodaTimeContrib/gwt/src/main/gwt-emul/org/joda/time/emul/org/joda/time/format/PeriodFormatterBuilder.java,PeriodFormatterBuilder,org.joda.time.format
appendSeparatorIfFieldsAfter,repos/Time-27f/JodaTimeContrib/gwt/src/main/gwt-emul/org/joda/time/emul/org/joda/time/format/PeriodFormatterBuilder.java,PeriodFormatterBuilder,org.joda.time.format
appendSeparatorIfFieldsBefore,repos/Time-27f/JodaTimeContrib/gwt/src/main/gwt-emul/org/joda/time/emul/org/joda/time/format/PeriodFormatterBuilder.java,PeriodFormatterBuilder,org.joda.time.format
appendSeparator,repos/Time-27f/JodaTimeContrib/gwt/src/main/gwt-emul/org/joda/time/emul/org/joda/time/format/PeriodFormatterBuilder.java,PeriodFormatterBuilder,org.joda.time.format
appendSeparator,repos/Time-27f/JodaTimeContrib/gwt/src/main/gwt-emul/org/joda/time/emul/org/joda/time/format/PeriodFormatterBuilder.java,PeriodFormatterBuilder,org.joda.time.format
appendSeparator,repos/Time-27f/JodaTimeContrib/gwt/src/main/gwt-emul/org/joda/time/emul/org/joda/time/format/PeriodFormatterBuilder.java,PeriodFormatterBuilder,org.joda.time.format
clearPrefix,repos/Time-27f/JodaTimeContrib/gwt/src/main/gwt-emul/org/joda/time/emul/org/joda/time/format/PeriodFormatterBuilder.java,PeriodFormatterBuilder,org.joda.time.format
append0,repos/Time-27f/JodaTimeContrib/gwt/src/main/gwt-emul/org/joda/time/emul/org/joda/time/format/PeriodFormatterBuilder.java,PeriodFormatterBuilder,org.joda.time.format
toFormatter,repos/Time-27f/JodaTimeContrib/gwt/src/main/gwt-emul/org/joda/time/emul/org/joda/time/format/PeriodFormatterBuilder.java,PeriodFormatterBuilder,org.joda.time.format
createComposite,repos/Time-27f/JodaTimeContrib/gwt/src/main/gwt-emul/org/joda/time/emul/org/joda/time/format/PeriodFormatterBuilder.java,PeriodFormatterBuilder,org.joda.time.format
calculatePrintedLength,repos/Time-27f/JodaTimeContrib/gwt/src/main/gwt-emul/org/joda/time/emul/org/joda/time/format/PeriodFormatterBuilder.java,PeriodFormatterBuilder,org.joda.time.format
printTo,repos/Time-27f/JodaTimeContrib/gwt/src/main/gwt-emul/org/joda/time/emul/org/joda/time/format/PeriodFormatterBuilder.java,PeriodFormatterBuilder,org.joda.time.format
printTo,repos/Time-27f/JodaTimeContrib/gwt/src/main/gwt-emul/org/joda/time/emul/org/joda/time/format/PeriodFormatterBuilder.java,PeriodFormatterBuilder,org.joda.time.format
parse,repos/Time-27f/JodaTimeContrib/gwt/src/main/gwt-emul/org/joda/time/emul/org/joda/time/format/PeriodFormatterBuilder.java,PeriodFormatterBuilder,org.joda.time.format
scan,repos/Time-27f/JodaTimeContrib/gwt/src/main/gwt-emul/org/joda/time/emul/org/joda/time/format/PeriodFormatterBuilder.java,PeriodFormatterBuilder,org.joda.time.format
calculatePrintedLength,repos/Time-27f/JodaTimeContrib/gwt/src/main/gwt-emul/org/joda/time/emul/org/joda/time/format/PeriodFormatterBuilder.java,PeriodFormatterBuilder,org.joda.time.format
printTo,repos/Time-27f/JodaTimeContrib/gwt/src/main/gwt-emul/org/joda/time/emul/org/joda/time/format/PeriodFormatterBuilder.java,PeriodFormatterBuilder,org.joda.time.format
printTo,repos/Time-27f/JodaTimeContrib/gwt/src/main/gwt-emul/org/joda/time/emul/org/joda/time/format/PeriodFormatterBuilder.java,PeriodFormatterBuilder,org.joda.time.format
parse,repos/Time-27f/JodaTimeContrib/gwt/src/main/gwt-emul/org/joda/time/emul/org/joda/time/format/PeriodFormatterBuilder.java,PeriodFormatterBuilder,org.joda.time.format
scan,repos/Time-27f/JodaTimeContrib/gwt/src/main/gwt-emul/org/joda/time/emul/org/joda/time/format/PeriodFormatterBuilder.java,PeriodFormatterBuilder,org.joda.time.format
calculatePrintedLength,repos/Time-27f/JodaTimeContrib/gwt/src/main/gwt-emul/org/joda/time/emul/org/joda/time/format/PeriodFormatterBuilder.java,PeriodFormatterBuilder,org.joda.time.format
printTo,repos/Time-27f/JodaTimeContrib/gwt/src/main/gwt-emul/org/joda/time/emul/org/joda/time/format/PeriodFormatterBuilder.java,PeriodFormatterBuilder,org.joda.time.format
printTo,repos/Time-27f/JodaTimeContrib/gwt/src/main/gwt-emul/org/joda/time/emul/org/joda/time/format/PeriodFormatterBuilder.java,PeriodFormatterBuilder,org.joda.time.format
parse,repos/Time-27f/JodaTimeContrib/gwt/src/main/gwt-emul/org/joda/time/emul/org/joda/time/format/PeriodFormatterBuilder.java,PeriodFormatterBuilder,org.joda.time.format
scan,repos/Time-27f/JodaTimeContrib/gwt/src/main/gwt-emul/org/joda/time/emul/org/joda/time/format/PeriodFormatterBuilder.java,PeriodFormatterBuilder,org.joda.time.format
calculatePrintedLength,repos/Time-27f/JodaTimeContrib/gwt/src/main/gwt-emul/org/joda/time/emul/org/joda/time/format/PeriodFormatterBuilder.java,PeriodFormatterBuilder,org.joda.time.format
printTo,repos/Time-27f/JodaTimeContrib/gwt/src/main/gwt-emul/org/joda/time/emul/org/joda/time/format/PeriodFormatterBuilder.java,PeriodFormatterBuilder,org.joda.time.format
printTo,repos/Time-27f/JodaTimeContrib/gwt/src/main/gwt-emul/org/joda/time/emul/org/joda/time/format/PeriodFormatterBuilder.java,PeriodFormatterBuilder,org.joda.time.format
parse,repos/Time-27f/JodaTimeContrib/gwt/src/main/gwt-emul/org/joda/time/emul/org/joda/time/format/PeriodFormatterBuilder.java,PeriodFormatterBuilder,org.joda.time.format
scan,repos/Time-27f/JodaTimeContrib/gwt/src/main/gwt-emul/org/joda/time/emul/org/joda/time/format/PeriodFormatterBuilder.java,PeriodFormatterBuilder,org.joda.time.format
countFieldsToPrint,repos/Time-27f/JodaTimeContrib/gwt/src/main/gwt-emul/org/joda/time/emul/org/joda/time/format/PeriodFormatterBuilder.java,PeriodFormatterBuilder,org.joda.time.format
calculatePrintedLength,repos/Time-27f/JodaTimeContrib/gwt/src/main/gwt-emul/org/joda/time/emul/org/joda/time/format/PeriodFormatterBuilder.java,PeriodFormatterBuilder,org.joda.time.format
printTo,repos/Time-27f/JodaTimeContrib/gwt/src/main/gwt-emul/org/joda/time/emul/org/joda/time/format/PeriodFormatterBuilder.java,PeriodFormatterBuilder,org.joda.time.format
printTo,repos/Time-27f/JodaTimeContrib/gwt/src/main/gwt-emul/org/joda/time/emul/org/joda/time/format/PeriodFormatterBuilder.java,PeriodFormatterBuilder,org.joda.time.format
parseInto,repos/Time-27f/JodaTimeContrib/gwt/src/main/gwt-emul/org/joda/time/emul/org/joda/time/format/PeriodFormatterBuilder.java,PeriodFormatterBuilder,org.joda.time.format
parseInt,repos/Time-27f/JodaTimeContrib/gwt/src/main/gwt-emul/org/joda/time/emul/org/joda/time/format/PeriodFormatterBuilder.java,PeriodFormatterBuilder,org.joda.time.format
getFieldValue,repos/Time-27f/JodaTimeContrib/gwt/src/main/gwt-emul/org/joda/time/emul/org/joda/time/format/PeriodFormatterBuilder.java,PeriodFormatterBuilder,org.joda.time.format
isZero,repos/Time-27f/JodaTimeContrib/gwt/src/main/gwt-emul/org/joda/time/emul/org/joda/time/format/PeriodFormatterBuilder.java,PeriodFormatterBuilder,org.joda.time.format
isSupported,repos/Time-27f/JodaTimeContrib/gwt/src/main/gwt-emul/org/joda/time/emul/org/joda/time/format/PeriodFormatterBuilder.java,PeriodFormatterBuilder,org.joda.time.format
setFieldValue,repos/Time-27f/JodaTimeContrib/gwt/src/main/gwt-emul/org/joda/time/emul/org/joda/time/format/PeriodFormatterBuilder.java,PeriodFormatterBuilder,org.joda.time.format
getFieldType,repos/Time-27f/JodaTimeContrib/gwt/src/main/gwt-emul/org/joda/time/emul/org/joda/time/format/PeriodFormatterBuilder.java,PeriodFormatterBuilder,org.joda.time.format
countFieldsToPrint,repos/Time-27f/JodaTimeContrib/gwt/src/main/gwt-emul/org/joda/time/emul/org/joda/time/format/PeriodFormatterBuilder.java,PeriodFormatterBuilder,org.joda.time.format
calculatePrintedLength,repos/Time-27f/JodaTimeContrib/gwt/src/main/gwt-emul/org/joda/time/emul/org/joda/time/format/PeriodFormatterBuilder.java,PeriodFormatterBuilder,org.joda.time.format
printTo,repos/Time-27f/JodaTimeContrib/gwt/src/main/gwt-emul/org/joda/time/emul/org/joda/time/format/PeriodFormatterBuilder.java,PeriodFormatterBuilder,org.joda.time.format
printTo,repos/Time-27f/JodaTimeContrib/gwt/src/main/gwt-emul/org/joda/time/emul/org/joda/time/format/PeriodFormatterBuilder.java,PeriodFormatterBuilder,org.joda.time.format
parseInto,repos/Time-27f/JodaTimeContrib/gwt/src/main/gwt-emul/org/joda/time/emul/org/joda/time/format/PeriodFormatterBuilder.java,PeriodFormatterBuilder,org.joda.time.format
countFieldsToPrint,repos/Time-27f/JodaTimeContrib/gwt/src/main/gwt-emul/org/joda/time/emul/org/joda/time/format/PeriodFormatterBuilder.java,PeriodFormatterBuilder,org.joda.time.format
calculatePrintedLength,repos/Time-27f/JodaTimeContrib/gwt/src/main/gwt-emul/org/joda/time/emul/org/joda/time/format/PeriodFormatterBuilder.java,PeriodFormatterBuilder,org.joda.time.format
printTo,repos/Time-27f/JodaTimeContrib/gwt/src/main/gwt-emul/org/joda/time/emul/org/joda/time/format/PeriodFormatterBuilder.java,PeriodFormatterBuilder,org.joda.time.format
printTo,repos/Time-27f/JodaTimeContrib/gwt/src/main/gwt-emul/org/joda/time/emul/org/joda/time/format/PeriodFormatterBuilder.java,PeriodFormatterBuilder,org.joda.time.format
parseInto,repos/Time-27f/JodaTimeContrib/gwt/src/main/gwt-emul/org/joda/time/emul/org/joda/time/format/PeriodFormatterBuilder.java,PeriodFormatterBuilder,org.joda.time.format
finish,repos/Time-27f/JodaTimeContrib/gwt/src/main/gwt-emul/org/joda/time/emul/org/joda/time/format/PeriodFormatterBuilder.java,PeriodFormatterBuilder,org.joda.time.format
countFieldsToPrint,repos/Time-27f/JodaTimeContrib/gwt/src/main/gwt-emul/org/joda/time/emul/org/joda/time/format/PeriodFormatterBuilder.java,PeriodFormatterBuilder,org.joda.time.format
calculatePrintedLength,repos/Time-27f/JodaTimeContrib/gwt/src/main/gwt-emul/org/joda/time/emul/org/joda/time/format/PeriodFormatterBuilder.java,PeriodFormatterBuilder,org.joda.time.format
printTo,repos/Time-27f/JodaTimeContrib/gwt/src/main/gwt-emul/org/joda/time/emul/org/joda/time/format/PeriodFormatterBuilder.java,PeriodFormatterBuilder,org.joda.time.format
printTo,repos/Time-27f/JodaTimeContrib/gwt/src/main/gwt-emul/org/joda/time/emul/org/joda/time/format/PeriodFormatterBuilder.java,PeriodFormatterBuilder,org.joda.time.format
parseInto,repos/Time-27f/JodaTimeContrib/gwt/src/main/gwt-emul/org/joda/time/emul/org/joda/time/format/PeriodFormatterBuilder.java,PeriodFormatterBuilder,org.joda.time.format
decompose,repos/Time-27f/JodaTimeContrib/gwt/src/main/gwt-emul/org/joda/time/emul/org/joda/time/format/PeriodFormatterBuilder.java,PeriodFormatterBuilder,org.joda.time.format
addArrayToList,repos/Time-27f/JodaTimeContrib/gwt/src/main/gwt-emul/org/joda/time/emul/org/joda/time/format/PeriodFormatterBuilder.java,PeriodFormatterBuilder,org.joda.time.format
calculatePrintedLength,repos/Time-27f/JodaTimeContrib/gwt/src/main/gwt-emul/org/joda/time/emul/org/joda/time/format/PeriodFormatterBuilder.java,PeriodFieldAffix,org.joda.time.format
printTo,repos/Time-27f/JodaTimeContrib/gwt/src/main/gwt-emul/org/joda/time/emul/org/joda/time/format/PeriodFormatterBuilder.java,PeriodFieldAffix,org.joda.time.format
printTo,repos/Time-27f/JodaTimeContrib/gwt/src/main/gwt-emul/org/joda/time/emul/org/joda/time/format/PeriodFormatterBuilder.java,PeriodFieldAffix,org.joda.time.format
parse,repos/Time-27f/JodaTimeContrib/gwt/src/main/gwt-emul/org/joda/time/emul/org/joda/time/format/PeriodFormatterBuilder.java,PeriodFieldAffix,org.joda.time.format
scan,repos/Time-27f/JodaTimeContrib/gwt/src/main/gwt-emul/org/joda/time/emul/org/joda/time/format/PeriodFormatterBuilder.java,PeriodFieldAffix,org.joda.time.format
calculatePrintedLength,repos/Time-27f/JodaTimeContrib/gwt/src/main/gwt-emul/org/joda/time/emul/org/joda/time/format/PeriodFormatterBuilder.java,SimpleAffix,org.joda.time.format
printTo,repos/Time-27f/JodaTimeContrib/gwt/src/main/gwt-emul/org/joda/time/emul/org/joda/time/format/PeriodFormatterBuilder.java,SimpleAffix,org.joda.time.format
printTo,repos/Time-27f/JodaTimeContrib/gwt/src/main/gwt-emul/org/joda/time/emul/org/joda/time/format/PeriodFormatterBuilder.java,SimpleAffix,org.joda.time.format
parse,repos/Time-27f/JodaTimeContrib/gwt/src/main/gwt-emul/org/joda/time/emul/org/joda/time/format/PeriodFormatterBuilder.java,SimpleAffix,org.joda.time.format
scan,repos/Time-27f/JodaTimeContrib/gwt/src/main/gwt-emul/org/joda/time/emul/org/joda/time/format/PeriodFormatterBuilder.java,SimpleAffix,org.joda.time.format
calculatePrintedLength,repos/Time-27f/JodaTimeContrib/gwt/src/main/gwt-emul/org/joda/time/emul/org/joda/time/format/PeriodFormatterBuilder.java,PluralAffix,org.joda.time.format
printTo,repos/Time-27f/JodaTimeContrib/gwt/src/main/gwt-emul/org/joda/time/emul/org/joda/time/format/PeriodFormatterBuilder.java,PluralAffix,org.joda.time.format
printTo,repos/Time-27f/JodaTimeContrib/gwt/src/main/gwt-emul/org/joda/time/emul/org/joda/time/format/PeriodFormatterBuilder.java,PluralAffix,org.joda.time.format
parse,repos/Time-27f/JodaTimeContrib/gwt/src/main/gwt-emul/org/joda/time/emul/org/joda/time/format/PeriodFormatterBuilder.java,PluralAffix,org.joda.time.format
scan,repos/Time-27f/JodaTimeContrib/gwt/src/main/gwt-emul/org/joda/time/emul/org/joda/time/format/PeriodFormatterBuilder.java,PluralAffix,org.joda.time.format
calculatePrintedLength,repos/Time-27f/JodaTimeContrib/gwt/src/main/gwt-emul/org/joda/time/emul/org/joda/time/format/PeriodFormatterBuilder.java,CompositeAffix,org.joda.time.format
printTo,repos/Time-27f/JodaTimeContrib/gwt/src/main/gwt-emul/org/joda/time/emul/org/joda/time/format/PeriodFormatterBuilder.java,CompositeAffix,org.joda.time.format
printTo,repos/Time-27f/JodaTimeContrib/gwt/src/main/gwt-emul/org/joda/time/emul/org/joda/time/format/PeriodFormatterBuilder.java,CompositeAffix,org.joda.time.format
parse,repos/Time-27f/JodaTimeContrib/gwt/src/main/gwt-emul/org/joda/time/emul/org/joda/time/format/PeriodFormatterBuilder.java,CompositeAffix,org.joda.time.format
scan,repos/Time-27f/JodaTimeContrib/gwt/src/main/gwt-emul/org/joda/time/emul/org/joda/time/format/PeriodFormatterBuilder.java,CompositeAffix,org.joda.time.format
countFieldsToPrint,repos/Time-27f/JodaTimeContrib/gwt/src/main/gwt-emul/org/joda/time/emul/org/joda/time/format/PeriodFormatterBuilder.java,FieldFormatter,org.joda.time.format
calculatePrintedLength,repos/Time-27f/JodaTimeContrib/gwt/src/main/gwt-emul/org/joda/time/emul/org/joda/time/format/PeriodFormatterBuilder.java,FieldFormatter,org.joda.time.format
printTo,repos/Time-27f/JodaTimeContrib/gwt/src/main/gwt-emul/org/joda/time/emul/org/joda/time/format/PeriodFormatterBuilder.java,FieldFormatter,org.joda.time.format
printTo,repos/Time-27f/JodaTimeContrib/gwt/src/main/gwt-emul/org/joda/time/emul/org/joda/time/format/PeriodFormatterBuilder.java,FieldFormatter,org.joda.time.format
parseInto,repos/Time-27f/JodaTimeContrib/gwt/src/main/gwt-emul/org/joda/time/emul/org/joda/time/format/PeriodFormatterBuilder.java,FieldFormatter,org.joda.time.format
parseInt,repos/Time-27f/JodaTimeContrib/gwt/src/main/gwt-emul/org/joda/time/emul/org/joda/time/format/PeriodFormatterBuilder.java,FieldFormatter,org.joda.time.format
getFieldValue,repos/Time-27f/JodaTimeContrib/gwt/src/main/gwt-emul/org/joda/time/emul/org/joda/time/format/PeriodFormatterBuilder.java,FieldFormatter,org.joda.time.format
isZero,repos/Time-27f/JodaTimeContrib/gwt/src/main/gwt-emul/org/joda/time/emul/org/joda/time/format/PeriodFormatterBuilder.java,FieldFormatter,org.joda.time.format
isSupported,repos/Time-27f/JodaTimeContrib/gwt/src/main/gwt-emul/org/joda/time/emul/org/joda/time/format/PeriodFormatterBuilder.java,FieldFormatter,org.joda.time.format
setFieldValue,repos/Time-27f/JodaTimeContrib/gwt/src/main/gwt-emul/org/joda/time/emul/org/joda/time/format/PeriodFormatterBuilder.java,FieldFormatter,org.joda.time.format
getFieldType,repos/Time-27f/JodaTimeContrib/gwt/src/main/gwt-emul/org/joda/time/emul/org/joda/time/format/PeriodFormatterBuilder.java,FieldFormatter,org.joda.time.format
countFieldsToPrint,repos/Time-27f/JodaTimeContrib/gwt/src/main/gwt-emul/org/joda/time/emul/org/joda/time/format/PeriodFormatterBuilder.java,Literal,org.joda.time.format
calculatePrintedLength,repos/Time-27f/JodaTimeContrib/gwt/src/main/gwt-emul/org/joda/time/emul/org/joda/time/format/PeriodFormatterBuilder.java,Literal,org.joda.time.format
printTo,repos/Time-27f/JodaTimeContrib/gwt/src/main/gwt-emul/org/joda/time/emul/org/joda/time/format/PeriodFormatterBuilder.java,Literal,org.joda.time.format
printTo,repos/Time-27f/JodaTimeContrib/gwt/src/main/gwt-emul/org/joda/time/emul/org/joda/time/format/PeriodFormatterBuilder.java,Literal,org.joda.time.format
parseInto,repos/Time-27f/JodaTimeContrib/gwt/src/main/gwt-emul/org/joda/time/emul/org/joda/time/format/PeriodFormatterBuilder.java,Literal,org.joda.time.format
countFieldsToPrint,repos/Time-27f/JodaTimeContrib/gwt/src/main/gwt-emul/org/joda/time/emul/org/joda/time/format/PeriodFormatterBuilder.java,Separator,org.joda.time.format
calculatePrintedLength,repos/Time-27f/JodaTimeContrib/gwt/src/main/gwt-emul/org/joda/time/emul/org/joda/time/format/PeriodFormatterBuilder.java,Separator,org.joda.time.format
printTo,repos/Time-27f/JodaTimeContrib/gwt/src/main/gwt-emul/org/joda/time/emul/org/joda/time/format/PeriodFormatterBuilder.java,Separator,org.joda.time.format
printTo,repos/Time-27f/JodaTimeContrib/gwt/src/main/gwt-emul/org/joda/time/emul/org/joda/time/format/PeriodFormatterBuilder.java,Separator,org.joda.time.format
parseInto,repos/Time-27f/JodaTimeContrib/gwt/src/main/gwt-emul/org/joda/time/emul/org/joda/time/format/PeriodFormatterBuilder.java,Separator,org.joda.time.format
finish,repos/Time-27f/JodaTimeContrib/gwt/src/main/gwt-emul/org/joda/time/emul/org/joda/time/format/PeriodFormatterBuilder.java,Separator,org.joda.time.format
countFieldsToPrint,repos/Time-27f/JodaTimeContrib/gwt/src/main/gwt-emul/org/joda/time/emul/org/joda/time/format/PeriodFormatterBuilder.java,Composite,org.joda.time.format
calculatePrintedLength,repos/Time-27f/JodaTimeContrib/gwt/src/main/gwt-emul/org/joda/time/emul/org/joda/time/format/PeriodFormatterBuilder.java,Composite,org.joda.time.format
printTo,repos/Time-27f/JodaTimeContrib/gwt/src/main/gwt-emul/org/joda/time/emul/org/joda/time/format/PeriodFormatterBuilder.java,Composite,org.joda.time.format
printTo,repos/Time-27f/JodaTimeContrib/gwt/src/main/gwt-emul/org/joda/time/emul/org/joda/time/format/PeriodFormatterBuilder.java,Composite,org.joda.time.format
parseInto,repos/Time-27f/JodaTimeContrib/gwt/src/main/gwt-emul/org/joda/time/emul/org/joda/time/format/PeriodFormatterBuilder.java,Composite,org.joda.time.format
decompose,repos/Time-27f/JodaTimeContrib/gwt/src/main/gwt-emul/org/joda/time/emul/org/joda/time/format/PeriodFormatterBuilder.java,Composite,org.joda.time.format
addArrayToList,repos/Time-27f/JodaTimeContrib/gwt/src/main/gwt-emul/org/joda/time/emul/org/joda/time/format/PeriodFormatterBuilder.java,Composite,org.joda.time.format
toFormatter,repos/Time-27f/JodaTimeContrib/gwt/src/main/gwt-emul/org/joda/time/emul/org/joda/time/format/DateTimeFormatterBuilder.java,DateTimeFormatterBuilder,org.joda.time.format
toPrinter,repos/Time-27f/JodaTimeContrib/gwt/src/main/gwt-emul/org/joda/time/emul/org/joda/time/format/DateTimeFormatterBuilder.java,DateTimeFormatterBuilder,org.joda.time.format
toParser,repos/Time-27f/JodaTimeContrib/gwt/src/main/gwt-emul/org/joda/time/emul/org/joda/time/format/DateTimeFormatterBuilder.java,DateTimeFormatterBuilder,org.joda.time.format
canBuildFormatter,repos/Time-27f/JodaTimeContrib/gwt/src/main/gwt-emul/org/joda/time/emul/org/joda/time/format/DateTimeFormatterBuilder.java,DateTimeFormatterBuilder,org.joda.time.format
canBuildPrinter,repos/Time-27f/JodaTimeContrib/gwt/src/main/gwt-emul/org/joda/time/emul/org/joda/time/format/DateTimeFormatterBuilder.java,DateTimeFormatterBuilder,org.joda.time.format
canBuildParser,repos/Time-27f/JodaTimeContrib/gwt/src/main/gwt-emul/org/joda/time/emul/org/joda/time/format/DateTimeFormatterBuilder.java,DateTimeFormatterBuilder,org.joda.time.format
clear,repos/Time-27f/JodaTimeContrib/gwt/src/main/gwt-emul/org/joda/time/emul/org/joda/time/format/DateTimeFormatterBuilder.java,DateTimeFormatterBuilder,org.joda.time.format
append,repos/Time-27f/JodaTimeContrib/gwt/src/main/gwt-emul/org/joda/time/emul/org/joda/time/format/DateTimeFormatterBuilder.java,DateTimeFormatterBuilder,org.joda.time.format
append,repos/Time-27f/JodaTimeContrib/gwt/src/main/gwt-emul/org/joda/time/emul/org/joda/time/format/DateTimeFormatterBuilder.java,DateTimeFormatterBuilder,org.joda.time.format
append,repos/Time-27f/JodaTimeContrib/gwt/src/main/gwt-emul/org/joda/time/emul/org/joda/time/format/DateTimeFormatterBuilder.java,DateTimeFormatterBuilder,org.joda.time.format
append,repos/Time-27f/JodaTimeContrib/gwt/src/main/gwt-emul/org/joda/time/emul/org/joda/time/format/DateTimeFormatterBuilder.java,DateTimeFormatterBuilder,org.joda.time.format
append,repos/Time-27f/JodaTimeContrib/gwt/src/main/gwt-emul/org/joda/time/emul/org/joda/time/format/DateTimeFormatterBuilder.java,DateTimeFormatterBuilder,org.joda.time.format
appendOptional,repos/Time-27f/JodaTimeContrib/gwt/src/main/gwt-emul/org/joda/time/emul/org/joda/time/format/DateTimeFormatterBuilder.java,DateTimeFormatterBuilder,org.joda.time.format
checkParser,repos/Time-27f/JodaTimeContrib/gwt/src/main/gwt-emul/org/joda/time/emul/org/joda/time/format/DateTimeFormatterBuilder.java,DateTimeFormatterBuilder,org.joda.time.format
checkPrinter,repos/Time-27f/JodaTimeContrib/gwt/src/main/gwt-emul/org/joda/time/emul/org/joda/time/format/DateTimeFormatterBuilder.java,DateTimeFormatterBuilder,org.joda.time.format
append0,repos/Time-27f/JodaTimeContrib/gwt/src/main/gwt-emul/org/joda/time/emul/org/joda/time/format/DateTimeFormatterBuilder.java,DateTimeFormatterBuilder,org.joda.time.format
append0,repos/Time-27f/JodaTimeContrib/gwt/src/main/gwt-emul/org/joda/time/emul/org/joda/time/format/DateTimeFormatterBuilder.java,DateTimeFormatterBuilder,org.joda.time.format
appendLiteral,repos/Time-27f/JodaTimeContrib/gwt/src/main/gwt-emul/org/joda/time/emul/org/joda/time/format/DateTimeFormatterBuilder.java,DateTimeFormatterBuilder,org.joda.time.format
appendLiteral,repos/Time-27f/JodaTimeContrib/gwt/src/main/gwt-emul/org/joda/time/emul/org/joda/time/format/DateTimeFormatterBuilder.java,DateTimeFormatterBuilder,org.joda.time.format
appendDecimal,repos/Time-27f/JodaTimeContrib/gwt/src/main/gwt-emul/org/joda/time/emul/org/joda/time/format/DateTimeFormatterBuilder.java,DateTimeFormatterBuilder,org.joda.time.format
appendFixedDecimal,repos/Time-27f/JodaTimeContrib/gwt/src/main/gwt-emul/org/joda/time/emul/org/joda/time/format/DateTimeFormatterBuilder.java,DateTimeFormatterBuilder,org.joda.time.format
appendSignedDecimal,repos/Time-27f/JodaTimeContrib/gwt/src/main/gwt-emul/org/joda/time/emul/org/joda/time/format/DateTimeFormatterBuilder.java,DateTimeFormatterBuilder,org.joda.time.format
appendFixedSignedDecimal,repos/Time-27f/JodaTimeContrib/gwt/src/main/gwt-emul/org/joda/time/emul/org/joda/time/format/DateTimeFormatterBuilder.java,DateTimeFormatterBuilder,org.joda.time.format
appendText,repos/Time-27f/JodaTimeContrib/gwt/src/main/gwt-emul/org/joda/time/emul/org/joda/time/format/DateTimeFormatterBuilder.java,DateTimeFormatterBuilder,org.joda.time.format
appendShortText,repos/Time-27f/JodaTimeContrib/gwt/src/main/gwt-emul/org/joda/time/emul/org/joda/time/format/DateTimeFormatterBuilder.java,DateTimeFormatterBuilder,org.joda.time.format
appendFraction,repos/Time-27f/JodaTimeContrib/gwt/src/main/gwt-emul/org/joda/time/emul/org/joda/time/format/DateTimeFormatterBuilder.java,DateTimeFormatterBuilder,org.joda.time.format
appendFractionOfSecond,repos/Time-27f/JodaTimeContrib/gwt/src/main/gwt-emul/org/joda/time/emul/org/joda/time/format/DateTimeFormatterBuilder.java,DateTimeFormatterBuilder,org.joda.time.format
appendFractionOfMinute,repos/Time-27f/JodaTimeContrib/gwt/src/main/gwt-emul/org/joda/time/emul/org/joda/time/format/DateTimeFormatterBuilder.java,DateTimeFormatterBuilder,org.joda.time.format
appendFractionOfHour,repos/Time-27f/JodaTimeContrib/gwt/src/main/gwt-emul/org/joda/time/emul/org/joda/time/format/DateTimeFormatterBuilder.java,DateTimeFormatterBuilder,org.joda.time.format
appendFractionOfDay,repos/Time-27f/JodaTimeContrib/gwt/src/main/gwt-emul/org/joda/time/emul/org/joda/time/format/DateTimeFormatterBuilder.java,DateTimeFormatterBuilder,org.joda.time.format
appendMillisOfSecond,repos/Time-27f/JodaTimeContrib/gwt/src/main/gwt-emul/org/joda/time/emul/org/joda/time/format/DateTimeFormatterBuilder.java,DateTimeFormatterBuilder,org.joda.time.format
appendMillisOfDay,repos/Time-27f/JodaTimeContrib/gwt/src/main/gwt-emul/org/joda/time/emul/org/joda/time/format/DateTimeFormatterBuilder.java,DateTimeFormatterBuilder,org.joda.time.format
appendSecondOfMinute,repos/Time-27f/JodaTimeContrib/gwt/src/main/gwt-emul/org/joda/time/emul/org/joda/time/format/DateTimeFormatterBuilder.java,DateTimeFormatterBuilder,org.joda.time.format
appendSecondOfDay,repos/Time-27f/JodaTimeContrib/gwt/src/main/gwt-emul/org/joda/time/emul/org/joda/time/format/DateTimeFormatterBuilder.java,DateTimeFormatterBuilder,org.joda.time.format
appendMinuteOfHour,repos/Time-27f/JodaTimeContrib/gwt/src/main/gwt-emul/org/joda/time/emul/org/joda/time/format/DateTimeFormatterBuilder.java,DateTimeFormatterBuilder,org.joda.time.format
appendMinuteOfDay,repos/Time-27f/JodaTimeContrib/gwt/src/main/gwt-emul/org/joda/time/emul/org/joda/time/format/DateTimeFormatterBuilder.java,DateTimeFormatterBuilder,org.joda.time.format
appendHourOfDay,repos/Time-27f/JodaTimeContrib/gwt/src/main/gwt-emul/org/joda/time/emul/org/joda/time/format/DateTimeFormatterBuilder.java,DateTimeFormatterBuilder,org.joda.time.format
appendClockhourOfDay,repos/Time-27f/JodaTimeContrib/gwt/src/main/gwt-emul/org/joda/time/emul/org/joda/time/format/DateTimeFormatterBuilder.java,DateTimeFormatterBuilder,org.joda.time.format
appendHourOfHalfday,repos/Time-27f/JodaTimeContrib/gwt/src/main/gwt-emul/org/joda/time/emul/org/joda/time/format/DateTimeFormatterBuilder.java,DateTimeFormatterBuilder,org.joda.time.format
appendClockhourOfHalfday,repos/Time-27f/JodaTimeContrib/gwt/src/main/gwt-emul/org/joda/time/emul/org/joda/time/format/DateTimeFormatterBuilder.java,DateTimeFormatterBuilder,org.joda.time.format
appendDayOfWeek,repos/Time-27f/JodaTimeContrib/gwt/src/main/gwt-emul/org/joda/time/emul/org/joda/time/format/DateTimeFormatterBuilder.java,DateTimeFormatterBuilder,org.joda.time.format
appendDayOfMonth,repos/Time-27f/JodaTimeContrib/gwt/src/main/gwt-emul/org/joda/time/emul/org/joda/time/format/DateTimeFormatterBuilder.java,DateTimeFormatterBuilder,org.joda.time.format
appendDayOfYear,repos/Time-27f/JodaTimeContrib/gwt/src/main/gwt-emul/org/joda/time/emul/org/joda/time/format/DateTimeFormatterBuilder.java,DateTimeFormatterBuilder,org.joda.time.format
appendWeekOfWeekyear,repos/Time-27f/JodaTimeContrib/gwt/src/main/gwt-emul/org/joda/time/emul/org/joda/time/format/DateTimeFormatterBuilder.java,DateTimeFormatterBuilder,org.joda.time.format
appendWeekyear,repos/Time-27f/JodaTimeContrib/gwt/src/main/gwt-emul/org/joda/time/emul/org/joda/time/format/DateTimeFormatterBuilder.java,DateTimeFormatterBuilder,org.joda.time.format
appendMonthOfYear,repos/Time-27f/JodaTimeContrib/gwt/src/main/gwt-emul/org/joda/time/emul/org/joda/time/format/DateTimeFormatterBuilder.java,DateTimeFormatterBuilder,org.joda.time.format
appendYear,repos/Time-27f/JodaTimeContrib/gwt/src/main/gwt-emul/org/joda/time/emul/org/joda/time/format/DateTimeFormatterBuilder.java,DateTimeFormatterBuilder,org.joda.time.format
appendTwoDigitYear,repos/Time-27f/JodaTimeContrib/gwt/src/main/gwt-emul/org/joda/time/emul/org/joda/time/format/DateTimeFormatterBuilder.java,DateTimeFormatterBuilder,org.joda.time.format
appendTwoDigitYear,repos/Time-27f/JodaTimeContrib/gwt/src/main/gwt-emul/org/joda/time/emul/org/joda/time/format/DateTimeFormatterBuilder.java,DateTimeFormatterBuilder,org.joda.time.format
appendTwoDigitWeekyear,repos/Time-27f/JodaTimeContrib/gwt/src/main/gwt-emul/org/joda/time/emul/org/joda/time/format/DateTimeFormatterBuilder.java,DateTimeFormatterBuilder,org.joda.time.format
appendTwoDigitWeekyear,repos/Time-27f/JodaTimeContrib/gwt/src/main/gwt-emul/org/joda/time/emul/org/joda/time/format/DateTimeFormatterBuilder.java,DateTimeFormatterBuilder,org.joda.time.format
appendYearOfEra,repos/Time-27f/JodaTimeContrib/gwt/src/main/gwt-emul/org/joda/time/emul/org/joda/time/format/DateTimeFormatterBuilder.java,DateTimeFormatterBuilder,org.joda.time.format
appendYearOfCentury,repos/Time-27f/JodaTimeContrib/gwt/src/main/gwt-emul/org/joda/time/emul/org/joda/time/format/DateTimeFormatterBuilder.java,DateTimeFormatterBuilder,org.joda.time.format
appendCenturyOfEra,repos/Time-27f/JodaTimeContrib/gwt/src/main/gwt-emul/org/joda/time/emul/org/joda/time/format/DateTimeFormatterBuilder.java,DateTimeFormatterBuilder,org.joda.time.format
appendHalfdayOfDayText,repos/Time-27f/JodaTimeContrib/gwt/src/main/gwt-emul/org/joda/time/emul/org/joda/time/format/DateTimeFormatterBuilder.java,DateTimeFormatterBuilder,org.joda.time.format
appendDayOfWeekText,repos/Time-27f/JodaTimeContrib/gwt/src/main/gwt-emul/org/joda/time/emul/org/joda/time/format/DateTimeFormatterBuilder.java,DateTimeFormatterBuilder,org.joda.time.format
appendDayOfWeekShortText,repos/Time-27f/JodaTimeContrib/gwt/src/main/gwt-emul/org/joda/time/emul/org/joda/time/format/DateTimeFormatterBuilder.java,DateTimeFormatterBuilder,org.joda.time.format
appendMonthOfYearText,repos/Time-27f/JodaTimeContrib/gwt/src/main/gwt-emul/org/joda/time/emul/org/joda/time/format/DateTimeFormatterBuilder.java,DateTimeFormatterBuilder,org.joda.time.format
appendMonthOfYearShortText,repos/Time-27f/JodaTimeContrib/gwt/src/main/gwt-emul/org/joda/time/emul/org/joda/time/format/DateTimeFormatterBuilder.java,DateTimeFormatterBuilder,org.joda.time.format
appendEraText,repos/Time-27f/JodaTimeContrib/gwt/src/main/gwt-emul/org/joda/time/emul/org/joda/time/format/DateTimeFormatterBuilder.java,DateTimeFormatterBuilder,org.joda.time.format
appendTimeZoneName,repos/Time-27f/JodaTimeContrib/gwt/src/main/gwt-emul/org/joda/time/emul/org/joda/time/format/DateTimeFormatterBuilder.java,DateTimeFormatterBuilder,org.joda.time.format
appendTimeZoneShortName,repos/Time-27f/JodaTimeContrib/gwt/src/main/gwt-emul/org/joda/time/emul/org/joda/time/format/DateTimeFormatterBuilder.java,DateTimeFormatterBuilder,org.joda.time.format
appendTimeZoneId,repos/Time-27f/JodaTimeContrib/gwt/src/main/gwt-emul/org/joda/time/emul/org/joda/time/format/DateTimeFormatterBuilder.java,DateTimeFormatterBuilder,org.joda.time.format
appendTimeZoneOffset,repos/Time-27f/JodaTimeContrib/gwt/src/main/gwt-emul/org/joda/time/emul/org/joda/time/format/DateTimeFormatterBuilder.java,DateTimeFormatterBuilder,org.joda.time.format
appendPattern,repos/Time-27f/JodaTimeContrib/gwt/src/main/gwt-emul/org/joda/time/emul/org/joda/time/format/DateTimeFormatterBuilder.java,DateTimeFormatterBuilder,org.joda.time.format
getFormatter,repos/Time-27f/JodaTimeContrib/gwt/src/main/gwt-emul/org/joda/time/emul/org/joda/time/format/DateTimeFormatterBuilder.java,DateTimeFormatterBuilder,org.joda.time.format
isPrinter,repos/Time-27f/JodaTimeContrib/gwt/src/main/gwt-emul/org/joda/time/emul/org/joda/time/format/DateTimeFormatterBuilder.java,DateTimeFormatterBuilder,org.joda.time.format
isParser,repos/Time-27f/JodaTimeContrib/gwt/src/main/gwt-emul/org/joda/time/emul/org/joda/time/format/DateTimeFormatterBuilder.java,DateTimeFormatterBuilder,org.joda.time.format
isFormatter,repos/Time-27f/JodaTimeContrib/gwt/src/main/gwt-emul/org/joda/time/emul/org/joda/time/format/DateTimeFormatterBuilder.java,DateTimeFormatterBuilder,org.joda.time.format
appendUnknownString,repos/Time-27f/JodaTimeContrib/gwt/src/main/gwt-emul/org/joda/time/emul/org/joda/time/format/DateTimeFormatterBuilder.java,DateTimeFormatterBuilder,org.joda.time.format
printUnknownString,repos/Time-27f/JodaTimeContrib/gwt/src/main/gwt-emul/org/joda/time/emul/org/joda/time/format/DateTimeFormatterBuilder.java,DateTimeFormatterBuilder,org.joda.time.format
estimatePrintedLength,repos/Time-27f/JodaTimeContrib/gwt/src/main/gwt-emul/org/joda/time/emul/org/joda/time/format/DateTimeFormatterBuilder.java,DateTimeFormatterBuilder,org.joda.time.format
printTo,repos/Time-27f/JodaTimeContrib/gwt/src/main/gwt-emul/org/joda/time/emul/org/joda/time/format/DateTimeFormatterBuilder.java,DateTimeFormatterBuilder,org.joda.time.format
printTo,repos/Time-27f/JodaTimeContrib/gwt/src/main/gwt-emul/org/joda/time/emul/org/joda/time/format/DateTimeFormatterBuilder.java,DateTimeFormatterBuilder,org.joda.time.format
printTo,repos/Time-27f/JodaTimeContrib/gwt/src/main/gwt-emul/org/joda/time/emul/org/joda/time/format/DateTimeFormatterBuilder.java,DateTimeFormatterBuilder,org.joda.time.format
printTo,repos/Time-27f/JodaTimeContrib/gwt/src/main/gwt-emul/org/joda/time/emul/org/joda/time/format/DateTimeFormatterBuilder.java,DateTimeFormatterBuilder,org.joda.time.format
estimateParsedLength,repos/Time-27f/JodaTimeContrib/gwt/src/main/gwt-emul/org/joda/time/emul/org/joda/time/format/DateTimeFormatterBuilder.java,DateTimeFormatterBuilder,org.joda.time.format
parseInto,repos/Time-27f/JodaTimeContrib/gwt/src/main/gwt-emul/org/joda/time/emul/org/joda/time/format/DateTimeFormatterBuilder.java,DateTimeFormatterBuilder,org.joda.time.format
estimatePrintedLength,repos/Time-27f/JodaTimeContrib/gwt/src/main/gwt-emul/org/joda/time/emul/org/joda/time/format/DateTimeFormatterBuilder.java,DateTimeFormatterBuilder,org.joda.time.format
printTo,repos/Time-27f/JodaTimeContrib/gwt/src/main/gwt-emul/org/joda/time/emul/org/joda/time/format/DateTimeFormatterBuilder.java,DateTimeFormatterBuilder,org.joda.time.format
printTo,repos/Time-27f/JodaTimeContrib/gwt/src/main/gwt-emul/org/joda/time/emul/org/joda/time/format/DateTimeFormatterBuilder.java,DateTimeFormatterBuilder,org.joda.time.format
printTo,repos/Time-27f/JodaTimeContrib/gwt/src/main/gwt-emul/org/joda/time/emul/org/joda/time/format/DateTimeFormatterBuilder.java,DateTimeFormatterBuilder,org.joda.time.format
printTo,repos/Time-27f/JodaTimeContrib/gwt/src/main/gwt-emul/org/joda/time/emul/org/joda/time/format/DateTimeFormatterBuilder.java,DateTimeFormatterBuilder,org.joda.time.format
estimateParsedLength,repos/Time-27f/JodaTimeContrib/gwt/src/main/gwt-emul/org/joda/time/emul/org/joda/time/format/DateTimeFormatterBuilder.java,DateTimeFormatterBuilder,org.joda.time.format
parseInto,repos/Time-27f/JodaTimeContrib/gwt/src/main/gwt-emul/org/joda/time/emul/org/joda/time/format/DateTimeFormatterBuilder.java,DateTimeFormatterBuilder,org.joda.time.format
estimateParsedLength,repos/Time-27f/JodaTimeContrib/gwt/src/main/gwt-emul/org/joda/time/emul/org/joda/time/format/DateTimeFormatterBuilder.java,DateTimeFormatterBuilder,org.joda.time.format
parseInto,repos/Time-27f/JodaTimeContrib/gwt/src/main/gwt-emul/org/joda/time/emul/org/joda/time/format/DateTimeFormatterBuilder.java,DateTimeFormatterBuilder,org.joda.time.format
estimatePrintedLength,repos/Time-27f/JodaTimeContrib/gwt/src/main/gwt-emul/org/joda/time/emul/org/joda/time/format/DateTimeFormatterBuilder.java,DateTimeFormatterBuilder,org.joda.time.format
printTo,repos/Time-27f/JodaTimeContrib/gwt/src/main/gwt-emul/org/joda/time/emul/org/joda/time/format/DateTimeFormatterBuilder.java,DateTimeFormatterBuilder,org.joda.time.format
printTo,repos/Time-27f/JodaTimeContrib/gwt/src/main/gwt-emul/org/joda/time/emul/org/joda/time/format/DateTimeFormatterBuilder.java,DateTimeFormatterBuilder,org.joda.time.format
printTo,repos/Time-27f/JodaTimeContrib/gwt/src/main/gwt-emul/org/joda/time/emul/org/joda/time/format/DateTimeFormatterBuilder.java,DateTimeFormatterBuilder,org.joda.time.format
printTo,repos/Time-27f/JodaTimeContrib/gwt/src/main/gwt-emul/org/joda/time/emul/org/joda/time/format/DateTimeFormatterBuilder.java,DateTimeFormatterBuilder,org.joda.time.format
estimatePrintedLength,repos/Time-27f/JodaTimeContrib/gwt/src/main/gwt-emul/org/joda/time/emul/org/joda/time/format/DateTimeFormatterBuilder.java,DateTimeFormatterBuilder,org.joda.time.format
printTo,repos/Time-27f/JodaTimeContrib/gwt/src/main/gwt-emul/org/joda/time/emul/org/joda/time/format/DateTimeFormatterBuilder.java,DateTimeFormatterBuilder,org.joda.time.format
printTo,repos/Time-27f/JodaTimeContrib/gwt/src/main/gwt-emul/org/joda/time/emul/org/joda/time/format/DateTimeFormatterBuilder.java,DateTimeFormatterBuilder,org.joda.time.format
printTo,repos/Time-27f/JodaTimeContrib/gwt/src/main/gwt-emul/org/joda/time/emul/org/joda/time/format/DateTimeFormatterBuilder.java,DateTimeFormatterBuilder,org.joda.time.format
printTo,repos/Time-27f/JodaTimeContrib/gwt/src/main/gwt-emul/org/joda/time/emul/org/joda/time/format/DateTimeFormatterBuilder.java,DateTimeFormatterBuilder,org.joda.time.format
parseInto,repos/Time-27f/JodaTimeContrib/gwt/src/main/gwt-emul/org/joda/time/emul/org/joda/time/format/DateTimeFormatterBuilder.java,DateTimeFormatterBuilder,org.joda.time.format
estimateParsedLength,repos/Time-27f/JodaTimeContrib/gwt/src/main/gwt-emul/org/joda/time/emul/org/joda/time/format/DateTimeFormatterBuilder.java,DateTimeFormatterBuilder,org.joda.time.format
parseInto,repos/Time-27f/JodaTimeContrib/gwt/src/main/gwt-emul/org/joda/time/emul/org/joda/time/format/DateTimeFormatterBuilder.java,DateTimeFormatterBuilder,org.joda.time.format
estimatePrintedLength,repos/Time-27f/JodaTimeContrib/gwt/src/main/gwt-emul/org/joda/time/emul/org/joda/time/format/DateTimeFormatterBuilder.java,DateTimeFormatterBuilder,org.joda.time.format
printTo,repos/Time-27f/JodaTimeContrib/gwt/src/main/gwt-emul/org/joda/time/emul/org/joda/time/format/DateTimeFormatterBuilder.java,DateTimeFormatterBuilder,org.joda.time.format
printTo,repos/Time-27f/JodaTimeContrib/gwt/src/main/gwt-emul/org/joda/time/emul/org/joda/time/format/DateTimeFormatterBuilder.java,DateTimeFormatterBuilder,org.joda.time.format
getTwoDigitYear,repos/Time-27f/JodaTimeContrib/gwt/src/main/gwt-emul/org/joda/time/emul/org/joda/time/format/DateTimeFormatterBuilder.java,DateTimeFormatterBuilder,org.joda.time.format
printTo,repos/Time-27f/JodaTimeContrib/gwt/src/main/gwt-emul/org/joda/time/emul/org/joda/time/format/DateTimeFormatterBuilder.java,DateTimeFormatterBuilder,org.joda.time.format
printTo,repos/Time-27f/JodaTimeContrib/gwt/src/main/gwt-emul/org/joda/time/emul/org/joda/time/format/DateTimeFormatterBuilder.java,DateTimeFormatterBuilder,org.joda.time.format
getTwoDigitYear,repos/Time-27f/JodaTimeContrib/gwt/src/main/gwt-emul/org/joda/time/emul/org/joda/time/format/DateTimeFormatterBuilder.java,DateTimeFormatterBuilder,org.joda.time.format
estimatePrintedLength,repos/Time-27f/JodaTimeContrib/gwt/src/main/gwt-emul/org/joda/time/emul/org/joda/time/format/DateTimeFormatterBuilder.java,DateTimeFormatterBuilder,org.joda.time.format
printTo,repos/Time-27f/JodaTimeContrib/gwt/src/main/gwt-emul/org/joda/time/emul/org/joda/time/format/DateTimeFormatterBuilder.java,DateTimeFormatterBuilder,org.joda.time.format
printTo,repos/Time-27f/JodaTimeContrib/gwt/src/main/gwt-emul/org/joda/time/emul/org/joda/time/format/DateTimeFormatterBuilder.java,DateTimeFormatterBuilder,org.joda.time.format
printTo,repos/Time-27f/JodaTimeContrib/gwt/src/main/gwt-emul/org/joda/time/emul/org/joda/time/format/DateTimeFormatterBuilder.java,DateTimeFormatterBuilder,org.joda.time.format
printTo,repos/Time-27f/JodaTimeContrib/gwt/src/main/gwt-emul/org/joda/time/emul/org/joda/time/format/DateTimeFormatterBuilder.java,DateTimeFormatterBuilder,org.joda.time.format
print,repos/Time-27f/JodaTimeContrib/gwt/src/main/gwt-emul/org/joda/time/emul/org/joda/time/format/DateTimeFormatterBuilder.java,DateTimeFormatterBuilder,org.joda.time.format
print,repos/Time-27f/JodaTimeContrib/gwt/src/main/gwt-emul/org/joda/time/emul/org/joda/time/format/DateTimeFormatterBuilder.java,DateTimeFormatterBuilder,org.joda.time.format
estimateParsedLength,repos/Time-27f/JodaTimeContrib/gwt/src/main/gwt-emul/org/joda/time/emul/org/joda/time/format/DateTimeFormatterBuilder.java,DateTimeFormatterBuilder,org.joda.time.format
parseInto,repos/Time-27f/JodaTimeContrib/gwt/src/main/gwt-emul/org/joda/time/emul/org/joda/time/format/DateTimeFormatterBuilder.java,DateTimeFormatterBuilder,org.joda.time.format
estimatePrintedLength,repos/Time-27f/JodaTimeContrib/gwt/src/main/gwt-emul/org/joda/time/emul/org/joda/time/format/DateTimeFormatterBuilder.java,DateTimeFormatterBuilder,org.joda.time.format
printTo,repos/Time-27f/JodaTimeContrib/gwt/src/main/gwt-emul/org/joda/time/emul/org/joda/time/format/DateTimeFormatterBuilder.java,DateTimeFormatterBuilder,org.joda.time.format
printTo,repos/Time-27f/JodaTimeContrib/gwt/src/main/gwt-emul/org/joda/time/emul/org/joda/time/format/DateTimeFormatterBuilder.java,DateTimeFormatterBuilder,org.joda.time.format
printTo,repos/Time-27f/JodaTimeContrib/gwt/src/main/gwt-emul/org/joda/time/emul/org/joda/time/format/DateTimeFormatterBuilder.java,DateTimeFormatterBuilder,org.joda.time.format
printTo,repos/Time-27f/JodaTimeContrib/gwt/src/main/gwt-emul/org/joda/time/emul/org/joda/time/format/DateTimeFormatterBuilder.java,DateTimeFormatterBuilder,org.joda.time.format
printTo,repos/Time-27f/JodaTimeContrib/gwt/src/main/gwt-emul/org/joda/time/emul/org/joda/time/format/DateTimeFormatterBuilder.java,DateTimeFormatterBuilder,org.joda.time.format
getFractionData,repos/Time-27f/JodaTimeContrib/gwt/src/main/gwt-emul/org/joda/time/emul/org/joda/time/format/DateTimeFormatterBuilder.java,DateTimeFormatterBuilder,org.joda.time.format
estimateParsedLength,repos/Time-27f/JodaTimeContrib/gwt/src/main/gwt-emul/org/joda/time/emul/org/joda/time/format/DateTimeFormatterBuilder.java,DateTimeFormatterBuilder,org.joda.time.format
parseInto,repos/Time-27f/JodaTimeContrib/gwt/src/main/gwt-emul/org/joda/time/emul/org/joda/time/format/DateTimeFormatterBuilder.java,DateTimeFormatterBuilder,org.joda.time.format
estimatePrintedLength,repos/Time-27f/JodaTimeContrib/gwt/src/main/gwt-emul/org/joda/time/emul/org/joda/time/format/DateTimeFormatterBuilder.java,DateTimeFormatterBuilder,org.joda.time.format
printTo,repos/Time-27f/JodaTimeContrib/gwt/src/main/gwt-emul/org/joda/time/emul/org/joda/time/format/DateTimeFormatterBuilder.java,DateTimeFormatterBuilder,org.joda.time.format
printTo,repos/Time-27f/JodaTimeContrib/gwt/src/main/gwt-emul/org/joda/time/emul/org/joda/time/format/DateTimeFormatterBuilder.java,DateTimeFormatterBuilder,org.joda.time.format
printTo,repos/Time-27f/JodaTimeContrib/gwt/src/main/gwt-emul/org/joda/time/emul/org/joda/time/format/DateTimeFormatterBuilder.java,DateTimeFormatterBuilder,org.joda.time.format
printTo,repos/Time-27f/JodaTimeContrib/gwt/src/main/gwt-emul/org/joda/time/emul/org/joda/time/format/DateTimeFormatterBuilder.java,DateTimeFormatterBuilder,org.joda.time.format
estimateParsedLength,repos/Time-27f/JodaTimeContrib/gwt/src/main/gwt-emul/org/joda/time/emul/org/joda/time/format/DateTimeFormatterBuilder.java,DateTimeFormatterBuilder,org.joda.time.format
parseInto,repos/Time-27f/JodaTimeContrib/gwt/src/main/gwt-emul/org/joda/time/emul/org/joda/time/format/DateTimeFormatterBuilder.java,DateTimeFormatterBuilder,org.joda.time.format
digitCount,repos/Time-27f/JodaTimeContrib/gwt/src/main/gwt-emul/org/joda/time/emul/org/joda/time/format/DateTimeFormatterBuilder.java,DateTimeFormatterBuilder,org.joda.time.format
estimatePrintedLength,repos/Time-27f/JodaTimeContrib/gwt/src/main/gwt-emul/org/joda/time/emul/org/joda/time/format/DateTimeFormatterBuilder.java,DateTimeFormatterBuilder,org.joda.time.format
printTo,repos/Time-27f/JodaTimeContrib/gwt/src/main/gwt-emul/org/joda/time/emul/org/joda/time/format/DateTimeFormatterBuilder.java,DateTimeFormatterBuilder,org.joda.time.format
printTo,repos/Time-27f/JodaTimeContrib/gwt/src/main/gwt-emul/org/joda/time/emul/org/joda/time/format/DateTimeFormatterBuilder.java,DateTimeFormatterBuilder,org.joda.time.format
print,repos/Time-27f/JodaTimeContrib/gwt/src/main/gwt-emul/org/joda/time/emul/org/joda/time/format/DateTimeFormatterBuilder.java,DateTimeFormatterBuilder,org.joda.time.format
printTo,repos/Time-27f/JodaTimeContrib/gwt/src/main/gwt-emul/org/joda/time/emul/org/joda/time/format/DateTimeFormatterBuilder.java,DateTimeFormatterBuilder,org.joda.time.format
printTo,repos/Time-27f/JodaTimeContrib/gwt/src/main/gwt-emul/org/joda/time/emul/org/joda/time/format/DateTimeFormatterBuilder.java,DateTimeFormatterBuilder,org.joda.time.format
estimatePrintedLength,repos/Time-27f/JodaTimeContrib/gwt/src/main/gwt-emul/org/joda/time/emul/org/joda/time/format/DateTimeFormatterBuilder.java,DateTimeFormatterBuilder,org.joda.time.format
printTo,repos/Time-27f/JodaTimeContrib/gwt/src/main/gwt-emul/org/joda/time/emul/org/joda/time/format/DateTimeFormatterBuilder.java,DateTimeFormatterBuilder,org.joda.time.format
printTo,repos/Time-27f/JodaTimeContrib/gwt/src/main/gwt-emul/org/joda/time/emul/org/joda/time/format/DateTimeFormatterBuilder.java,DateTimeFormatterBuilder,org.joda.time.format
printTo,repos/Time-27f/JodaTimeContrib/gwt/src/main/gwt-emul/org/joda/time/emul/org/joda/time/format/DateTimeFormatterBuilder.java,DateTimeFormatterBuilder,org.joda.time.format
printTo,repos/Time-27f/JodaTimeContrib/gwt/src/main/gwt-emul/org/joda/time/emul/org/joda/time/format/DateTimeFormatterBuilder.java,DateTimeFormatterBuilder,org.joda.time.format
estimateParsedLength,repos/Time-27f/JodaTimeContrib/gwt/src/main/gwt-emul/org/joda/time/emul/org/joda/time/format/DateTimeFormatterBuilder.java,DateTimeFormatterBuilder,org.joda.time.format
parseInto,repos/Time-27f/JodaTimeContrib/gwt/src/main/gwt-emul/org/joda/time/emul/org/joda/time/format/DateTimeFormatterBuilder.java,DateTimeFormatterBuilder,org.joda.time.format
isPrinter,repos/Time-27f/JodaTimeContrib/gwt/src/main/gwt-emul/org/joda/time/emul/org/joda/time/format/DateTimeFormatterBuilder.java,DateTimeFormatterBuilder,org.joda.time.format
isParser,repos/Time-27f/JodaTimeContrib/gwt/src/main/gwt-emul/org/joda/time/emul/org/joda/time/format/DateTimeFormatterBuilder.java,DateTimeFormatterBuilder,org.joda.time.format
decompose,repos/Time-27f/JodaTimeContrib/gwt/src/main/gwt-emul/org/joda/time/emul/org/joda/time/format/DateTimeFormatterBuilder.java,DateTimeFormatterBuilder,org.joda.time.format
addArrayToList,repos/Time-27f/JodaTimeContrib/gwt/src/main/gwt-emul/org/joda/time/emul/org/joda/time/format/DateTimeFormatterBuilder.java,DateTimeFormatterBuilder,org.joda.time.format
estimateParsedLength,repos/Time-27f/JodaTimeContrib/gwt/src/main/gwt-emul/org/joda/time/emul/org/joda/time/format/DateTimeFormatterBuilder.java,DateTimeFormatterBuilder,org.joda.time.format
parseInto,repos/Time-27f/JodaTimeContrib/gwt/src/main/gwt-emul/org/joda/time/emul/org/joda/time/format/DateTimeFormatterBuilder.java,DateTimeFormatterBuilder,org.joda.time.format
estimatePrintedLength,repos/Time-27f/JodaTimeContrib/gwt/src/main/gwt-emul/org/joda/time/emul/org/joda/time/format/DateTimeFormatterBuilder.java,CharacterLiteral,org.joda.time.format
printTo,repos/Time-27f/JodaTimeContrib/gwt/src/main/gwt-emul/org/joda/time/emul/org/joda/time/format/DateTimeFormatterBuilder.java,CharacterLiteral,org.joda.time.format
printTo,repos/Time-27f/JodaTimeContrib/gwt/src/main/gwt-emul/org/joda/time/emul/org/joda/time/format/DateTimeFormatterBuilder.java,CharacterLiteral,org.joda.time.format
printTo,repos/Time-27f/JodaTimeContrib/gwt/src/main/gwt-emul/org/joda/time/emul/org/joda/time/format/DateTimeFormatterBuilder.java,CharacterLiteral,org.joda.time.format
printTo,repos/Time-27f/JodaTimeContrib/gwt/src/main/gwt-emul/org/joda/time/emul/org/joda/time/format/DateTimeFormatterBuilder.java,CharacterLiteral,org.joda.time.format
estimateParsedLength,repos/Time-27f/JodaTimeContrib/gwt/src/main/gwt-emul/org/joda/time/emul/org/joda/time/format/DateTimeFormatterBuilder.java,CharacterLiteral,org.joda.time.format
parseInto,repos/Time-27f/JodaTimeContrib/gwt/src/main/gwt-emul/org/joda/time/emul/org/joda/time/format/DateTimeFormatterBuilder.java,CharacterLiteral,org.joda.time.format
estimatePrintedLength,repos/Time-27f/JodaTimeContrib/gwt/src/main/gwt-emul/org/joda/time/emul/org/joda/time/format/DateTimeFormatterBuilder.java,StringLiteral,org.joda.time.format
printTo,repos/Time-27f/JodaTimeContrib/gwt/src/main/gwt-emul/org/joda/time/emul/org/joda/time/format/DateTimeFormatterBuilder.java,StringLiteral,org.joda.time.format
printTo,repos/Time-27f/JodaTimeContrib/gwt/src/main/gwt-emul/org/joda/time/emul/org/joda/time/format/DateTimeFormatterBuilder.java,StringLiteral,org.joda.time.format
printTo,repos/Time-27f/JodaTimeContrib/gwt/src/main/gwt-emul/org/joda/time/emul/org/joda/time/format/DateTimeFormatterBuilder.java,StringLiteral,org.joda.time.format
printTo,repos/Time-27f/JodaTimeContrib/gwt/src/main/gwt-emul/org/joda/time/emul/org/joda/time/format/DateTimeFormatterBuilder.java,StringLiteral,org.joda.time.format
estimateParsedLength,repos/Time-27f/JodaTimeContrib/gwt/src/main/gwt-emul/org/joda/time/emul/org/joda/time/format/DateTimeFormatterBuilder.java,StringLiteral,org.joda.time.format
parseInto,repos/Time-27f/JodaTimeContrib/gwt/src/main/gwt-emul/org/joda/time/emul/org/joda/time/format/DateTimeFormatterBuilder.java,StringLiteral,org.joda.time.format
estimateParsedLength,repos/Time-27f/JodaTimeContrib/gwt/src/main/gwt-emul/org/joda/time/emul/org/joda/time/format/DateTimeFormatterBuilder.java,NumberFormatter,org.joda.time.format
parseInto,repos/Time-27f/JodaTimeContrib/gwt/src/main/gwt-emul/org/joda/time/emul/org/joda/time/format/DateTimeFormatterBuilder.java,NumberFormatter,org.joda.time.format
estimatePrintedLength,repos/Time-27f/JodaTimeContrib/gwt/src/main/gwt-emul/org/joda/time/emul/org/joda/time/format/DateTimeFormatterBuilder.java,UnpaddedNumber,org.joda.time.format
printTo,repos/Time-27f/JodaTimeContrib/gwt/src/main/gwt-emul/org/joda/time/emul/org/joda/time/format/DateTimeFormatterBuilder.java,UnpaddedNumber,org.joda.time.format
printTo,repos/Time-27f/JodaTimeContrib/gwt/src/main/gwt-emul/org/joda/time/emul/org/joda/time/format/DateTimeFormatterBuilder.java,UnpaddedNumber,org.joda.time.format
printTo,repos/Time-27f/JodaTimeContrib/gwt/src/main/gwt-emul/org/joda/time/emul/org/joda/time/format/DateTimeFormatterBuilder.java,UnpaddedNumber,org.joda.time.format
printTo,repos/Time-27f/JodaTimeContrib/gwt/src/main/gwt-emul/org/joda/time/emul/org/joda/time/format/DateTimeFormatterBuilder.java,UnpaddedNumber,org.joda.time.format
estimatePrintedLength,repos/Time-27f/JodaTimeContrib/gwt/src/main/gwt-emul/org/joda/time/emul/org/joda/time/format/DateTimeFormatterBuilder.java,PaddedNumber,org.joda.time.format
printTo,repos/Time-27f/JodaTimeContrib/gwt/src/main/gwt-emul/org/joda/time/emul/org/joda/time/format/DateTimeFormatterBuilder.java,PaddedNumber,org.joda.time.format
printTo,repos/Time-27f/JodaTimeContrib/gwt/src/main/gwt-emul/org/joda/time/emul/org/joda/time/format/DateTimeFormatterBuilder.java,PaddedNumber,org.joda.time.format
printTo,repos/Time-27f/JodaTimeContrib/gwt/src/main/gwt-emul/org/joda/time/emul/org/joda/time/format/DateTimeFormatterBuilder.java,PaddedNumber,org.joda.time.format
printTo,repos/Time-27f/JodaTimeContrib/gwt/src/main/gwt-emul/org/joda/time/emul/org/joda/time/format/DateTimeFormatterBuilder.java,PaddedNumber,org.joda.time.format
parseInto,repos/Time-27f/JodaTimeContrib/gwt/src/main/gwt-emul/org/joda/time/emul/org/joda/time/format/DateTimeFormatterBuilder.java,FixedNumber,org.joda.time.format
estimateParsedLength,repos/Time-27f/JodaTimeContrib/gwt/src/main/gwt-emul/org/joda/time/emul/org/joda/time/format/DateTimeFormatterBuilder.java,TwoDigitYear,org.joda.time.format
parseInto,repos/Time-27f/JodaTimeContrib/gwt/src/main/gwt-emul/org/joda/time/emul/org/joda/time/format/DateTimeFormatterBuilder.java,TwoDigitYear,org.joda.time.format
estimatePrintedLength,repos/Time-27f/JodaTimeContrib/gwt/src/main/gwt-emul/org/joda/time/emul/org/joda/time/format/DateTimeFormatterBuilder.java,TwoDigitYear,org.joda.time.format
printTo,repos/Time-27f/JodaTimeContrib/gwt/src/main/gwt-emul/org/joda/time/emul/org/joda/time/format/DateTimeFormatterBuilder.java,TwoDigitYear,org.joda.time.format
printTo,repos/Time-27f/JodaTimeContrib/gwt/src/main/gwt-emul/org/joda/time/emul/org/joda/time/format/DateTimeFormatterBuilder.java,TwoDigitYear,org.joda.time.format
getTwoDigitYear,repos/Time-27f/JodaTimeContrib/gwt/src/main/gwt-emul/org/joda/time/emul/org/joda/time/format/DateTimeFormatterBuilder.java,TwoDigitYear,org.joda.time.format
printTo,repos/Time-27f/JodaTimeContrib/gwt/src/main/gwt-emul/org/joda/time/emul/org/joda/time/format/DateTimeFormatterBuilder.java,TwoDigitYear,org.joda.time.format
printTo,repos/Time-27f/JodaTimeContrib/gwt/src/main/gwt-emul/org/joda/time/emul/org/joda/time/format/DateTimeFormatterBuilder.java,TwoDigitYear,org.joda.time.format
getTwoDigitYear,repos/Time-27f/JodaTimeContrib/gwt/src/main/gwt-emul/org/joda/time/emul/org/joda/time/format/DateTimeFormatterBuilder.java,TwoDigitYear,org.joda.time.format
estimatePrintedLength,repos/Time-27f/JodaTimeContrib/gwt/src/main/gwt-emul/org/joda/time/emul/org/joda/time/format/DateTimeFormatterBuilder.java,TextField,org.joda.time.format
printTo,repos/Time-27f/JodaTimeContrib/gwt/src/main/gwt-emul/org/joda/time/emul/org/joda/time/format/DateTimeFormatterBuilder.java,TextField,org.joda.time.format
printTo,repos/Time-27f/JodaTimeContrib/gwt/src/main/gwt-emul/org/joda/time/emul/org/joda/time/format/DateTimeFormatterBuilder.java,TextField,org.joda.time.format
printTo,repos/Time-27f/JodaTimeContrib/gwt/src/main/gwt-emul/org/joda/time/emul/org/joda/time/format/DateTimeFormatterBuilder.java,TextField,org.joda.time.format
printTo,repos/Time-27f/JodaTimeContrib/gwt/src/main/gwt-emul/org/joda/time/emul/org/joda/time/format/DateTimeFormatterBuilder.java,TextField,org.joda.time.format
print,repos/Time-27f/JodaTimeContrib/gwt/src/main/gwt-emul/org/joda/time/emul/org/joda/time/format/DateTimeFormatterBuilder.java,TextField,org.joda.time.format
print,repos/Time-27f/JodaTimeContrib/gwt/src/main/gwt-emul/org/joda/time/emul/org/joda/time/format/DateTimeFormatterBuilder.java,TextField,org.joda.time.format
estimateParsedLength,repos/Time-27f/JodaTimeContrib/gwt/src/main/gwt-emul/org/joda/time/emul/org/joda/time/format/DateTimeFormatterBuilder.java,TextField,org.joda.time.format
parseInto,repos/Time-27f/JodaTimeContrib/gwt/src/main/gwt-emul/org/joda/time/emul/org/joda/time/format/DateTimeFormatterBuilder.java,TextField,org.joda.time.format
estimatePrintedLength,repos/Time-27f/JodaTimeContrib/gwt/src/main/gwt-emul/org/joda/time/emul/org/joda/time/format/DateTimeFormatterBuilder.java,Fraction,org.joda.time.format
printTo,repos/Time-27f/JodaTimeContrib/gwt/src/main/gwt-emul/org/joda/time/emul/org/joda/time/format/DateTimeFormatterBuilder.java,Fraction,org.joda.time.format
printTo,repos/Time-27f/JodaTimeContrib/gwt/src/main/gwt-emul/org/joda/time/emul/org/joda/time/format/DateTimeFormatterBuilder.java,Fraction,org.joda.time.format
printTo,repos/Time-27f/JodaTimeContrib/gwt/src/main/gwt-emul/org/joda/time/emul/org/joda/time/format/DateTimeFormatterBuilder.java,Fraction,org.joda.time.format
printTo,repos/Time-27f/JodaTimeContrib/gwt/src/main/gwt-emul/org/joda/time/emul/org/joda/time/format/DateTimeFormatterBuilder.java,Fraction,org.joda.time.format
printTo,repos/Time-27f/JodaTimeContrib/gwt/src/main/gwt-emul/org/joda/time/emul/org/joda/time/format/DateTimeFormatterBuilder.java,Fraction,org.joda.time.format
getFractionData,repos/Time-27f/JodaTimeContrib/gwt/src/main/gwt-emul/org/joda/time/emul/org/joda/time/format/DateTimeFormatterBuilder.java,Fraction,org.joda.time.format
estimateParsedLength,repos/Time-27f/JodaTimeContrib/gwt/src/main/gwt-emul/org/joda/time/emul/org/joda/time/format/DateTimeFormatterBuilder.java,Fraction,org.joda.time.format
parseInto,repos/Time-27f/JodaTimeContrib/gwt/src/main/gwt-emul/org/joda/time/emul/org/joda/time/format/DateTimeFormatterBuilder.java,Fraction,org.joda.time.format
estimatePrintedLength,repos/Time-27f/JodaTimeContrib/gwt/src/main/gwt-emul/org/joda/time/emul/org/joda/time/format/DateTimeFormatterBuilder.java,TimeZoneOffset,org.joda.time.format
printTo,repos/Time-27f/JodaTimeContrib/gwt/src/main/gwt-emul/org/joda/time/emul/org/joda/time/format/DateTimeFormatterBuilder.java,TimeZoneOffset,org.joda.time.format
printTo,repos/Time-27f/JodaTimeContrib/gwt/src/main/gwt-emul/org/joda/time/emul/org/joda/time/format/DateTimeFormatterBuilder.java,TimeZoneOffset,org.joda.time.format
printTo,repos/Time-27f/JodaTimeContrib/gwt/src/main/gwt-emul/org/joda/time/emul/org/joda/time/format/DateTimeFormatterBuilder.java,TimeZoneOffset,org.joda.time.format
printTo,repos/Time-27f/JodaTimeContrib/gwt/src/main/gwt-emul/org/joda/time/emul/org/joda/time/format/DateTimeFormatterBuilder.java,TimeZoneOffset,org.joda.time.format
estimateParsedLength,repos/Time-27f/JodaTimeContrib/gwt/src/main/gwt-emul/org/joda/time/emul/org/joda/time/format/DateTimeFormatterBuilder.java,TimeZoneOffset,org.joda.time.format
parseInto,repos/Time-27f/JodaTimeContrib/gwt/src/main/gwt-emul/org/joda/time/emul/org/joda/time/format/DateTimeFormatterBuilder.java,TimeZoneOffset,org.joda.time.format
digitCount,repos/Time-27f/JodaTimeContrib/gwt/src/main/gwt-emul/org/joda/time/emul/org/joda/time/format/DateTimeFormatterBuilder.java,TimeZoneOffset,org.joda.time.format
estimatePrintedLength,repos/Time-27f/JodaTimeContrib/gwt/src/main/gwt-emul/org/joda/time/emul/org/joda/time/format/DateTimeFormatterBuilder.java,TimeZoneName,org.joda.time.format
printTo,repos/Time-27f/JodaTimeContrib/gwt/src/main/gwt-emul/org/joda/time/emul/org/joda/time/format/DateTimeFormatterBuilder.java,TimeZoneName,org.joda.time.format
printTo,repos/Time-27f/JodaTimeContrib/gwt/src/main/gwt-emul/org/joda/time/emul/org/joda/time/format/DateTimeFormatterBuilder.java,TimeZoneName,org.joda.time.format
print,repos/Time-27f/JodaTimeContrib/gwt/src/main/gwt-emul/org/joda/time/emul/org/joda/time/format/DateTimeFormatterBuilder.java,TimeZoneName,org.joda.time.format
printTo,repos/Time-27f/JodaTimeContrib/gwt/src/main/gwt-emul/org/joda/time/emul/org/joda/time/format/DateTimeFormatterBuilder.java,TimeZoneName,org.joda.time.format
printTo,repos/Time-27f/JodaTimeContrib/gwt/src/main/gwt-emul/org/joda/time/emul/org/joda/time/format/DateTimeFormatterBuilder.java,TimeZoneName,org.joda.time.format
estimatePrintedLength,repos/Time-27f/JodaTimeContrib/gwt/src/main/gwt-emul/org/joda/time/emul/org/joda/time/format/DateTimeFormatterBuilder.java,Composite,org.joda.time.format
printTo,repos/Time-27f/JodaTimeContrib/gwt/src/main/gwt-emul/org/joda/time/emul/org/joda/time/format/DateTimeFormatterBuilder.java,Composite,org.joda.time.format
printTo,repos/Time-27f/JodaTimeContrib/gwt/src/main/gwt-emul/org/joda/time/emul/org/joda/time/format/DateTimeFormatterBuilder.java,Composite,org.joda.time.format
printTo,repos/Time-27f/JodaTimeContrib/gwt/src/main/gwt-emul/org/joda/time/emul/org/joda/time/format/DateTimeFormatterBuilder.java,Composite,org.joda.time.format
printTo,repos/Time-27f/JodaTimeContrib/gwt/src/main/gwt-emul/org/joda/time/emul/org/joda/time/format/DateTimeFormatterBuilder.java,Composite,org.joda.time.format
estimateParsedLength,repos/Time-27f/JodaTimeContrib/gwt/src/main/gwt-emul/org/joda/time/emul/org/joda/time/format/DateTimeFormatterBuilder.java,Composite,org.joda.time.format
parseInto,repos/Time-27f/JodaTimeContrib/gwt/src/main/gwt-emul/org/joda/time/emul/org/joda/time/format/DateTimeFormatterBuilder.java,Composite,org.joda.time.format
isPrinter,repos/Time-27f/JodaTimeContrib/gwt/src/main/gwt-emul/org/joda/time/emul/org/joda/time/format/DateTimeFormatterBuilder.java,Composite,org.joda.time.format
isParser,repos/Time-27f/JodaTimeContrib/gwt/src/main/gwt-emul/org/joda/time/emul/org/joda/time/format/DateTimeFormatterBuilder.java,Composite,org.joda.time.format
decompose,repos/Time-27f/JodaTimeContrib/gwt/src/main/gwt-emul/org/joda/time/emul/org/joda/time/format/DateTimeFormatterBuilder.java,Composite,org.joda.time.format
addArrayToList,repos/Time-27f/JodaTimeContrib/gwt/src/main/gwt-emul/org/joda/time/emul/org/joda/time/format/DateTimeFormatterBuilder.java,Composite,org.joda.time.format
estimateParsedLength,repos/Time-27f/JodaTimeContrib/gwt/src/main/gwt-emul/org/joda/time/emul/org/joda/time/format/DateTimeFormatterBuilder.java,MatchingParser,org.joda.time.format
parseInto,repos/Time-27f/JodaTimeContrib/gwt/src/main/gwt-emul/org/joda/time/emul/org/joda/time/format/DateTimeFormatterBuilder.java,MatchingParser,org.joda.time.format
forPattern,repos/Time-27f/JodaTimeContrib/gwt/src/main/gwt-emul/org/joda/time/emul/org/joda/time/format/DateTimeFormat.java,DateTimeFormat,org.joda.time.format
forStyle,repos/Time-27f/JodaTimeContrib/gwt/src/main/gwt-emul/org/joda/time/emul/org/joda/time/format/DateTimeFormat.java,DateTimeFormat,org.joda.time.format
patternForStyle,repos/Time-27f/JodaTimeContrib/gwt/src/main/gwt-emul/org/joda/time/emul/org/joda/time/format/DateTimeFormat.java,DateTimeFormat,org.joda.time.format
shortDate,repos/Time-27f/JodaTimeContrib/gwt/src/main/gwt-emul/org/joda/time/emul/org/joda/time/format/DateTimeFormat.java,DateTimeFormat,org.joda.time.format
shortTime,repos/Time-27f/JodaTimeContrib/gwt/src/main/gwt-emul/org/joda/time/emul/org/joda/time/format/DateTimeFormat.java,DateTimeFormat,org.joda.time.format
shortDateTime,repos/Time-27f/JodaTimeContrib/gwt/src/main/gwt-emul/org/joda/time/emul/org/joda/time/format/DateTimeFormat.java,DateTimeFormat,org.joda.time.format
mediumDate,repos/Time-27f/JodaTimeContrib/gwt/src/main/gwt-emul/org/joda/time/emul/org/joda/time/format/DateTimeFormat.java,DateTimeFormat,org.joda.time.format
mediumTime,repos/Time-27f/JodaTimeContrib/gwt/src/main/gwt-emul/org/joda/time/emul/org/joda/time/format/DateTimeFormat.java,DateTimeFormat,org.joda.time.format
mediumDateTime,repos/Time-27f/JodaTimeContrib/gwt/src/main/gwt-emul/org/joda/time/emul/org/joda/time/format/DateTimeFormat.java,DateTimeFormat,org.joda.time.format
longDate,repos/Time-27f/JodaTimeContrib/gwt/src/main/gwt-emul/org/joda/time/emul/org/joda/time/format/DateTimeFormat.java,DateTimeFormat,org.joda.time.format
longTime,repos/Time-27f/JodaTimeContrib/gwt/src/main/gwt-emul/org/joda/time/emul/org/joda/time/format/DateTimeFormat.java,DateTimeFormat,org.joda.time.format
longDateTime,repos/Time-27f/JodaTimeContrib/gwt/src/main/gwt-emul/org/joda/time/emul/org/joda/time/format/DateTimeFormat.java,DateTimeFormat,org.joda.time.format
fullDate,repos/Time-27f/JodaTimeContrib/gwt/src/main/gwt-emul/org/joda/time/emul/org/joda/time/format/DateTimeFormat.java,DateTimeFormat,org.joda.time.format
fullTime,repos/Time-27f/JodaTimeContrib/gwt/src/main/gwt-emul/org/joda/time/emul/org/joda/time/format/DateTimeFormat.java,DateTimeFormat,org.joda.time.format
fullDateTime,repos/Time-27f/JodaTimeContrib/gwt/src/main/gwt-emul/org/joda/time/emul/org/joda/time/format/DateTimeFormat.java,DateTimeFormat,org.joda.time.format
appendPatternTo,repos/Time-27f/JodaTimeContrib/gwt/src/main/gwt-emul/org/joda/time/emul/org/joda/time/format/DateTimeFormat.java,DateTimeFormat,org.joda.time.format
parsePatternTo,repos/Time-27f/JodaTimeContrib/gwt/src/main/gwt-emul/org/joda/time/emul/org/joda/time/format/DateTimeFormat.java,DateTimeFormat,org.joda.time.format
parseToken,repos/Time-27f/JodaTimeContrib/gwt/src/main/gwt-emul/org/joda/time/emul/org/joda/time/format/DateTimeFormat.java,DateTimeFormat,org.joda.time.format
isNumericToken,repos/Time-27f/JodaTimeContrib/gwt/src/main/gwt-emul/org/joda/time/emul/org/joda/time/format/DateTimeFormat.java,DateTimeFormat,org.joda.time.format
createFormatterForPattern,repos/Time-27f/JodaTimeContrib/gwt/src/main/gwt-emul/org/joda/time/emul/org/joda/time/format/DateTimeFormat.java,DateTimeFormat,org.joda.time.format
createFormatterForStyle,repos/Time-27f/JodaTimeContrib/gwt/src/main/gwt-emul/org/joda/time/emul/org/joda/time/format/DateTimeFormat.java,DateTimeFormat,org.joda.time.format
createFormatterForStyleIndex,repos/Time-27f/JodaTimeContrib/gwt/src/main/gwt-emul/org/joda/time/emul/org/joda/time/format/DateTimeFormat.java,DateTimeFormat,org.joda.time.format
selectStyle,repos/Time-27f/JodaTimeContrib/gwt/src/main/gwt-emul/org/joda/time/emul/org/joda/time/format/DateTimeFormat.java,DateTimeFormat,org.joda.time.format
estimatePrintedLength,repos/Time-27f/JodaTimeContrib/gwt/src/main/gwt-emul/org/joda/time/emul/org/joda/time/format/DateTimeFormat.java,DateTimeFormat,org.joda.time.format
printTo,repos/Time-27f/JodaTimeContrib/gwt/src/main/gwt-emul/org/joda/time/emul/org/joda/time/format/DateTimeFormat.java,DateTimeFormat,org.joda.time.format
printTo,repos/Time-27f/JodaTimeContrib/gwt/src/main/gwt-emul/org/joda/time/emul/org/joda/time/format/DateTimeFormat.java,DateTimeFormat,org.joda.time.format
printTo,repos/Time-27f/JodaTimeContrib/gwt/src/main/gwt-emul/org/joda/time/emul/org/joda/time/format/DateTimeFormat.java,DateTimeFormat,org.joda.time.format
printTo,repos/Time-27f/JodaTimeContrib/gwt/src/main/gwt-emul/org/joda/time/emul/org/joda/time/format/DateTimeFormat.java,DateTimeFormat,org.joda.time.format
estimateParsedLength,repos/Time-27f/JodaTimeContrib/gwt/src/main/gwt-emul/org/joda/time/emul/org/joda/time/format/DateTimeFormat.java,DateTimeFormat,org.joda.time.format
parseInto,repos/Time-27f/JodaTimeContrib/gwt/src/main/gwt-emul/org/joda/time/emul/org/joda/time/format/DateTimeFormat.java,DateTimeFormat,org.joda.time.format
getFormatter,repos/Time-27f/JodaTimeContrib/gwt/src/main/gwt-emul/org/joda/time/emul/org/joda/time/format/DateTimeFormat.java,DateTimeFormat,org.joda.time.format
getPattern,repos/Time-27f/JodaTimeContrib/gwt/src/main/gwt-emul/org/joda/time/emul/org/joda/time/format/DateTimeFormat.java,DateTimeFormat,org.joda.time.format
estimatePrintedLength,repos/Time-27f/JodaTimeContrib/gwt/src/main/gwt-emul/org/joda/time/emul/org/joda/time/format/DateTimeFormat.java,StyleFormatter,org.joda.time.format
printTo,repos/Time-27f/JodaTimeContrib/gwt/src/main/gwt-emul/org/joda/time/emul/org/joda/time/format/DateTimeFormat.java,StyleFormatter,org.joda.time.format
printTo,repos/Time-27f/JodaTimeContrib/gwt/src/main/gwt-emul/org/joda/time/emul/org/joda/time/format/DateTimeFormat.java,StyleFormatter,org.joda.time.format
printTo,repos/Time-27f/JodaTimeContrib/gwt/src/main/gwt-emul/org/joda/time/emul/org/joda/time/format/DateTimeFormat.java,StyleFormatter,org.joda.time.format
printTo,repos/Time-27f/JodaTimeContrib/gwt/src/main/gwt-emul/org/joda/time/emul/org/joda/time/format/DateTimeFormat.java,StyleFormatter,org.joda.time.format
estimateParsedLength,repos/Time-27f/JodaTimeContrib/gwt/src/main/gwt-emul/org/joda/time/emul/org/joda/time/format/DateTimeFormat.java,StyleFormatter,org.joda.time.format
parseInto,repos/Time-27f/JodaTimeContrib/gwt/src/main/gwt-emul/org/joda/time/emul/org/joda/time/format/DateTimeFormat.java,StyleFormatter,org.joda.time.format
getFormatter,repos/Time-27f/JodaTimeContrib/gwt/src/main/gwt-emul/org/joda/time/emul/org/joda/time/format/DateTimeFormat.java,StyleFormatter,org.joda.time.format
getPattern,repos/Time-27f/JodaTimeContrib/gwt/src/main/gwt-emul/org/joda/time/emul/org/joda/time/format/DateTimeFormat.java,StyleFormatter,org.joda.time.format
years,repos/Time-27f/JodaTimeContrib/gwt/src/main/gwt-emul/org/joda/time/emul/org/joda/time/Years.java,Years,org.joda.time
yearsBetween,repos/Time-27f/JodaTimeContrib/gwt/src/main/gwt-emul/org/joda/time/emul/org/joda/time/Years.java,Years,org.joda.time
yearsBetween,repos/Time-27f/JodaTimeContrib/gwt/src/main/gwt-emul/org/joda/time/emul/org/joda/time/Years.java,Years,org.joda.time
yearsIn,repos/Time-27f/JodaTimeContrib/gwt/src/main/gwt-emul/org/joda/time/emul/org/joda/time/Years.java,Years,org.joda.time
parseYears,repos/Time-27f/JodaTimeContrib/gwt/src/main/gwt-emul/org/joda/time/emul/org/joda/time/Years.java,Years,org.joda.time
readResolve,repos/Time-27f/JodaTimeContrib/gwt/src/main/gwt-emul/org/joda/time/emul/org/joda/time/Years.java,Years,org.joda.time
getFieldType,repos/Time-27f/JodaTimeContrib/gwt/src/main/gwt-emul/org/joda/time/emul/org/joda/time/Years.java,Years,org.joda.time
getPeriodType,repos/Time-27f/JodaTimeContrib/gwt/src/main/gwt-emul/org/joda/time/emul/org/joda/time/Years.java,Years,org.joda.time
getYears,repos/Time-27f/JodaTimeContrib/gwt/src/main/gwt-emul/org/joda/time/emul/org/joda/time/Years.java,Years,org.joda.time
plus,repos/Time-27f/JodaTimeContrib/gwt/src/main/gwt-emul/org/joda/time/emul/org/joda/time/Years.java,Years,org.joda.time
plus,repos/Time-27f/JodaTimeContrib/gwt/src/main/gwt-emul/org/joda/time/emul/org/joda/time/Years.java,Years,org.joda.time
minus,repos/Time-27f/JodaTimeContrib/gwt/src/main/gwt-emul/org/joda/time/emul/org/joda/time/Years.java,Years,org.joda.time
minus,repos/Time-27f/JodaTimeContrib/gwt/src/main/gwt-emul/org/joda/time/emul/org/joda/time/Years.java,Years,org.joda.time
multipliedBy,repos/Time-27f/JodaTimeContrib/gwt/src/main/gwt-emul/org/joda/time/emul/org/joda/time/Years.java,Years,org.joda.time
dividedBy,repos/Time-27f/JodaTimeContrib/gwt/src/main/gwt-emul/org/joda/time/emul/org/joda/time/Years.java,Years,org.joda.time
negated,repos/Time-27f/JodaTimeContrib/gwt/src/main/gwt-emul/org/joda/time/emul/org/joda/time/Years.java,Years,org.joda.time
isGreaterThan,repos/Time-27f/JodaTimeContrib/gwt/src/main/gwt-emul/org/joda/time/emul/org/joda/time/Years.java,Years,org.joda.time
isLessThan,repos/Time-27f/JodaTimeContrib/gwt/src/main/gwt-emul/org/joda/time/emul/org/joda/time/Years.java,Years,org.joda.time
toString,repos/Time-27f/JodaTimeContrib/gwt/src/main/gwt-emul/org/joda/time/emul/org/joda/time/Years.java,Years,org.joda.time
forZone,repos/Time-27f/JodaTimeContrib/gwt/src/main/gwt-emul/org/joda/time/emul/org/joda/time/tz/CachedDateTimeZone.java,CachedDateTimeZone,org.joda.time.tz
readObject,repos/Time-27f/JodaTimeContrib/gwt/src/main/gwt-emul/org/joda/time/emul/org/joda/time/tz/CachedDateTimeZone.java,CachedDateTimeZone,org.joda.time.tz
getUncachedZone,repos/Time-27f/JodaTimeContrib/gwt/src/main/gwt-emul/org/joda/time/emul/org/joda/time/tz/CachedDateTimeZone.java,CachedDateTimeZone,org.joda.time.tz
getNameKey,repos/Time-27f/JodaTimeContrib/gwt/src/main/gwt-emul/org/joda/time/emul/org/joda/time/tz/CachedDateTimeZone.java,CachedDateTimeZone,org.joda.time.tz
getOffset,repos/Time-27f/JodaTimeContrib/gwt/src/main/gwt-emul/org/joda/time/emul/org/joda/time/tz/CachedDateTimeZone.java,CachedDateTimeZone,org.joda.time.tz
getStandardOffset,repos/Time-27f/JodaTimeContrib/gwt/src/main/gwt-emul/org/joda/time/emul/org/joda/time/tz/CachedDateTimeZone.java,CachedDateTimeZone,org.joda.time.tz
isFixed,repos/Time-27f/JodaTimeContrib/gwt/src/main/gwt-emul/org/joda/time/emul/org/joda/time/tz/CachedDateTimeZone.java,CachedDateTimeZone,org.joda.time.tz
nextTransition,repos/Time-27f/JodaTimeContrib/gwt/src/main/gwt-emul/org/joda/time/emul/org/joda/time/tz/CachedDateTimeZone.java,CachedDateTimeZone,org.joda.time.tz
previousTransition,repos/Time-27f/JodaTimeContrib/gwt/src/main/gwt-emul/org/joda/time/emul/org/joda/time/tz/CachedDateTimeZone.java,CachedDateTimeZone,org.joda.time.tz
hashCode,repos/Time-27f/JodaTimeContrib/gwt/src/main/gwt-emul/org/joda/time/emul/org/joda/time/tz/CachedDateTimeZone.java,CachedDateTimeZone,org.joda.time.tz
equals,repos/Time-27f/JodaTimeContrib/gwt/src/main/gwt-emul/org/joda/time/emul/org/joda/time/tz/CachedDateTimeZone.java,CachedDateTimeZone,org.joda.time.tz
getInfo,repos/Time-27f/JodaTimeContrib/gwt/src/main/gwt-emul/org/joda/time/emul/org/joda/time/tz/CachedDateTimeZone.java,CachedDateTimeZone,org.joda.time.tz
createInfo,repos/Time-27f/JodaTimeContrib/gwt/src/main/gwt-emul/org/joda/time/emul/org/joda/time/tz/CachedDateTimeZone.java,CachedDateTimeZone,org.joda.time.tz
getNameKey,repos/Time-27f/JodaTimeContrib/gwt/src/main/gwt-emul/org/joda/time/emul/org/joda/time/tz/CachedDateTimeZone.java,CachedDateTimeZone,org.joda.time.tz
getOffset,repos/Time-27f/JodaTimeContrib/gwt/src/main/gwt-emul/org/joda/time/emul/org/joda/time/tz/CachedDateTimeZone.java,CachedDateTimeZone,org.joda.time.tz
getStandardOffset,repos/Time-27f/JodaTimeContrib/gwt/src/main/gwt-emul/org/joda/time/emul/org/joda/time/tz/CachedDateTimeZone.java,CachedDateTimeZone,org.joda.time.tz
getNameKey,repos/Time-27f/JodaTimeContrib/gwt/src/main/gwt-emul/org/joda/time/emul/org/joda/time/tz/CachedDateTimeZone.java,Info,org.joda.time.tz
getOffset,repos/Time-27f/JodaTimeContrib/gwt/src/main/gwt-emul/org/joda/time/emul/org/joda/time/tz/CachedDateTimeZone.java,Info,org.joda.time.tz
getStandardOffset,repos/Time-27f/JodaTimeContrib/gwt/src/main/gwt-emul/org/joda/time/emul/org/joda/time/tz/CachedDateTimeZone.java,Info,org.joda.time.tz
readFrom,repos/Time-27f/JodaTimeContrib/gwt/src/main/gwt-emul/org/joda/time/emul/org/joda/time/tz/DateTimeZoneBuilder.java,DateTimeZoneBuilder,org.joda.time.tz
readFrom,repos/Time-27f/JodaTimeContrib/gwt/src/main/gwt-emul/org/joda/time/emul/org/joda/time/tz/DateTimeZoneBuilder.java,DateTimeZoneBuilder,org.joda.time.tz
writeMillis,repos/Time-27f/JodaTimeContrib/gwt/src/main/gwt-emul/org/joda/time/emul/org/joda/time/tz/DateTimeZoneBuilder.java,DateTimeZoneBuilder,org.joda.time.tz
readMillis,repos/Time-27f/JodaTimeContrib/gwt/src/main/gwt-emul/org/joda/time/emul/org/joda/time/tz/DateTimeZoneBuilder.java,DateTimeZoneBuilder,org.joda.time.tz
buildFixedZone,repos/Time-27f/JodaTimeContrib/gwt/src/main/gwt-emul/org/joda/time/emul/org/joda/time/tz/DateTimeZoneBuilder.java,DateTimeZoneBuilder,org.joda.time.tz
addCutover,repos/Time-27f/JodaTimeContrib/gwt/src/main/gwt-emul/org/joda/time/emul/org/joda/time/tz/DateTimeZoneBuilder.java,DateTimeZoneBuilder,org.joda.time.tz
setStandardOffset,repos/Time-27f/JodaTimeContrib/gwt/src/main/gwt-emul/org/joda/time/emul/org/joda/time/tz/DateTimeZoneBuilder.java,DateTimeZoneBuilder,org.joda.time.tz
setFixedSavings,repos/Time-27f/JodaTimeContrib/gwt/src/main/gwt-emul/org/joda/time/emul/org/joda/time/tz/DateTimeZoneBuilder.java,DateTimeZoneBuilder,org.joda.time.tz
addRecurringSavings,repos/Time-27f/JodaTimeContrib/gwt/src/main/gwt-emul/org/joda/time/emul/org/joda/time/tz/DateTimeZoneBuilder.java,DateTimeZoneBuilder,org.joda.time.tz
getLastRuleSet,repos/Time-27f/JodaTimeContrib/gwt/src/main/gwt-emul/org/joda/time/emul/org/joda/time/tz/DateTimeZoneBuilder.java,DateTimeZoneBuilder,org.joda.time.tz
toDateTimeZone,repos/Time-27f/JodaTimeContrib/gwt/src/main/gwt-emul/org/joda/time/emul/org/joda/time/tz/DateTimeZoneBuilder.java,DateTimeZoneBuilder,org.joda.time.tz
addTransition,repos/Time-27f/JodaTimeContrib/gwt/src/main/gwt-emul/org/joda/time/emul/org/joda/time/tz/DateTimeZoneBuilder.java,DateTimeZoneBuilder,org.joda.time.tz
writeTo,repos/Time-27f/JodaTimeContrib/gwt/src/main/gwt-emul/org/joda/time/emul/org/joda/time/tz/DateTimeZoneBuilder.java,DateTimeZoneBuilder,org.joda.time.tz
writeTo,repos/Time-27f/JodaTimeContrib/gwt/src/main/gwt-emul/org/joda/time/emul/org/joda/time/tz/DateTimeZoneBuilder.java,DateTimeZoneBuilder,org.joda.time.tz
setInstant,repos/Time-27f/JodaTimeContrib/gwt/src/main/gwt-emul/org/joda/time/emul/org/joda/time/tz/DateTimeZoneBuilder.java,DateTimeZoneBuilder,org.joda.time.tz
next,repos/Time-27f/JodaTimeContrib/gwt/src/main/gwt-emul/org/joda/time/emul/org/joda/time/tz/DateTimeZoneBuilder.java,DateTimeZoneBuilder,org.joda.time.tz
previous,repos/Time-27f/JodaTimeContrib/gwt/src/main/gwt-emul/org/joda/time/emul/org/joda/time/tz/DateTimeZoneBuilder.java,DateTimeZoneBuilder,org.joda.time.tz
setDayOfMonthNext,repos/Time-27f/JodaTimeContrib/gwt/src/main/gwt-emul/org/joda/time/emul/org/joda/time/tz/DateTimeZoneBuilder.java,DateTimeZoneBuilder,org.joda.time.tz
setDayOfMonthPrevious,repos/Time-27f/JodaTimeContrib/gwt/src/main/gwt-emul/org/joda/time/emul/org/joda/time/tz/DateTimeZoneBuilder.java,DateTimeZoneBuilder,org.joda.time.tz
setDayOfMonth,repos/Time-27f/JodaTimeContrib/gwt/src/main/gwt-emul/org/joda/time/emul/org/joda/time/tz/DateTimeZoneBuilder.java,DateTimeZoneBuilder,org.joda.time.tz
setDayOfWeek,repos/Time-27f/JodaTimeContrib/gwt/src/main/gwt-emul/org/joda/time/emul/org/joda/time/tz/DateTimeZoneBuilder.java,DateTimeZoneBuilder,org.joda.time.tz
getOfYear,repos/Time-27f/JodaTimeContrib/gwt/src/main/gwt-emul/org/joda/time/emul/org/joda/time/tz/DateTimeZoneBuilder.java,DateTimeZoneBuilder,org.joda.time.tz
next,repos/Time-27f/JodaTimeContrib/gwt/src/main/gwt-emul/org/joda/time/emul/org/joda/time/tz/DateTimeZoneBuilder.java,DateTimeZoneBuilder,org.joda.time.tz
previous,repos/Time-27f/JodaTimeContrib/gwt/src/main/gwt-emul/org/joda/time/emul/org/joda/time/tz/DateTimeZoneBuilder.java,DateTimeZoneBuilder,org.joda.time.tz
getNameKey,repos/Time-27f/JodaTimeContrib/gwt/src/main/gwt-emul/org/joda/time/emul/org/joda/time/tz/DateTimeZoneBuilder.java,DateTimeZoneBuilder,org.joda.time.tz
getSaveMillis,repos/Time-27f/JodaTimeContrib/gwt/src/main/gwt-emul/org/joda/time/emul/org/joda/time/tz/DateTimeZoneBuilder.java,DateTimeZoneBuilder,org.joda.time.tz
rename,repos/Time-27f/JodaTimeContrib/gwt/src/main/gwt-emul/org/joda/time/emul/org/joda/time/tz/DateTimeZoneBuilder.java,DateTimeZoneBuilder,org.joda.time.tz
renameAppend,repos/Time-27f/JodaTimeContrib/gwt/src/main/gwt-emul/org/joda/time/emul/org/joda/time/tz/DateTimeZoneBuilder.java,DateTimeZoneBuilder,org.joda.time.tz
getFromYear,repos/Time-27f/JodaTimeContrib/gwt/src/main/gwt-emul/org/joda/time/emul/org/joda/time/tz/DateTimeZoneBuilder.java,DateTimeZoneBuilder,org.joda.time.tz
getToYear,repos/Time-27f/JodaTimeContrib/gwt/src/main/gwt-emul/org/joda/time/emul/org/joda/time/tz/DateTimeZoneBuilder.java,DateTimeZoneBuilder,org.joda.time.tz
getOfYear,repos/Time-27f/JodaTimeContrib/gwt/src/main/gwt-emul/org/joda/time/emul/org/joda/time/tz/DateTimeZoneBuilder.java,DateTimeZoneBuilder,org.joda.time.tz
getNameKey,repos/Time-27f/JodaTimeContrib/gwt/src/main/gwt-emul/org/joda/time/emul/org/joda/time/tz/DateTimeZoneBuilder.java,DateTimeZoneBuilder,org.joda.time.tz
getSaveMillis,repos/Time-27f/JodaTimeContrib/gwt/src/main/gwt-emul/org/joda/time/emul/org/joda/time/tz/DateTimeZoneBuilder.java,DateTimeZoneBuilder,org.joda.time.tz
next,repos/Time-27f/JodaTimeContrib/gwt/src/main/gwt-emul/org/joda/time/emul/org/joda/time/tz/DateTimeZoneBuilder.java,DateTimeZoneBuilder,org.joda.time.tz
getMillis,repos/Time-27f/JodaTimeContrib/gwt/src/main/gwt-emul/org/joda/time/emul/org/joda/time/tz/DateTimeZoneBuilder.java,DateTimeZoneBuilder,org.joda.time.tz
getNameKey,repos/Time-27f/JodaTimeContrib/gwt/src/main/gwt-emul/org/joda/time/emul/org/joda/time/tz/DateTimeZoneBuilder.java,DateTimeZoneBuilder,org.joda.time.tz
getWallOffset,repos/Time-27f/JodaTimeContrib/gwt/src/main/gwt-emul/org/joda/time/emul/org/joda/time/tz/DateTimeZoneBuilder.java,DateTimeZoneBuilder,org.joda.time.tz
getStandardOffset,repos/Time-27f/JodaTimeContrib/gwt/src/main/gwt-emul/org/joda/time/emul/org/joda/time/tz/DateTimeZoneBuilder.java,DateTimeZoneBuilder,org.joda.time.tz
getSaveMillis,repos/Time-27f/JodaTimeContrib/gwt/src/main/gwt-emul/org/joda/time/emul/org/joda/time/tz/DateTimeZoneBuilder.java,DateTimeZoneBuilder,org.joda.time.tz
isTransitionFrom,repos/Time-27f/JodaTimeContrib/gwt/src/main/gwt-emul/org/joda/time/emul/org/joda/time/tz/DateTimeZoneBuilder.java,DateTimeZoneBuilder,org.joda.time.tz
getStandardOffset,repos/Time-27f/JodaTimeContrib/gwt/src/main/gwt-emul/org/joda/time/emul/org/joda/time/tz/DateTimeZoneBuilder.java,DateTimeZoneBuilder,org.joda.time.tz
setStandardOffset,repos/Time-27f/JodaTimeContrib/gwt/src/main/gwt-emul/org/joda/time/emul/org/joda/time/tz/DateTimeZoneBuilder.java,DateTimeZoneBuilder,org.joda.time.tz
setFixedSavings,repos/Time-27f/JodaTimeContrib/gwt/src/main/gwt-emul/org/joda/time/emul/org/joda/time/tz/DateTimeZoneBuilder.java,DateTimeZoneBuilder,org.joda.time.tz
addRule,repos/Time-27f/JodaTimeContrib/gwt/src/main/gwt-emul/org/joda/time/emul/org/joda/time/tz/DateTimeZoneBuilder.java,DateTimeZoneBuilder,org.joda.time.tz
setUpperLimit,repos/Time-27f/JodaTimeContrib/gwt/src/main/gwt-emul/org/joda/time/emul/org/joda/time/tz/DateTimeZoneBuilder.java,DateTimeZoneBuilder,org.joda.time.tz
firstTransition,repos/Time-27f/JodaTimeContrib/gwt/src/main/gwt-emul/org/joda/time/emul/org/joda/time/tz/DateTimeZoneBuilder.java,DateTimeZoneBuilder,org.joda.time.tz
nextTransition,repos/Time-27f/JodaTimeContrib/gwt/src/main/gwt-emul/org/joda/time/emul/org/joda/time/tz/DateTimeZoneBuilder.java,DateTimeZoneBuilder,org.joda.time.tz
getUpperLimit,repos/Time-27f/JodaTimeContrib/gwt/src/main/gwt-emul/org/joda/time/emul/org/joda/time/tz/DateTimeZoneBuilder.java,DateTimeZoneBuilder,org.joda.time.tz
buildTailZone,repos/Time-27f/JodaTimeContrib/gwt/src/main/gwt-emul/org/joda/time/emul/org/joda/time/tz/DateTimeZoneBuilder.java,DateTimeZoneBuilder,org.joda.time.tz
getNameKey,repos/Time-27f/JodaTimeContrib/gwt/src/main/gwt-emul/org/joda/time/emul/org/joda/time/tz/DateTimeZoneBuilder.java,DateTimeZoneBuilder,org.joda.time.tz
getOffset,repos/Time-27f/JodaTimeContrib/gwt/src/main/gwt-emul/org/joda/time/emul/org/joda/time/tz/DateTimeZoneBuilder.java,DateTimeZoneBuilder,org.joda.time.tz
getStandardOffset,repos/Time-27f/JodaTimeContrib/gwt/src/main/gwt-emul/org/joda/time/emul/org/joda/time/tz/DateTimeZoneBuilder.java,DateTimeZoneBuilder,org.joda.time.tz
isFixed,repos/Time-27f/JodaTimeContrib/gwt/src/main/gwt-emul/org/joda/time/emul/org/joda/time/tz/DateTimeZoneBuilder.java,DateTimeZoneBuilder,org.joda.time.tz
nextTransition,repos/Time-27f/JodaTimeContrib/gwt/src/main/gwt-emul/org/joda/time/emul/org/joda/time/tz/DateTimeZoneBuilder.java,DateTimeZoneBuilder,org.joda.time.tz
previousTransition,repos/Time-27f/JodaTimeContrib/gwt/src/main/gwt-emul/org/joda/time/emul/org/joda/time/tz/DateTimeZoneBuilder.java,DateTimeZoneBuilder,org.joda.time.tz
equals,repos/Time-27f/JodaTimeContrib/gwt/src/main/gwt-emul/org/joda/time/emul/org/joda/time/tz/DateTimeZoneBuilder.java,DateTimeZoneBuilder,org.joda.time.tz
findMatchingRecurrence,repos/Time-27f/JodaTimeContrib/gwt/src/main/gwt-emul/org/joda/time/emul/org/joda/time/tz/DateTimeZoneBuilder.java,DateTimeZoneBuilder,org.joda.time.tz
create,repos/Time-27f/JodaTimeContrib/gwt/src/main/gwt-emul/org/joda/time/emul/org/joda/time/tz/DateTimeZoneBuilder.java,DateTimeZoneBuilder,org.joda.time.tz
getNameKey,repos/Time-27f/JodaTimeContrib/gwt/src/main/gwt-emul/org/joda/time/emul/org/joda/time/tz/DateTimeZoneBuilder.java,DateTimeZoneBuilder,org.joda.time.tz
getOffset,repos/Time-27f/JodaTimeContrib/gwt/src/main/gwt-emul/org/joda/time/emul/org/joda/time/tz/DateTimeZoneBuilder.java,DateTimeZoneBuilder,org.joda.time.tz
getStandardOffset,repos/Time-27f/JodaTimeContrib/gwt/src/main/gwt-emul/org/joda/time/emul/org/joda/time/tz/DateTimeZoneBuilder.java,DateTimeZoneBuilder,org.joda.time.tz
isFixed,repos/Time-27f/JodaTimeContrib/gwt/src/main/gwt-emul/org/joda/time/emul/org/joda/time/tz/DateTimeZoneBuilder.java,DateTimeZoneBuilder,org.joda.time.tz
nextTransition,repos/Time-27f/JodaTimeContrib/gwt/src/main/gwt-emul/org/joda/time/emul/org/joda/time/tz/DateTimeZoneBuilder.java,DateTimeZoneBuilder,org.joda.time.tz
previousTransition,repos/Time-27f/JodaTimeContrib/gwt/src/main/gwt-emul/org/joda/time/emul/org/joda/time/tz/DateTimeZoneBuilder.java,DateTimeZoneBuilder,org.joda.time.tz
equals,repos/Time-27f/JodaTimeContrib/gwt/src/main/gwt-emul/org/joda/time/emul/org/joda/time/tz/DateTimeZoneBuilder.java,DateTimeZoneBuilder,org.joda.time.tz
isCachable,repos/Time-27f/JodaTimeContrib/gwt/src/main/gwt-emul/org/joda/time/emul/org/joda/time/tz/DateTimeZoneBuilder.java,DateTimeZoneBuilder,org.joda.time.tz
setInstant,repos/Time-27f/JodaTimeContrib/gwt/src/main/gwt-emul/org/joda/time/emul/org/joda/time/tz/DateTimeZoneBuilder.java,OfYear,org.joda.time.tz
next,repos/Time-27f/JodaTimeContrib/gwt/src/main/gwt-emul/org/joda/time/emul/org/joda/time/tz/DateTimeZoneBuilder.java,OfYear,org.joda.time.tz
previous,repos/Time-27f/JodaTimeContrib/gwt/src/main/gwt-emul/org/joda/time/emul/org/joda/time/tz/DateTimeZoneBuilder.java,OfYear,org.joda.time.tz
setDayOfMonthNext,repos/Time-27f/JodaTimeContrib/gwt/src/main/gwt-emul/org/joda/time/emul/org/joda/time/tz/DateTimeZoneBuilder.java,OfYear,org.joda.time.tz
setDayOfMonthPrevious,repos/Time-27f/JodaTimeContrib/gwt/src/main/gwt-emul/org/joda/time/emul/org/joda/time/tz/DateTimeZoneBuilder.java,OfYear,org.joda.time.tz
setDayOfMonth,repos/Time-27f/JodaTimeContrib/gwt/src/main/gwt-emul/org/joda/time/emul/org/joda/time/tz/DateTimeZoneBuilder.java,OfYear,org.joda.time.tz
setDayOfWeek,repos/Time-27f/JodaTimeContrib/gwt/src/main/gwt-emul/org/joda/time/emul/org/joda/time/tz/DateTimeZoneBuilder.java,OfYear,org.joda.time.tz
getOfYear,repos/Time-27f/JodaTimeContrib/gwt/src/main/gwt-emul/org/joda/time/emul/org/joda/time/tz/DateTimeZoneBuilder.java,Recurrence,org.joda.time.tz
next,repos/Time-27f/JodaTimeContrib/gwt/src/main/gwt-emul/org/joda/time/emul/org/joda/time/tz/DateTimeZoneBuilder.java,Recurrence,org.joda.time.tz
previous,repos/Time-27f/JodaTimeContrib/gwt/src/main/gwt-emul/org/joda/time/emul/org/joda/time/tz/DateTimeZoneBuilder.java,Recurrence,org.joda.time.tz
getNameKey,repos/Time-27f/JodaTimeContrib/gwt/src/main/gwt-emul/org/joda/time/emul/org/joda/time/tz/DateTimeZoneBuilder.java,Recurrence,org.joda.time.tz
getSaveMillis,repos/Time-27f/JodaTimeContrib/gwt/src/main/gwt-emul/org/joda/time/emul/org/joda/time/tz/DateTimeZoneBuilder.java,Recurrence,org.joda.time.tz
rename,repos/Time-27f/JodaTimeContrib/gwt/src/main/gwt-emul/org/joda/time/emul/org/joda/time/tz/DateTimeZoneBuilder.java,Recurrence,org.joda.time.tz
renameAppend,repos/Time-27f/JodaTimeContrib/gwt/src/main/gwt-emul/org/joda/time/emul/org/joda/time/tz/DateTimeZoneBuilder.java,Recurrence,org.joda.time.tz
getFromYear,repos/Time-27f/JodaTimeContrib/gwt/src/main/gwt-emul/org/joda/time/emul/org/joda/time/tz/DateTimeZoneBuilder.java,Rule,org.joda.time.tz
getToYear,repos/Time-27f/JodaTimeContrib/gwt/src/main/gwt-emul/org/joda/time/emul/org/joda/time/tz/DateTimeZoneBuilder.java,Rule,org.joda.time.tz
getOfYear,repos/Time-27f/JodaTimeContrib/gwt/src/main/gwt-emul/org/joda/time/emul/org/joda/time/tz/DateTimeZoneBuilder.java,Rule,org.joda.time.tz
getNameKey,repos/Time-27f/JodaTimeContrib/gwt/src/main/gwt-emul/org/joda/time/emul/org/joda/time/tz/DateTimeZoneBuilder.java,Rule,org.joda.time.tz
getSaveMillis,repos/Time-27f/JodaTimeContrib/gwt/src/main/gwt-emul/org/joda/time/emul/org/joda/time/tz/DateTimeZoneBuilder.java,Rule,org.joda.time.tz
next,repos/Time-27f/JodaTimeContrib/gwt/src/main/gwt-emul/org/joda/time/emul/org/joda/time/tz/DateTimeZoneBuilder.java,Rule,org.joda.time.tz
getMillis,repos/Time-27f/JodaTimeContrib/gwt/src/main/gwt-emul/org/joda/time/emul/org/joda/time/tz/DateTimeZoneBuilder.java,Transition,org.joda.time.tz
getNameKey,repos/Time-27f/JodaTimeContrib/gwt/src/main/gwt-emul/org/joda/time/emul/org/joda/time/tz/DateTimeZoneBuilder.java,Transition,org.joda.time.tz
getWallOffset,repos/Time-27f/JodaTimeContrib/gwt/src/main/gwt-emul/org/joda/time/emul/org/joda/time/tz/DateTimeZoneBuilder.java,Transition,org.joda.time.tz
getStandardOffset,repos/Time-27f/JodaTimeContrib/gwt/src/main/gwt-emul/org/joda/time/emul/org/joda/time/tz/DateTimeZoneBuilder.java,Transition,org.joda.time.tz
getSaveMillis,repos/Time-27f/JodaTimeContrib/gwt/src/main/gwt-emul/org/joda/time/emul/org/joda/time/tz/DateTimeZoneBuilder.java,Transition,org.joda.time.tz
isTransitionFrom,repos/Time-27f/JodaTimeContrib/gwt/src/main/gwt-emul/org/joda/time/emul/org/joda/time/tz/DateTimeZoneBuilder.java,Transition,org.joda.time.tz
getStandardOffset,repos/Time-27f/JodaTimeContrib/gwt/src/main/gwt-emul/org/joda/time/emul/org/joda/time/tz/DateTimeZoneBuilder.java,RuleSet,org.joda.time.tz
setStandardOffset,repos/Time-27f/JodaTimeContrib/gwt/src/main/gwt-emul/org/joda/time/emul/org/joda/time/tz/DateTimeZoneBuilder.java,RuleSet,org.joda.time.tz
setFixedSavings,repos/Time-27f/JodaTimeContrib/gwt/src/main/gwt-emul/org/joda/time/emul/org/joda/time/tz/DateTimeZoneBuilder.java,RuleSet,org.joda.time.tz
addRule,repos/Time-27f/JodaTimeContrib/gwt/src/main/gwt-emul/org/joda/time/emul/org/joda/time/tz/DateTimeZoneBuilder.java,RuleSet,org.joda.time.tz
setUpperLimit,repos/Time-27f/JodaTimeContrib/gwt/src/main/gwt-emul/org/joda/time/emul/org/joda/time/tz/DateTimeZoneBuilder.java,RuleSet,org.joda.time.tz
firstTransition,repos/Time-27f/JodaTimeContrib/gwt/src/main/gwt-emul/org/joda/time/emul/org/joda/time/tz/DateTimeZoneBuilder.java,RuleSet,org.joda.time.tz
nextTransition,repos/Time-27f/JodaTimeContrib/gwt/src/main/gwt-emul/org/joda/time/emul/org/joda/time/tz/DateTimeZoneBuilder.java,RuleSet,org.joda.time.tz
getUpperLimit,repos/Time-27f/JodaTimeContrib/gwt/src/main/gwt-emul/org/joda/time/emul/org/joda/time/tz/DateTimeZoneBuilder.java,RuleSet,org.joda.time.tz
buildTailZone,repos/Time-27f/JodaTimeContrib/gwt/src/main/gwt-emul/org/joda/time/emul/org/joda/time/tz/DateTimeZoneBuilder.java,RuleSet,org.joda.time.tz
getNameKey,repos/Time-27f/JodaTimeContrib/gwt/src/main/gwt-emul/org/joda/time/emul/org/joda/time/tz/DateTimeZoneBuilder.java,DSTZone,org.joda.time.tz
getOffset,repos/Time-27f/JodaTimeContrib/gwt/src/main/gwt-emul/org/joda/time/emul/org/joda/time/tz/DateTimeZoneBuilder.java,DSTZone,org.joda.time.tz
getStandardOffset,repos/Time-27f/JodaTimeContrib/gwt/src/main/gwt-emul/org/joda/time/emul/org/joda/time/tz/DateTimeZoneBuilder.java,DSTZone,org.joda.time.tz
isFixed,repos/Time-27f/JodaTimeContrib/gwt/src/main/gwt-emul/org/joda/time/emul/org/joda/time/tz/DateTimeZoneBuilder.java,DSTZone,org.joda.time.tz
nextTransition,repos/Time-27f/JodaTimeContrib/gwt/src/main/gwt-emul/org/joda/time/emul/org/joda/time/tz/DateTimeZoneBuilder.java,DSTZone,org.joda.time.tz
previousTransition,repos/Time-27f/JodaTimeContrib/gwt/src/main/gwt-emul/org/joda/time/emul/org/joda/time/tz/DateTimeZoneBuilder.java,DSTZone,org.joda.time.tz
equals,repos/Time-27f/JodaTimeContrib/gwt/src/main/gwt-emul/org/joda/time/emul/org/joda/time/tz/DateTimeZoneBuilder.java,DSTZone,org.joda.time.tz
findMatchingRecurrence,repos/Time-27f/JodaTimeContrib/gwt/src/main/gwt-emul/org/joda/time/emul/org/joda/time/tz/DateTimeZoneBuilder.java,DSTZone,org.joda.time.tz
create,repos/Time-27f/JodaTimeContrib/gwt/src/main/gwt-emul/org/joda/time/emul/org/joda/time/tz/DateTimeZoneBuilder.java,PrecalculatedZone,org.joda.time.tz
getNameKey,repos/Time-27f/JodaTimeContrib/gwt/src/main/gwt-emul/org/joda/time/emul/org/joda/time/tz/DateTimeZoneBuilder.java,PrecalculatedZone,org.joda.time.tz
getOffset,repos/Time-27f/JodaTimeContrib/gwt/src/main/gwt-emul/org/joda/time/emul/org/joda/time/tz/DateTimeZoneBuilder.java,PrecalculatedZone,org.joda.time.tz
getStandardOffset,repos/Time-27f/JodaTimeContrib/gwt/src/main/gwt-emul/org/joda/time/emul/org/joda/time/tz/DateTimeZoneBuilder.java,PrecalculatedZone,org.joda.time.tz
isFixed,repos/Time-27f/JodaTimeContrib/gwt/src/main/gwt-emul/org/joda/time/emul/org/joda/time/tz/DateTimeZoneBuilder.java,PrecalculatedZone,org.joda.time.tz
nextTransition,repos/Time-27f/JodaTimeContrib/gwt/src/main/gwt-emul/org/joda/time/emul/org/joda/time/tz/DateTimeZoneBuilder.java,PrecalculatedZone,org.joda.time.tz
previousTransition,repos/Time-27f/JodaTimeContrib/gwt/src/main/gwt-emul/org/joda/time/emul/org/joda/time/tz/DateTimeZoneBuilder.java,PrecalculatedZone,org.joda.time.tz
equals,repos/Time-27f/JodaTimeContrib/gwt/src/main/gwt-emul/org/joda/time/emul/org/joda/time/tz/DateTimeZoneBuilder.java,PrecalculatedZone,org.joda.time.tz
isCachable,repos/Time-27f/JodaTimeContrib/gwt/src/main/gwt-emul/org/joda/time/emul/org/joda/time/tz/DateTimeZoneBuilder.java,PrecalculatedZone,org.joda.time.tz
getNameKey,repos/Time-27f/JodaTimeContrib/gwt/src/main/gwt-emul/org/joda/time/emul/org/joda/time/tz/FixedDateTimeZone.java,FixedDateTimeZone,org.joda.time.tz
getOffset,repos/Time-27f/JodaTimeContrib/gwt/src/main/gwt-emul/org/joda/time/emul/org/joda/time/tz/FixedDateTimeZone.java,FixedDateTimeZone,org.joda.time.tz
getStandardOffset,repos/Time-27f/JodaTimeContrib/gwt/src/main/gwt-emul/org/joda/time/emul/org/joda/time/tz/FixedDateTimeZone.java,FixedDateTimeZone,org.joda.time.tz
getOffsetFromLocal,repos/Time-27f/JodaTimeContrib/gwt/src/main/gwt-emul/org/joda/time/emul/org/joda/time/tz/FixedDateTimeZone.java,FixedDateTimeZone,org.joda.time.tz
isFixed,repos/Time-27f/JodaTimeContrib/gwt/src/main/gwt-emul/org/joda/time/emul/org/joda/time/tz/FixedDateTimeZone.java,FixedDateTimeZone,org.joda.time.tz
nextTransition,repos/Time-27f/JodaTimeContrib/gwt/src/main/gwt-emul/org/joda/time/emul/org/joda/time/tz/FixedDateTimeZone.java,FixedDateTimeZone,org.joda.time.tz
previousTransition,repos/Time-27f/JodaTimeContrib/gwt/src/main/gwt-emul/org/joda/time/emul/org/joda/time/tz/FixedDateTimeZone.java,FixedDateTimeZone,org.joda.time.tz
toTimeZone,repos/Time-27f/JodaTimeContrib/gwt/src/main/gwt-emul/org/joda/time/emul/org/joda/time/tz/FixedDateTimeZone.java,FixedDateTimeZone,org.joda.time.tz
equals,repos/Time-27f/JodaTimeContrib/gwt/src/main/gwt-emul/org/joda/time/emul/org/joda/time/tz/FixedDateTimeZone.java,FixedDateTimeZone,org.joda.time.tz
hashCode,repos/Time-27f/JodaTimeContrib/gwt/src/main/gwt-emul/org/joda/time/emul/org/joda/time/tz/FixedDateTimeZone.java,FixedDateTimeZone,org.joda.time.tz
getValue,repos/Time-27f/JodaTimeContrib/gwt/src/main/gwt-emul/org/joda/time/emul/org/joda/time/base/BasePartial.java,BasePartial,org.joda.time.base
getValues,repos/Time-27f/JodaTimeContrib/gwt/src/main/gwt-emul/org/joda/time/emul/org/joda/time/base/BasePartial.java,BasePartial,org.joda.time.base
getChronology,repos/Time-27f/JodaTimeContrib/gwt/src/main/gwt-emul/org/joda/time/emul/org/joda/time/base/BasePartial.java,BasePartial,org.joda.time.base
setValue,repos/Time-27f/JodaTimeContrib/gwt/src/main/gwt-emul/org/joda/time/emul/org/joda/time/base/BasePartial.java,BasePartial,org.joda.time.base
setValues,repos/Time-27f/JodaTimeContrib/gwt/src/main/gwt-emul/org/joda/time/emul/org/joda/time/base/BasePartial.java,BasePartial,org.joda.time.base
toString,repos/Time-27f/JodaTimeContrib/gwt/src/main/gwt-emul/org/joda/time/emul/org/joda/time/base/BasePartial.java,BasePartial,org.joda.time.base
toString,repos/Time-27f/JodaTimeContrib/gwt/src/main/gwt-emul/org/joda/time/emul/org/joda/time/base/BasePartial.java,BasePartial,org.joda.time.base
get,repos/Time-27f/JodaTimeContrib/gwt/src/main/gwt-emul/org/joda/time/emul/org/joda/time/base/AbstractDateTime.java,AbstractDateTime,org.joda.time.base
getEra,repos/Time-27f/JodaTimeContrib/gwt/src/main/gwt-emul/org/joda/time/emul/org/joda/time/base/AbstractDateTime.java,AbstractDateTime,org.joda.time.base
getCenturyOfEra,repos/Time-27f/JodaTimeContrib/gwt/src/main/gwt-emul/org/joda/time/emul/org/joda/time/base/AbstractDateTime.java,AbstractDateTime,org.joda.time.base
getYearOfEra,repos/Time-27f/JodaTimeContrib/gwt/src/main/gwt-emul/org/joda/time/emul/org/joda/time/base/AbstractDateTime.java,AbstractDateTime,org.joda.time.base
getYearOfCentury,repos/Time-27f/JodaTimeContrib/gwt/src/main/gwt-emul/org/joda/time/emul/org/joda/time/base/AbstractDateTime.java,AbstractDateTime,org.joda.time.base
getYear,repos/Time-27f/JodaTimeContrib/gwt/src/main/gwt-emul/org/joda/time/emul/org/joda/time/base/AbstractDateTime.java,AbstractDateTime,org.joda.time.base
getWeekyear,repos/Time-27f/JodaTimeContrib/gwt/src/main/gwt-emul/org/joda/time/emul/org/joda/time/base/AbstractDateTime.java,AbstractDateTime,org.joda.time.base
getMonthOfYear,repos/Time-27f/JodaTimeContrib/gwt/src/main/gwt-emul/org/joda/time/emul/org/joda/time/base/AbstractDateTime.java,AbstractDateTime,org.joda.time.base
getWeekOfWeekyear,repos/Time-27f/JodaTimeContrib/gwt/src/main/gwt-emul/org/joda/time/emul/org/joda/time/base/AbstractDateTime.java,AbstractDateTime,org.joda.time.base
getDayOfYear,repos/Time-27f/JodaTimeContrib/gwt/src/main/gwt-emul/org/joda/time/emul/org/joda/time/base/AbstractDateTime.java,AbstractDateTime,org.joda.time.base
getDayOfMonth,repos/Time-27f/JodaTimeContrib/gwt/src/main/gwt-emul/org/joda/time/emul/org/joda/time/base/AbstractDateTime.java,AbstractDateTime,org.joda.time.base
getDayOfWeek,repos/Time-27f/JodaTimeContrib/gwt/src/main/gwt-emul/org/joda/time/emul/org/joda/time/base/AbstractDateTime.java,AbstractDateTime,org.joda.time.base
getHourOfDay,repos/Time-27f/JodaTimeContrib/gwt/src/main/gwt-emul/org/joda/time/emul/org/joda/time/base/AbstractDateTime.java,AbstractDateTime,org.joda.time.base
getMinuteOfDay,repos/Time-27f/JodaTimeContrib/gwt/src/main/gwt-emul/org/joda/time/emul/org/joda/time/base/AbstractDateTime.java,AbstractDateTime,org.joda.time.base
getMinuteOfHour,repos/Time-27f/JodaTimeContrib/gwt/src/main/gwt-emul/org/joda/time/emul/org/joda/time/base/AbstractDateTime.java,AbstractDateTime,org.joda.time.base
getSecondOfDay,repos/Time-27f/JodaTimeContrib/gwt/src/main/gwt-emul/org/joda/time/emul/org/joda/time/base/AbstractDateTime.java,AbstractDateTime,org.joda.time.base
getSecondOfMinute,repos/Time-27f/JodaTimeContrib/gwt/src/main/gwt-emul/org/joda/time/emul/org/joda/time/base/AbstractDateTime.java,AbstractDateTime,org.joda.time.base
getMillisOfDay,repos/Time-27f/JodaTimeContrib/gwt/src/main/gwt-emul/org/joda/time/emul/org/joda/time/base/AbstractDateTime.java,AbstractDateTime,org.joda.time.base
getMillisOfSecond,repos/Time-27f/JodaTimeContrib/gwt/src/main/gwt-emul/org/joda/time/emul/org/joda/time/base/AbstractDateTime.java,AbstractDateTime,org.joda.time.base
toCalendar,repos/Time-27f/JodaTimeContrib/gwt/src/main/gwt-emul/org/joda/time/emul/org/joda/time/base/AbstractDateTime.java,AbstractDateTime,org.joda.time.base
toGregorianCalendar,repos/Time-27f/JodaTimeContrib/gwt/src/main/gwt-emul/org/joda/time/emul/org/joda/time/base/AbstractDateTime.java,AbstractDateTime,org.joda.time.base
toString,repos/Time-27f/JodaTimeContrib/gwt/src/main/gwt-emul/org/joda/time/emul/org/joda/time/base/AbstractDateTime.java,AbstractDateTime,org.joda.time.base
toString,repos/Time-27f/JodaTimeContrib/gwt/src/main/gwt-emul/org/joda/time/emul/org/joda/time/base/AbstractDateTime.java,AbstractDateTime,org.joda.time.base
getInstance,repos/Time-27f/JodaTimeContrib/gwt/src/main/gwt-emul/org/joda/time/emul/org/joda/time/convert/ConverterManager.java,ConverterManager,org.joda.time.convert
getInstantConverter,repos/Time-27f/JodaTimeContrib/gwt/src/main/gwt-emul/org/joda/time/emul/org/joda/time/convert/ConverterManager.java,ConverterManager,org.joda.time.convert
getInstantConverters,repos/Time-27f/JodaTimeContrib/gwt/src/main/gwt-emul/org/joda/time/emul/org/joda/time/convert/ConverterManager.java,ConverterManager,org.joda.time.convert
addInstantConverter,repos/Time-27f/JodaTimeContrib/gwt/src/main/gwt-emul/org/joda/time/emul/org/joda/time/convert/ConverterManager.java,ConverterManager,org.joda.time.convert
removeInstantConverter,repos/Time-27f/JodaTimeContrib/gwt/src/main/gwt-emul/org/joda/time/emul/org/joda/time/convert/ConverterManager.java,ConverterManager,org.joda.time.convert
checkAlterInstantConverters,repos/Time-27f/JodaTimeContrib/gwt/src/main/gwt-emul/org/joda/time/emul/org/joda/time/convert/ConverterManager.java,ConverterManager,org.joda.time.convert
getPartialConverter,repos/Time-27f/JodaTimeContrib/gwt/src/main/gwt-emul/org/joda/time/emul/org/joda/time/convert/ConverterManager.java,ConverterManager,org.joda.time.convert
getPartialConverters,repos/Time-27f/JodaTimeContrib/gwt/src/main/gwt-emul/org/joda/time/emul/org/joda/time/convert/ConverterManager.java,ConverterManager,org.joda.time.convert
addPartialConverter,repos/Time-27f/JodaTimeContrib/gwt/src/main/gwt-emul/org/joda/time/emul/org/joda/time/convert/ConverterManager.java,ConverterManager,org.joda.time.convert
removePartialConverter,repos/Time-27f/JodaTimeContrib/gwt/src/main/gwt-emul/org/joda/time/emul/org/joda/time/convert/ConverterManager.java,ConverterManager,org.joda.time.convert
checkAlterPartialConverters,repos/Time-27f/JodaTimeContrib/gwt/src/main/gwt-emul/org/joda/time/emul/org/joda/time/convert/ConverterManager.java,ConverterManager,org.joda.time.convert
getDurationConverter,repos/Time-27f/JodaTimeContrib/gwt/src/main/gwt-emul/org/joda/time/emul/org/joda/time/convert/ConverterManager.java,ConverterManager,org.joda.time.convert
getDurationConverters,repos/Time-27f/JodaTimeContrib/gwt/src/main/gwt-emul/org/joda/time/emul/org/joda/time/convert/ConverterManager.java,ConverterManager,org.joda.time.convert
addDurationConverter,repos/Time-27f/JodaTimeContrib/gwt/src/main/gwt-emul/org/joda/time/emul/org/joda/time/convert/ConverterManager.java,ConverterManager,org.joda.time.convert
removeDurationConverter,repos/Time-27f/JodaTimeContrib/gwt/src/main/gwt-emul/org/joda/time/emul/org/joda/time/convert/ConverterManager.java,ConverterManager,org.joda.time.convert
checkAlterDurationConverters,repos/Time-27f/JodaTimeContrib/gwt/src/main/gwt-emul/org/joda/time/emul/org/joda/time/convert/ConverterManager.java,ConverterManager,org.joda.time.convert
getPeriodConverter,repos/Time-27f/JodaTimeContrib/gwt/src/main/gwt-emul/org/joda/time/emul/org/joda/time/convert/ConverterManager.java,ConverterManager,org.joda.time.convert
getPeriodConverters,repos/Time-27f/JodaTimeContrib/gwt/src/main/gwt-emul/org/joda/time/emul/org/joda/time/convert/ConverterManager.java,ConverterManager,org.joda.time.convert
addPeriodConverter,repos/Time-27f/JodaTimeContrib/gwt/src/main/gwt-emul/org/joda/time/emul/org/joda/time/convert/ConverterManager.java,ConverterManager,org.joda.time.convert
removePeriodConverter,repos/Time-27f/JodaTimeContrib/gwt/src/main/gwt-emul/org/joda/time/emul/org/joda/time/convert/ConverterManager.java,ConverterManager,org.joda.time.convert
checkAlterPeriodConverters,repos/Time-27f/JodaTimeContrib/gwt/src/main/gwt-emul/org/joda/time/emul/org/joda/time/convert/ConverterManager.java,ConverterManager,org.joda.time.convert
getIntervalConverter,repos/Time-27f/JodaTimeContrib/gwt/src/main/gwt-emul/org/joda/time/emul/org/joda/time/convert/ConverterManager.java,ConverterManager,org.joda.time.convert
getIntervalConverters,repos/Time-27f/JodaTimeContrib/gwt/src/main/gwt-emul/org/joda/time/emul/org/joda/time/convert/ConverterManager.java,ConverterManager,org.joda.time.convert
addIntervalConverter,repos/Time-27f/JodaTimeContrib/gwt/src/main/gwt-emul/org/joda/time/emul/org/joda/time/convert/ConverterManager.java,ConverterManager,org.joda.time.convert
removeIntervalConverter,repos/Time-27f/JodaTimeContrib/gwt/src/main/gwt-emul/org/joda/time/emul/org/joda/time/convert/ConverterManager.java,ConverterManager,org.joda.time.convert
checkAlterIntervalConverters,repos/Time-27f/JodaTimeContrib/gwt/src/main/gwt-emul/org/joda/time/emul/org/joda/time/convert/ConverterManager.java,ConverterManager,org.joda.time.convert
select,repos/Time-27f/JodaTimeContrib/gwt/src/main/gwt-emul/org/joda/time/emul/org/joda/time/convert/ConverterSet.java,ConverterSet,org.joda.time.convert
size,repos/Time-27f/JodaTimeContrib/gwt/src/main/gwt-emul/org/joda/time/emul/org/joda/time/convert/ConverterSet.java,ConverterSet,org.joda.time.convert
copyInto,repos/Time-27f/JodaTimeContrib/gwt/src/main/gwt-emul/org/joda/time/emul/org/joda/time/convert/ConverterSet.java,ConverterSet,org.joda.time.convert
add,repos/Time-27f/JodaTimeContrib/gwt/src/main/gwt-emul/org/joda/time/emul/org/joda/time/convert/ConverterSet.java,ConverterSet,org.joda.time.convert
remove,repos/Time-27f/JodaTimeContrib/gwt/src/main/gwt-emul/org/joda/time/emul/org/joda/time/convert/ConverterSet.java,ConverterSet,org.joda.time.convert
remove,repos/Time-27f/JodaTimeContrib/gwt/src/main/gwt-emul/org/joda/time/emul/org/joda/time/convert/ConverterSet.java,ConverterSet,org.joda.time.convert
selectSlow,repos/Time-27f/JodaTimeContrib/gwt/src/main/gwt-emul/org/joda/time/emul/org/joda/time/convert/ConverterSet.java,ConverterSet,org.joda.time.convert
getRoundingField,repos/Time-27f/JodaTimeContrib/gwt/src/main/gwt-emul/org/joda/time/emul/org/joda/time/MutableDateTime.java,MutableDateTime,org.joda.time
getRoundingMode,repos/Time-27f/JodaTimeContrib/gwt/src/main/gwt-emul/org/joda/time/emul/org/joda/time/MutableDateTime.java,MutableDateTime,org.joda.time
setRounding,repos/Time-27f/JodaTimeContrib/gwt/src/main/gwt-emul/org/joda/time/emul/org/joda/time/MutableDateTime.java,MutableDateTime,org.joda.time
setRounding,repos/Time-27f/JodaTimeContrib/gwt/src/main/gwt-emul/org/joda/time/emul/org/joda/time/MutableDateTime.java,MutableDateTime,org.joda.time
setMillis,repos/Time-27f/JodaTimeContrib/gwt/src/main/gwt-emul/org/joda/time/emul/org/joda/time/MutableDateTime.java,MutableDateTime,org.joda.time
setMillis,repos/Time-27f/JodaTimeContrib/gwt/src/main/gwt-emul/org/joda/time/emul/org/joda/time/MutableDateTime.java,MutableDateTime,org.joda.time
add,repos/Time-27f/JodaTimeContrib/gwt/src/main/gwt-emul/org/joda/time/emul/org/joda/time/MutableDateTime.java,MutableDateTime,org.joda.time
add,repos/Time-27f/JodaTimeContrib/gwt/src/main/gwt-emul/org/joda/time/emul/org/joda/time/MutableDateTime.java,MutableDateTime,org.joda.time
add,repos/Time-27f/JodaTimeContrib/gwt/src/main/gwt-emul/org/joda/time/emul/org/joda/time/MutableDateTime.java,MutableDateTime,org.joda.time
add,repos/Time-27f/JodaTimeContrib/gwt/src/main/gwt-emul/org/joda/time/emul/org/joda/time/MutableDateTime.java,MutableDateTime,org.joda.time
add,repos/Time-27f/JodaTimeContrib/gwt/src/main/gwt-emul/org/joda/time/emul/org/joda/time/MutableDateTime.java,MutableDateTime,org.joda.time
setChronology,repos/Time-27f/JodaTimeContrib/gwt/src/main/gwt-emul/org/joda/time/emul/org/joda/time/MutableDateTime.java,MutableDateTime,org.joda.time
setZone,repos/Time-27f/JodaTimeContrib/gwt/src/main/gwt-emul/org/joda/time/emul/org/joda/time/MutableDateTime.java,MutableDateTime,org.joda.time
setZoneRetainFields,repos/Time-27f/JodaTimeContrib/gwt/src/main/gwt-emul/org/joda/time/emul/org/joda/time/MutableDateTime.java,MutableDateTime,org.joda.time
set,repos/Time-27f/JodaTimeContrib/gwt/src/main/gwt-emul/org/joda/time/emul/org/joda/time/MutableDateTime.java,MutableDateTime,org.joda.time
add,repos/Time-27f/JodaTimeContrib/gwt/src/main/gwt-emul/org/joda/time/emul/org/joda/time/MutableDateTime.java,MutableDateTime,org.joda.time
setYear,repos/Time-27f/JodaTimeContrib/gwt/src/main/gwt-emul/org/joda/time/emul/org/joda/time/MutableDateTime.java,MutableDateTime,org.joda.time
addYears,repos/Time-27f/JodaTimeContrib/gwt/src/main/gwt-emul/org/joda/time/emul/org/joda/time/MutableDateTime.java,MutableDateTime,org.joda.time
setWeekyear,repos/Time-27f/JodaTimeContrib/gwt/src/main/gwt-emul/org/joda/time/emul/org/joda/time/MutableDateTime.java,MutableDateTime,org.joda.time
addWeekyears,repos/Time-27f/JodaTimeContrib/gwt/src/main/gwt-emul/org/joda/time/emul/org/joda/time/MutableDateTime.java,MutableDateTime,org.joda.time
setMonthOfYear,repos/Time-27f/JodaTimeContrib/gwt/src/main/gwt-emul/org/joda/time/emul/org/joda/time/MutableDateTime.java,MutableDateTime,org.joda.time
addMonths,repos/Time-27f/JodaTimeContrib/gwt/src/main/gwt-emul/org/joda/time/emul/org/joda/time/MutableDateTime.java,MutableDateTime,org.joda.time
setWeekOfWeekyear,repos/Time-27f/JodaTimeContrib/gwt/src/main/gwt-emul/org/joda/time/emul/org/joda/time/MutableDateTime.java,MutableDateTime,org.joda.time
addWeeks,repos/Time-27f/JodaTimeContrib/gwt/src/main/gwt-emul/org/joda/time/emul/org/joda/time/MutableDateTime.java,MutableDateTime,org.joda.time
setDayOfYear,repos/Time-27f/JodaTimeContrib/gwt/src/main/gwt-emul/org/joda/time/emul/org/joda/time/MutableDateTime.java,MutableDateTime,org.joda.time
setDayOfMonth,repos/Time-27f/JodaTimeContrib/gwt/src/main/gwt-emul/org/joda/time/emul/org/joda/time/MutableDateTime.java,MutableDateTime,org.joda.time
setDayOfWeek,repos/Time-27f/JodaTimeContrib/gwt/src/main/gwt-emul/org/joda/time/emul/org/joda/time/MutableDateTime.java,MutableDateTime,org.joda.time
addDays,repos/Time-27f/JodaTimeContrib/gwt/src/main/gwt-emul/org/joda/time/emul/org/joda/time/MutableDateTime.java,MutableDateTime,org.joda.time
setHourOfDay,repos/Time-27f/JodaTimeContrib/gwt/src/main/gwt-emul/org/joda/time/emul/org/joda/time/MutableDateTime.java,MutableDateTime,org.joda.time
addHours,repos/Time-27f/JodaTimeContrib/gwt/src/main/gwt-emul/org/joda/time/emul/org/joda/time/MutableDateTime.java,MutableDateTime,org.joda.time
setMinuteOfDay,repos/Time-27f/JodaTimeContrib/gwt/src/main/gwt-emul/org/joda/time/emul/org/joda/time/MutableDateTime.java,MutableDateTime,org.joda.time
setMinuteOfHour,repos/Time-27f/JodaTimeContrib/gwt/src/main/gwt-emul/org/joda/time/emul/org/joda/time/MutableDateTime.java,MutableDateTime,org.joda.time
addMinutes,repos/Time-27f/JodaTimeContrib/gwt/src/main/gwt-emul/org/joda/time/emul/org/joda/time/MutableDateTime.java,MutableDateTime,org.joda.time
setSecondOfDay,repos/Time-27f/JodaTimeContrib/gwt/src/main/gwt-emul/org/joda/time/emul/org/joda/time/MutableDateTime.java,MutableDateTime,org.joda.time
setSecondOfMinute,repos/Time-27f/JodaTimeContrib/gwt/src/main/gwt-emul/org/joda/time/emul/org/joda/time/MutableDateTime.java,MutableDateTime,org.joda.time
addSeconds,repos/Time-27f/JodaTimeContrib/gwt/src/main/gwt-emul/org/joda/time/emul/org/joda/time/MutableDateTime.java,MutableDateTime,org.joda.time
setMillisOfDay,repos/Time-27f/JodaTimeContrib/gwt/src/main/gwt-emul/org/joda/time/emul/org/joda/time/MutableDateTime.java,MutableDateTime,org.joda.time
setMillisOfSecond,repos/Time-27f/JodaTimeContrib/gwt/src/main/gwt-emul/org/joda/time/emul/org/joda/time/MutableDateTime.java,MutableDateTime,org.joda.time
addMillis,repos/Time-27f/JodaTimeContrib/gwt/src/main/gwt-emul/org/joda/time/emul/org/joda/time/MutableDateTime.java,MutableDateTime,org.joda.time
setDate,repos/Time-27f/JodaTimeContrib/gwt/src/main/gwt-emul/org/joda/time/emul/org/joda/time/MutableDateTime.java,MutableDateTime,org.joda.time
setDate,repos/Time-27f/JodaTimeContrib/gwt/src/main/gwt-emul/org/joda/time/emul/org/joda/time/MutableDateTime.java,MutableDateTime,org.joda.time
setDate,repos/Time-27f/JodaTimeContrib/gwt/src/main/gwt-emul/org/joda/time/emul/org/joda/time/MutableDateTime.java,MutableDateTime,org.joda.time
setTime,repos/Time-27f/JodaTimeContrib/gwt/src/main/gwt-emul/org/joda/time/emul/org/joda/time/MutableDateTime.java,MutableDateTime,org.joda.time
setTime,repos/Time-27f/JodaTimeContrib/gwt/src/main/gwt-emul/org/joda/time/emul/org/joda/time/MutableDateTime.java,MutableDateTime,org.joda.time
setTime,repos/Time-27f/JodaTimeContrib/gwt/src/main/gwt-emul/org/joda/time/emul/org/joda/time/MutableDateTime.java,MutableDateTime,org.joda.time
setDateTime,repos/Time-27f/JodaTimeContrib/gwt/src/main/gwt-emul/org/joda/time/emul/org/joda/time/MutableDateTime.java,MutableDateTime,org.joda.time
property,repos/Time-27f/JodaTimeContrib/gwt/src/main/gwt-emul/org/joda/time/emul/org/joda/time/MutableDateTime.java,MutableDateTime,org.joda.time
era,repos/Time-27f/JodaTimeContrib/gwt/src/main/gwt-emul/org/joda/time/emul/org/joda/time/MutableDateTime.java,MutableDateTime,org.joda.time
centuryOfEra,repos/Time-27f/JodaTimeContrib/gwt/src/main/gwt-emul/org/joda/time/emul/org/joda/time/MutableDateTime.java,MutableDateTime,org.joda.time
yearOfCentury,repos/Time-27f/JodaTimeContrib/gwt/src/main/gwt-emul/org/joda/time/emul/org/joda/time/MutableDateTime.java,MutableDateTime,org.joda.time
yearOfEra,repos/Time-27f/JodaTimeContrib/gwt/src/main/gwt-emul/org/joda/time/emul/org/joda/time/MutableDateTime.java,MutableDateTime,org.joda.time
year,repos/Time-27f/JodaTimeContrib/gwt/src/main/gwt-emul/org/joda/time/emul/org/joda/time/MutableDateTime.java,MutableDateTime,org.joda.time
weekyear,repos/Time-27f/JodaTimeContrib/gwt/src/main/gwt-emul/org/joda/time/emul/org/joda/time/MutableDateTime.java,MutableDateTime,org.joda.time
monthOfYear,repos/Time-27f/JodaTimeContrib/gwt/src/main/gwt-emul/org/joda/time/emul/org/joda/time/MutableDateTime.java,MutableDateTime,org.joda.time
weekOfWeekyear,repos/Time-27f/JodaTimeContrib/gwt/src/main/gwt-emul/org/joda/time/emul/org/joda/time/MutableDateTime.java,MutableDateTime,org.joda.time
dayOfYear,repos/Time-27f/JodaTimeContrib/gwt/src/main/gwt-emul/org/joda/time/emul/org/joda/time/MutableDateTime.java,MutableDateTime,org.joda.time
dayOfMonth,repos/Time-27f/JodaTimeContrib/gwt/src/main/gwt-emul/org/joda/time/emul/org/joda/time/MutableDateTime.java,MutableDateTime,org.joda.time
dayOfWeek,repos/Time-27f/JodaTimeContrib/gwt/src/main/gwt-emul/org/joda/time/emul/org/joda/time/MutableDateTime.java,MutableDateTime,org.joda.time
hourOfDay,repos/Time-27f/JodaTimeContrib/gwt/src/main/gwt-emul/org/joda/time/emul/org/joda/time/MutableDateTime.java,MutableDateTime,org.joda.time
minuteOfDay,repos/Time-27f/JodaTimeContrib/gwt/src/main/gwt-emul/org/joda/time/emul/org/joda/time/MutableDateTime.java,MutableDateTime,org.joda.time
minuteOfHour,repos/Time-27f/JodaTimeContrib/gwt/src/main/gwt-emul/org/joda/time/emul/org/joda/time/MutableDateTime.java,MutableDateTime,org.joda.time
secondOfDay,repos/Time-27f/JodaTimeContrib/gwt/src/main/gwt-emul/org/joda/time/emul/org/joda/time/MutableDateTime.java,MutableDateTime,org.joda.time
secondOfMinute,repos/Time-27f/JodaTimeContrib/gwt/src/main/gwt-emul/org/joda/time/emul/org/joda/time/MutableDateTime.java,MutableDateTime,org.joda.time
millisOfDay,repos/Time-27f/JodaTimeContrib/gwt/src/main/gwt-emul/org/joda/time/emul/org/joda/time/MutableDateTime.java,MutableDateTime,org.joda.time
millisOfSecond,repos/Time-27f/JodaTimeContrib/gwt/src/main/gwt-emul/org/joda/time/emul/org/joda/time/MutableDateTime.java,MutableDateTime,org.joda.time
copy,repos/Time-27f/JodaTimeContrib/gwt/src/main/gwt-emul/org/joda/time/emul/org/joda/time/MutableDateTime.java,MutableDateTime,org.joda.time
clone,repos/Time-27f/JodaTimeContrib/gwt/src/main/gwt-emul/org/joda/time/emul/org/joda/time/MutableDateTime.java,MutableDateTime,org.joda.time
toString,repos/Time-27f/JodaTimeContrib/gwt/src/main/gwt-emul/org/joda/time/emul/org/joda/time/MutableDateTime.java,MutableDateTime,org.joda.time
writeObject,repos/Time-27f/JodaTimeContrib/gwt/src/main/gwt-emul/org/joda/time/emul/org/joda/time/MutableDateTime.java,MutableDateTime,org.joda.time
readObject,repos/Time-27f/JodaTimeContrib/gwt/src/main/gwt-emul/org/joda/time/emul/org/joda/time/MutableDateTime.java,MutableDateTime,org.joda.time
getField,repos/Time-27f/JodaTimeContrib/gwt/src/main/gwt-emul/org/joda/time/emul/org/joda/time/MutableDateTime.java,MutableDateTime,org.joda.time
getMillis,repos/Time-27f/JodaTimeContrib/gwt/src/main/gwt-emul/org/joda/time/emul/org/joda/time/MutableDateTime.java,MutableDateTime,org.joda.time
getChronology,repos/Time-27f/JodaTimeContrib/gwt/src/main/gwt-emul/org/joda/time/emul/org/joda/time/MutableDateTime.java,MutableDateTime,org.joda.time
getMutableDateTime,repos/Time-27f/JodaTimeContrib/gwt/src/main/gwt-emul/org/joda/time/emul/org/joda/time/MutableDateTime.java,MutableDateTime,org.joda.time
add,repos/Time-27f/JodaTimeContrib/gwt/src/main/gwt-emul/org/joda/time/emul/org/joda/time/MutableDateTime.java,MutableDateTime,org.joda.time
add,repos/Time-27f/JodaTimeContrib/gwt/src/main/gwt-emul/org/joda/time/emul/org/joda/time/MutableDateTime.java,MutableDateTime,org.joda.time
addWrapField,repos/Time-27f/JodaTimeContrib/gwt/src/main/gwt-emul/org/joda/time/emul/org/joda/time/MutableDateTime.java,MutableDateTime,org.joda.time
set,repos/Time-27f/JodaTimeContrib/gwt/src/main/gwt-emul/org/joda/time/emul/org/joda/time/MutableDateTime.java,MutableDateTime,org.joda.time
set,repos/Time-27f/JodaTimeContrib/gwt/src/main/gwt-emul/org/joda/time/emul/org/joda/time/MutableDateTime.java,MutableDateTime,org.joda.time
set,repos/Time-27f/JodaTimeContrib/gwt/src/main/gwt-emul/org/joda/time/emul/org/joda/time/MutableDateTime.java,MutableDateTime,org.joda.time
roundFloor,repos/Time-27f/JodaTimeContrib/gwt/src/main/gwt-emul/org/joda/time/emul/org/joda/time/MutableDateTime.java,MutableDateTime,org.joda.time
roundCeiling,repos/Time-27f/JodaTimeContrib/gwt/src/main/gwt-emul/org/joda/time/emul/org/joda/time/MutableDateTime.java,MutableDateTime,org.joda.time
roundHalfFloor,repos/Time-27f/JodaTimeContrib/gwt/src/main/gwt-emul/org/joda/time/emul/org/joda/time/MutableDateTime.java,MutableDateTime,org.joda.time
roundHalfCeiling,repos/Time-27f/JodaTimeContrib/gwt/src/main/gwt-emul/org/joda/time/emul/org/joda/time/MutableDateTime.java,MutableDateTime,org.joda.time
roundHalfEven,repos/Time-27f/JodaTimeContrib/gwt/src/main/gwt-emul/org/joda/time/emul/org/joda/time/MutableDateTime.java,MutableDateTime,org.joda.time
writeObject,repos/Time-27f/JodaTimeContrib/gwt/src/main/gwt-emul/org/joda/time/emul/org/joda/time/MutableDateTime.java,Property,org.joda.time
readObject,repos/Time-27f/JodaTimeContrib/gwt/src/main/gwt-emul/org/joda/time/emul/org/joda/time/MutableDateTime.java,Property,org.joda.time
getField,repos/Time-27f/JodaTimeContrib/gwt/src/main/gwt-emul/org/joda/time/emul/org/joda/time/MutableDateTime.java,Property,org.joda.time
getMillis,repos/Time-27f/JodaTimeContrib/gwt/src/main/gwt-emul/org/joda/time/emul/org/joda/time/MutableDateTime.java,Property,org.joda.time
getChronology,repos/Time-27f/JodaTimeContrib/gwt/src/main/gwt-emul/org/joda/time/emul/org/joda/time/MutableDateTime.java,Property,org.joda.time
getMutableDateTime,repos/Time-27f/JodaTimeContrib/gwt/src/main/gwt-emul/org/joda/time/emul/org/joda/time/MutableDateTime.java,Property,org.joda.time
add,repos/Time-27f/JodaTimeContrib/gwt/src/main/gwt-emul/org/joda/time/emul/org/joda/time/MutableDateTime.java,Property,org.joda.time
add,repos/Time-27f/JodaTimeContrib/gwt/src/main/gwt-emul/org/joda/time/emul/org/joda/time/MutableDateTime.java,Property,org.joda.time
addWrapField,repos/Time-27f/JodaTimeContrib/gwt/src/main/gwt-emul/org/joda/time/emul/org/joda/time/MutableDateTime.java,Property,org.joda.time
set,repos/Time-27f/JodaTimeContrib/gwt/src/main/gwt-emul/org/joda/time/emul/org/joda/time/MutableDateTime.java,Property,org.joda.time
set,repos/Time-27f/JodaTimeContrib/gwt/src/main/gwt-emul/org/joda/time/emul/org/joda/time/MutableDateTime.java,Property,org.joda.time
set,repos/Time-27f/JodaTimeContrib/gwt/src/main/gwt-emul/org/joda/time/emul/org/joda/time/MutableDateTime.java,Property,org.joda.time
roundFloor,repos/Time-27f/JodaTimeContrib/gwt/src/main/gwt-emul/org/joda/time/emul/org/joda/time/MutableDateTime.java,Property,org.joda.time
roundCeiling,repos/Time-27f/JodaTimeContrib/gwt/src/main/gwt-emul/org/joda/time/emul/org/joda/time/MutableDateTime.java,Property,org.joda.time
roundHalfFloor,repos/Time-27f/JodaTimeContrib/gwt/src/main/gwt-emul/org/joda/time/emul/org/joda/time/MutableDateTime.java,Property,org.joda.time
roundHalfCeiling,repos/Time-27f/JodaTimeContrib/gwt/src/main/gwt-emul/org/joda/time/emul/org/joda/time/MutableDateTime.java,Property,org.joda.time
roundHalfEven,repos/Time-27f/JodaTimeContrib/gwt/src/main/gwt-emul/org/joda/time/emul/org/joda/time/MutableDateTime.java,Property,org.joda.time
seconds,repos/Time-27f/JodaTimeContrib/gwt/src/main/gwt-emul/org/joda/time/emul/org/joda/time/Seconds.java,Seconds,org.joda.time
secondsBetween,repos/Time-27f/JodaTimeContrib/gwt/src/main/gwt-emul/org/joda/time/emul/org/joda/time/Seconds.java,Seconds,org.joda.time
secondsBetween,repos/Time-27f/JodaTimeContrib/gwt/src/main/gwt-emul/org/joda/time/emul/org/joda/time/Seconds.java,Seconds,org.joda.time
secondsIn,repos/Time-27f/JodaTimeContrib/gwt/src/main/gwt-emul/org/joda/time/emul/org/joda/time/Seconds.java,Seconds,org.joda.time
standardSecondsIn,repos/Time-27f/JodaTimeContrib/gwt/src/main/gwt-emul/org/joda/time/emul/org/joda/time/Seconds.java,Seconds,org.joda.time
parseSeconds,repos/Time-27f/JodaTimeContrib/gwt/src/main/gwt-emul/org/joda/time/emul/org/joda/time/Seconds.java,Seconds,org.joda.time
readResolve,repos/Time-27f/JodaTimeContrib/gwt/src/main/gwt-emul/org/joda/time/emul/org/joda/time/Seconds.java,Seconds,org.joda.time
getFieldType,repos/Time-27f/JodaTimeContrib/gwt/src/main/gwt-emul/org/joda/time/emul/org/joda/time/Seconds.java,Seconds,org.joda.time
getPeriodType,repos/Time-27f/JodaTimeContrib/gwt/src/main/gwt-emul/org/joda/time/emul/org/joda/time/Seconds.java,Seconds,org.joda.time
toStandardWeeks,repos/Time-27f/JodaTimeContrib/gwt/src/main/gwt-emul/org/joda/time/emul/org/joda/time/Seconds.java,Seconds,org.joda.time
toStandardDays,repos/Time-27f/JodaTimeContrib/gwt/src/main/gwt-emul/org/joda/time/emul/org/joda/time/Seconds.java,Seconds,org.joda.time
toStandardHours,repos/Time-27f/JodaTimeContrib/gwt/src/main/gwt-emul/org/joda/time/emul/org/joda/time/Seconds.java,Seconds,org.joda.time
toStandardMinutes,repos/Time-27f/JodaTimeContrib/gwt/src/main/gwt-emul/org/joda/time/emul/org/joda/time/Seconds.java,Seconds,org.joda.time
toStandardDuration,repos/Time-27f/JodaTimeContrib/gwt/src/main/gwt-emul/org/joda/time/emul/org/joda/time/Seconds.java,Seconds,org.joda.time
getSeconds,repos/Time-27f/JodaTimeContrib/gwt/src/main/gwt-emul/org/joda/time/emul/org/joda/time/Seconds.java,Seconds,org.joda.time
plus,repos/Time-27f/JodaTimeContrib/gwt/src/main/gwt-emul/org/joda/time/emul/org/joda/time/Seconds.java,Seconds,org.joda.time
plus,repos/Time-27f/JodaTimeContrib/gwt/src/main/gwt-emul/org/joda/time/emul/org/joda/time/Seconds.java,Seconds,org.joda.time
minus,repos/Time-27f/JodaTimeContrib/gwt/src/main/gwt-emul/org/joda/time/emul/org/joda/time/Seconds.java,Seconds,org.joda.time
minus,repos/Time-27f/JodaTimeContrib/gwt/src/main/gwt-emul/org/joda/time/emul/org/joda/time/Seconds.java,Seconds,org.joda.time
multipliedBy,repos/Time-27f/JodaTimeContrib/gwt/src/main/gwt-emul/org/joda/time/emul/org/joda/time/Seconds.java,Seconds,org.joda.time
dividedBy,repos/Time-27f/JodaTimeContrib/gwt/src/main/gwt-emul/org/joda/time/emul/org/joda/time/Seconds.java,Seconds,org.joda.time
negated,repos/Time-27f/JodaTimeContrib/gwt/src/main/gwt-emul/org/joda/time/emul/org/joda/time/Seconds.java,Seconds,org.joda.time
isGreaterThan,repos/Time-27f/JodaTimeContrib/gwt/src/main/gwt-emul/org/joda/time/emul/org/joda/time/Seconds.java,Seconds,org.joda.time
isLessThan,repos/Time-27f/JodaTimeContrib/gwt/src/main/gwt-emul/org/joda/time/emul/org/joda/time/Seconds.java,Seconds,org.joda.time
toString,repos/Time-27f/JodaTimeContrib/gwt/src/main/gwt-emul/org/joda/time/emul/org/joda/time/Seconds.java,Seconds,org.joda.time
get,repos/Time-27f/JodaTimeContrib/gwt/src/main/gwt-emul/org/joda/time/emul/java/util/Calendar.java,Calendar,java.util
getInstance,repos/Time-27f/JodaTimeContrib/gwt/src/main/gwt-emul/org/joda/time/emul/java/util/Calendar.java,Calendar,java.util
setTime,repos/Time-27f/JodaTimeContrib/gwt/src/main/gwt-emul/org/joda/time/emul/java/util/Calendar.java,Calendar,java.util
getTime,repos/Time-27f/JodaTimeContrib/gwt/src/main/gwt-emul/org/joda/time/emul/java/util/Calendar.java,Calendar,java.util
getTimeZone,repos/Time-27f/JodaTimeContrib/gwt/src/main/gwt-emul/org/joda/time/emul/java/util/Calendar.java,Calendar,java.util
setTimeZone,repos/Time-27f/JodaTimeContrib/gwt/src/main/gwt-emul/org/joda/time/emul/java/util/Calendar.java,Calendar,java.util
getInstance,repos/Time-27f/JodaTimeContrib/gwt/src/main/gwt-emul/org/joda/time/emul/java/util/Calendar.java,Calendar,java.util
set,repos/Time-27f/JodaTimeContrib/gwt/src/main/gwt-emul/org/joda/time/emul/java/util/Calendar.java,Calendar,java.util
calendarUnsupportedInGwt,repos/Time-27f/JodaTimeContrib/gwt/src/main/gwt-emul/org/joda/time/emul/java/util/Calendar.java,Calendar,java.util
getDefault,repos/Time-27f/JodaTimeContrib/gwt/src/main/gwt-emul/org/joda/time/emul/java/util/TimeZone.java,TimeZone,java.util
getDisplayName,repos/Time-27f/JodaTimeContrib/gwt/src/main/gwt-emul/org/joda/time/emul/java/util/TimeZone.java,TimeZone,java.util
getID,repos/Time-27f/JodaTimeContrib/gwt/src/main/gwt-emul/org/joda/time/emul/java/util/TimeZone.java,TimeZone,java.util
getRawOffset,repos/Time-27f/JodaTimeContrib/gwt/src/main/gwt-emul/org/joda/time/emul/java/util/TimeZone.java,TimeZone,java.util
getTimeZone,repos/Time-27f/JodaTimeContrib/gwt/src/main/gwt-emul/org/joda/time/emul/java/util/TimeZone.java,TimeZone,java.util
inDaylightTime,repos/Time-27f/JodaTimeContrib/gwt/src/main/gwt-emul/org/joda/time/emul/java/util/TimeZone.java,TimeZone,java.util
setDefault,repos/Time-27f/JodaTimeContrib/gwt/src/main/gwt-emul/org/joda/time/emul/java/util/TimeZone.java,TimeZone,java.util
timeZoneUnsupportedInGwt,repos/Time-27f/JodaTimeContrib/gwt/src/main/gwt-emul/org/joda/time/emul/java/util/TimeZone.java,TimeZone,java.util
getDefault,repos/Time-27f/JodaTimeContrib/gwt/src/main/gwt-emul/org/joda/time/emul/java/util/Locale.java,Locale,java.util
getLanguage,repos/Time-27f/JodaTimeContrib/gwt/src/main/gwt-emul/org/joda/time/emul/java/util/Locale.java,Locale,java.util
setDefault,repos/Time-27f/JodaTimeContrib/gwt/src/main/gwt-emul/org/joda/time/emul/java/util/Locale.java,Locale,java.util
localeUnsupportedInGwt,repos/Time-27f/JodaTimeContrib/gwt/src/main/gwt-emul/org/joda/time/emul/java/util/Locale.java,Locale,java.util
getGregorianChange,repos/Time-27f/JodaTimeContrib/gwt/src/main/gwt-emul/org/joda/time/emul/java/util/GregorianCalendar.java,GregorianCalendar,java.util
setGregorianChange,repos/Time-27f/JodaTimeContrib/gwt/src/main/gwt-emul/org/joda/time/emul/java/util/GregorianCalendar.java,GregorianCalendar,java.util
gregorianCalendarUnsupportedInGwt,repos/Time-27f/JodaTimeContrib/gwt/src/main/gwt-emul/org/joda/time/emul/java/util/GregorianCalendar.java,GregorianCalendar,java.util
readUTF,repos/Time-27f/JodaTimeContrib/gwt/src/main/gwt-emul/org/joda/time/emul/java/io/ObjectInputStream.java,ObjectInputStream,java.io
defaultReadObject,repos/Time-27f/JodaTimeContrib/gwt/src/main/gwt-emul/org/joda/time/emul/java/io/ObjectInputStream.java,ObjectInputStream,java.io
readObject,repos/Time-27f/JodaTimeContrib/gwt/src/main/gwt-emul/org/joda/time/emul/java/io/ObjectInputStream.java,ObjectInputStream,java.io
close,repos/Time-27f/JodaTimeContrib/gwt/src/main/gwt-emul/org/joda/time/emul/java/io/ObjectInputStream.java,ObjectInputStream,java.io
objectInputStreamUnsupportedInGwt,repos/Time-27f/JodaTimeContrib/gwt/src/main/gwt-emul/org/joda/time/emul/java/io/ObjectInputStream.java,ObjectInputStream,java.io
writeUTF,repos/Time-27f/JodaTimeContrib/gwt/src/main/gwt-emul/org/joda/time/emul/java/io/ObjectOutputStream.java,ObjectOutputStream,java.io
writeObject,repos/Time-27f/JodaTimeContrib/gwt/src/main/gwt-emul/org/joda/time/emul/java/io/ObjectOutputStream.java,ObjectOutputStream,java.io
close,repos/Time-27f/JodaTimeContrib/gwt/src/main/gwt-emul/org/joda/time/emul/java/io/ObjectOutputStream.java,ObjectOutputStream,java.io
objectOutputStreamUnsupportedInGwt,repos/Time-27f/JodaTimeContrib/gwt/src/main/gwt-emul/org/joda/time/emul/java/io/ObjectOutputStream.java,ObjectOutputStream,java.io
write,repos/Time-27f/JodaTimeContrib/gwt/src/main/gwt-emul/org/joda/time/emul/java/io/Writer.java,Writer,java.io
write,repos/Time-27f/JodaTimeContrib/gwt/src/main/gwt-emul/org/joda/time/emul/java/io/Writer.java,Writer,java.io
writerUnsupportedInGwt,repos/Time-27f/JodaTimeContrib/gwt/src/main/gwt-emul/org/joda/time/emul/java/io/Writer.java,Writer,java.io
get,repos/Time-27f/JodaTimeContrib/gwt/src/main/gwt-emul/org/joda/time/emul/java/lang/ref/WeakReference.java,WeakReference,java.lang.ref
weakReferenceUnsupportedInGwt,repos/Time-27f/JodaTimeContrib/gwt/src/main/gwt-emul/org/joda/time/emul/java/lang/ref/WeakReference.java,WeakReference,java.lang.ref
getEras,repos/Time-27f/JodaTimeContrib/gwt/src/main/gwt-emul/org/joda/time/emul/java/text/DateFormatSymbols.java,DateFormatSymbols,java.text
getWeekdays,repos/Time-27f/JodaTimeContrib/gwt/src/main/gwt-emul/org/joda/time/emul/java/text/DateFormatSymbols.java,DateFormatSymbols,java.text
getShortWeekdays,repos/Time-27f/JodaTimeContrib/gwt/src/main/gwt-emul/org/joda/time/emul/java/text/DateFormatSymbols.java,DateFormatSymbols,java.text
getMonths,repos/Time-27f/JodaTimeContrib/gwt/src/main/gwt-emul/org/joda/time/emul/java/text/DateFormatSymbols.java,DateFormatSymbols,java.text
getShortMonths,repos/Time-27f/JodaTimeContrib/gwt/src/main/gwt-emul/org/joda/time/emul/java/text/DateFormatSymbols.java,DateFormatSymbols,java.text
getAmPmStrings,repos/Time-27f/JodaTimeContrib/gwt/src/main/gwt-emul/org/joda/time/emul/java/text/DateFormatSymbols.java,DateFormatSymbols,java.text
getZoneStrings,repos/Time-27f/JodaTimeContrib/gwt/src/main/gwt-emul/org/joda/time/emul/java/text/DateFormatSymbols.java,DateFormatSymbols,java.text
dateFormatSymbolsUnsupportedInGwt,repos/Time-27f/JodaTimeContrib/gwt/src/main/gwt-emul/org/joda/time/emul/java/text/DateFormatSymbols.java,DateFormatSymbols,java.text
unsupportedInGwt,repos/Time-27f/JodaTimeContrib/gwt/src/main/gwt/org/joda/time/gwt/util/ExceptionUtils.java,ExceptionUtils,org.joda.time.gwt.util
copyOf,repos/Time-27f/JodaTimeContrib/gwt/src/main/gwt/org/joda/time/gwt/util/Arrays.java,Arrays,org.joda.time.gwt.util
copy,repos/Time-27f/JodaTimeContrib/gwt/src/main/gwt/org/joda/time/gwt/util/Arrays.java,Arrays,org.joda.time.gwt.util
singleton,repos/Time-27f/JodaTimeContrib/gwt/src/main/gwt/org/joda/time/gwt/tz/GwtZoneInfoProvider.java,GwtZoneInfoProvider,org.joda.time.gwt.tz
add,repos/Time-27f/JodaTimeContrib/gwt/src/main/gwt/org/joda/time/gwt/tz/GwtZoneInfoProvider.java,GwtZoneInfoProvider,org.joda.time.gwt.tz
getAvailableIDs,repos/Time-27f/JodaTimeContrib/gwt/src/main/gwt/org/joda/time/gwt/tz/GwtZoneInfoProvider.java,GwtZoneInfoProvider,org.joda.time.gwt.tz
getZone,repos/Time-27f/JodaTimeContrib/gwt/src/main/gwt/org/joda/time/gwt/tz/GwtZoneInfoProvider.java,GwtZoneInfoProvider,org.joda.time.gwt.tz
getGwtTimeZone,repos/Time-27f/JodaTimeContrib/gwt/src/main/gwt/org/joda/time/gwt/GwtTimeZone.java,GwtTimeZone,org.joda.time.gwt
previousTransition,repos/Time-27f/JodaTimeContrib/gwt/src/main/gwt/org/joda/time/gwt/GwtTimeZone.java,GwtTimeZone,org.joda.time.gwt
nextTransition,repos/Time-27f/JodaTimeContrib/gwt/src/main/gwt/org/joda/time/gwt/GwtTimeZone.java,GwtTimeZone,org.joda.time.gwt
isFixed,repos/Time-27f/JodaTimeContrib/gwt/src/main/gwt/org/joda/time/gwt/GwtTimeZone.java,GwtTimeZone,org.joda.time.gwt
getStandardOffset,repos/Time-27f/JodaTimeContrib/gwt/src/main/gwt/org/joda/time/gwt/GwtTimeZone.java,GwtTimeZone,org.joda.time.gwt
getOffset,repos/Time-27f/JodaTimeContrib/gwt/src/main/gwt/org/joda/time/gwt/GwtTimeZone.java,GwtTimeZone,org.joda.time.gwt
getNameKey,repos/Time-27f/JodaTimeContrib/gwt/src/main/gwt/org/joda/time/gwt/GwtTimeZone.java,GwtTimeZone,org.joda.time.gwt
hashCode,repos/Time-27f/JodaTimeContrib/gwt/src/main/gwt/org/joda/time/gwt/GwtTimeZone.java,GwtTimeZone,org.joda.time.gwt
equals,repos/Time-27f/JodaTimeContrib/gwt/src/main/gwt/org/joda/time/gwt/GwtTimeZone.java,GwtTimeZone,org.joda.time.gwt
sqlTypes,repos/Time-27f/JodaTimeContrib/hibernate/src/main/java/org/joda/time/contrib/hibernate/PersistentTimeOfDay.java,PersistentTimeOfDay,org.joda.time.contrib.hibernate
returnedClass,repos/Time-27f/JodaTimeContrib/hibernate/src/main/java/org/joda/time/contrib/hibernate/PersistentTimeOfDay.java,PersistentTimeOfDay,org.joda.time.contrib.hibernate
equals,repos/Time-27f/JodaTimeContrib/hibernate/src/main/java/org/joda/time/contrib/hibernate/PersistentTimeOfDay.java,PersistentTimeOfDay,org.joda.time.contrib.hibernate
hashCode,repos/Time-27f/JodaTimeContrib/hibernate/src/main/java/org/joda/time/contrib/hibernate/PersistentTimeOfDay.java,PersistentTimeOfDay,org.joda.time.contrib.hibernate
nullSafeGet,repos/Time-27f/JodaTimeContrib/hibernate/src/main/java/org/joda/time/contrib/hibernate/PersistentTimeOfDay.java,PersistentTimeOfDay,org.joda.time.contrib.hibernate
nullSafeGet,repos/Time-27f/JodaTimeContrib/hibernate/src/main/java/org/joda/time/contrib/hibernate/PersistentTimeOfDay.java,PersistentTimeOfDay,org.joda.time.contrib.hibernate
nullSafeSet,repos/Time-27f/JodaTimeContrib/hibernate/src/main/java/org/joda/time/contrib/hibernate/PersistentTimeOfDay.java,PersistentTimeOfDay,org.joda.time.contrib.hibernate
deepCopy,repos/Time-27f/JodaTimeContrib/hibernate/src/main/java/org/joda/time/contrib/hibernate/PersistentTimeOfDay.java,PersistentTimeOfDay,org.joda.time.contrib.hibernate
isMutable,repos/Time-27f/JodaTimeContrib/hibernate/src/main/java/org/joda/time/contrib/hibernate/PersistentTimeOfDay.java,PersistentTimeOfDay,org.joda.time.contrib.hibernate
disassemble,repos/Time-27f/JodaTimeContrib/hibernate/src/main/java/org/joda/time/contrib/hibernate/PersistentTimeOfDay.java,PersistentTimeOfDay,org.joda.time.contrib.hibernate
assemble,repos/Time-27f/JodaTimeContrib/hibernate/src/main/java/org/joda/time/contrib/hibernate/PersistentTimeOfDay.java,PersistentTimeOfDay,org.joda.time.contrib.hibernate
replace,repos/Time-27f/JodaTimeContrib/hibernate/src/main/java/org/joda/time/contrib/hibernate/PersistentTimeOfDay.java,PersistentTimeOfDay,org.joda.time.contrib.hibernate
objectToSQLString,repos/Time-27f/JodaTimeContrib/hibernate/src/main/java/org/joda/time/contrib/hibernate/PersistentTimeOfDay.java,PersistentTimeOfDay,org.joda.time.contrib.hibernate
toXMLString,repos/Time-27f/JodaTimeContrib/hibernate/src/main/java/org/joda/time/contrib/hibernate/PersistentTimeOfDay.java,PersistentTimeOfDay,org.joda.time.contrib.hibernate
fromXMLString,repos/Time-27f/JodaTimeContrib/hibernate/src/main/java/org/joda/time/contrib/hibernate/PersistentTimeOfDay.java,PersistentTimeOfDay,org.joda.time.contrib.hibernate
returnedClass,repos/Time-27f/JodaTimeContrib/hibernate/src/main/java/org/joda/time/contrib/hibernate/PersistentDuration.java,PersistentDuration,org.joda.time.contrib.hibernate
fromNonNullString,repos/Time-27f/JodaTimeContrib/hibernate/src/main/java/org/joda/time/contrib/hibernate/PersistentDuration.java,PersistentDuration,org.joda.time.contrib.hibernate
toNonNullString,repos/Time-27f/JodaTimeContrib/hibernate/src/main/java/org/joda/time/contrib/hibernate/PersistentDuration.java,PersistentDuration,org.joda.time.contrib.hibernate
sqlTypes,repos/Time-27f/JodaTimeContrib/hibernate/src/main/java/org/joda/time/contrib/hibernate/AbstractStringBasedJodaType.java,AbstractStringBasedJodaType,org.joda.time.contrib.hibernate
nullSafeGet,repos/Time-27f/JodaTimeContrib/hibernate/src/main/java/org/joda/time/contrib/hibernate/AbstractStringBasedJodaType.java,AbstractStringBasedJodaType,org.joda.time.contrib.hibernate
fromNonNullString,repos/Time-27f/JodaTimeContrib/hibernate/src/main/java/org/joda/time/contrib/hibernate/AbstractStringBasedJodaType.java,AbstractStringBasedJodaType,org.joda.time.contrib.hibernate
nullSafeSet,repos/Time-27f/JodaTimeContrib/hibernate/src/main/java/org/joda/time/contrib/hibernate/AbstractStringBasedJodaType.java,AbstractStringBasedJodaType,org.joda.time.contrib.hibernate
toNonNullString,repos/Time-27f/JodaTimeContrib/hibernate/src/main/java/org/joda/time/contrib/hibernate/AbstractStringBasedJodaType.java,AbstractStringBasedJodaType,org.joda.time.contrib.hibernate
equals,repos/Time-27f/JodaTimeContrib/hibernate/src/main/java/org/joda/time/contrib/hibernate/AbstractStringBasedJodaType.java,AbstractStringBasedJodaType,org.joda.time.contrib.hibernate
hashCode,repos/Time-27f/JodaTimeContrib/hibernate/src/main/java/org/joda/time/contrib/hibernate/AbstractStringBasedJodaType.java,AbstractStringBasedJodaType,org.joda.time.contrib.hibernate
deepCopy,repos/Time-27f/JodaTimeContrib/hibernate/src/main/java/org/joda/time/contrib/hibernate/AbstractStringBasedJodaType.java,AbstractStringBasedJodaType,org.joda.time.contrib.hibernate
isMutable,repos/Time-27f/JodaTimeContrib/hibernate/src/main/java/org/joda/time/contrib/hibernate/AbstractStringBasedJodaType.java,AbstractStringBasedJodaType,org.joda.time.contrib.hibernate
disassemble,repos/Time-27f/JodaTimeContrib/hibernate/src/main/java/org/joda/time/contrib/hibernate/AbstractStringBasedJodaType.java,AbstractStringBasedJodaType,org.joda.time.contrib.hibernate
assemble,repos/Time-27f/JodaTimeContrib/hibernate/src/main/java/org/joda/time/contrib/hibernate/AbstractStringBasedJodaType.java,AbstractStringBasedJodaType,org.joda.time.contrib.hibernate
replace,repos/Time-27f/JodaTimeContrib/hibernate/src/main/java/org/joda/time/contrib/hibernate/AbstractStringBasedJodaType.java,AbstractStringBasedJodaType,org.joda.time.contrib.hibernate
assemble,repos/Time-27f/JodaTimeContrib/hibernate/src/main/java/org/joda/time/contrib/hibernate/PersistentInterval.java,PersistentInterval,org.joda.time.contrib.hibernate
deepCopy,repos/Time-27f/JodaTimeContrib/hibernate/src/main/java/org/joda/time/contrib/hibernate/PersistentInterval.java,PersistentInterval,org.joda.time.contrib.hibernate
disassemble,repos/Time-27f/JodaTimeContrib/hibernate/src/main/java/org/joda/time/contrib/hibernate/PersistentInterval.java,PersistentInterval,org.joda.time.contrib.hibernate
equals,repos/Time-27f/JodaTimeContrib/hibernate/src/main/java/org/joda/time/contrib/hibernate/PersistentInterval.java,PersistentInterval,org.joda.time.contrib.hibernate
getPropertyNames,repos/Time-27f/JodaTimeContrib/hibernate/src/main/java/org/joda/time/contrib/hibernate/PersistentInterval.java,PersistentInterval,org.joda.time.contrib.hibernate
getPropertyTypes,repos/Time-27f/JodaTimeContrib/hibernate/src/main/java/org/joda/time/contrib/hibernate/PersistentInterval.java,PersistentInterval,org.joda.time.contrib.hibernate
getPropertyValue,repos/Time-27f/JodaTimeContrib/hibernate/src/main/java/org/joda/time/contrib/hibernate/PersistentInterval.java,PersistentInterval,org.joda.time.contrib.hibernate
hashCode,repos/Time-27f/JodaTimeContrib/hibernate/src/main/java/org/joda/time/contrib/hibernate/PersistentInterval.java,PersistentInterval,org.joda.time.contrib.hibernate
isMutable,repos/Time-27f/JodaTimeContrib/hibernate/src/main/java/org/joda/time/contrib/hibernate/PersistentInterval.java,PersistentInterval,org.joda.time.contrib.hibernate
nullSafeGet,repos/Time-27f/JodaTimeContrib/hibernate/src/main/java/org/joda/time/contrib/hibernate/PersistentInterval.java,PersistentInterval,org.joda.time.contrib.hibernate
nullSafeSet,repos/Time-27f/JodaTimeContrib/hibernate/src/main/java/org/joda/time/contrib/hibernate/PersistentInterval.java,PersistentInterval,org.joda.time.contrib.hibernate
asTimeStamp,repos/Time-27f/JodaTimeContrib/hibernate/src/main/java/org/joda/time/contrib/hibernate/PersistentInterval.java,PersistentInterval,org.joda.time.contrib.hibernate
replace,repos/Time-27f/JodaTimeContrib/hibernate/src/main/java/org/joda/time/contrib/hibernate/PersistentInterval.java,PersistentInterval,org.joda.time.contrib.hibernate
returnedClass,repos/Time-27f/JodaTimeContrib/hibernate/src/main/java/org/joda/time/contrib/hibernate/PersistentInterval.java,PersistentInterval,org.joda.time.contrib.hibernate
setPropertyValue,repos/Time-27f/JodaTimeContrib/hibernate/src/main/java/org/joda/time/contrib/hibernate/PersistentInterval.java,PersistentInterval,org.joda.time.contrib.hibernate
sqlTypes,repos/Time-27f/JodaTimeContrib/hibernate/src/main/java/org/joda/time/contrib/hibernate/PersistentLocalTimeAsTime.java,PersistentLocalTimeAsTime,org.joda.time.contrib.hibernate
returnedClass,repos/Time-27f/JodaTimeContrib/hibernate/src/main/java/org/joda/time/contrib/hibernate/PersistentLocalTimeAsTime.java,PersistentLocalTimeAsTime,org.joda.time.contrib.hibernate
equals,repos/Time-27f/JodaTimeContrib/hibernate/src/main/java/org/joda/time/contrib/hibernate/PersistentLocalTimeAsTime.java,PersistentLocalTimeAsTime,org.joda.time.contrib.hibernate
hashCode,repos/Time-27f/JodaTimeContrib/hibernate/src/main/java/org/joda/time/contrib/hibernate/PersistentLocalTimeAsTime.java,PersistentLocalTimeAsTime,org.joda.time.contrib.hibernate
nullSafeGet,repos/Time-27f/JodaTimeContrib/hibernate/src/main/java/org/joda/time/contrib/hibernate/PersistentLocalTimeAsTime.java,PersistentLocalTimeAsTime,org.joda.time.contrib.hibernate
nullSafeGet,repos/Time-27f/JodaTimeContrib/hibernate/src/main/java/org/joda/time/contrib/hibernate/PersistentLocalTimeAsTime.java,PersistentLocalTimeAsTime,org.joda.time.contrib.hibernate
nullSafeSet,repos/Time-27f/JodaTimeContrib/hibernate/src/main/java/org/joda/time/contrib/hibernate/PersistentLocalTimeAsTime.java,PersistentLocalTimeAsTime,org.joda.time.contrib.hibernate
deepCopy,repos/Time-27f/JodaTimeContrib/hibernate/src/main/java/org/joda/time/contrib/hibernate/PersistentLocalTimeAsTime.java,PersistentLocalTimeAsTime,org.joda.time.contrib.hibernate
isMutable,repos/Time-27f/JodaTimeContrib/hibernate/src/main/java/org/joda/time/contrib/hibernate/PersistentLocalTimeAsTime.java,PersistentLocalTimeAsTime,org.joda.time.contrib.hibernate
disassemble,repos/Time-27f/JodaTimeContrib/hibernate/src/main/java/org/joda/time/contrib/hibernate/PersistentLocalTimeAsTime.java,PersistentLocalTimeAsTime,org.joda.time.contrib.hibernate
assemble,repos/Time-27f/JodaTimeContrib/hibernate/src/main/java/org/joda/time/contrib/hibernate/PersistentLocalTimeAsTime.java,PersistentLocalTimeAsTime,org.joda.time.contrib.hibernate
replace,repos/Time-27f/JodaTimeContrib/hibernate/src/main/java/org/joda/time/contrib/hibernate/PersistentLocalTimeAsTime.java,PersistentLocalTimeAsTime,org.joda.time.contrib.hibernate
objectToSQLString,repos/Time-27f/JodaTimeContrib/hibernate/src/main/java/org/joda/time/contrib/hibernate/PersistentLocalTimeAsTime.java,PersistentLocalTimeAsTime,org.joda.time.contrib.hibernate
toXMLString,repos/Time-27f/JodaTimeContrib/hibernate/src/main/java/org/joda/time/contrib/hibernate/PersistentLocalTimeAsTime.java,PersistentLocalTimeAsTime,org.joda.time.contrib.hibernate
fromXMLString,repos/Time-27f/JodaTimeContrib/hibernate/src/main/java/org/joda/time/contrib/hibernate/PersistentLocalTimeAsTime.java,PersistentLocalTimeAsTime,org.joda.time.contrib.hibernate
sqlTypes,repos/Time-27f/JodaTimeContrib/hibernate/src/main/java/org/joda/time/contrib/hibernate/PersistentYearMonthDay.java,PersistentYearMonthDay,org.joda.time.contrib.hibernate
returnedClass,repos/Time-27f/JodaTimeContrib/hibernate/src/main/java/org/joda/time/contrib/hibernate/PersistentYearMonthDay.java,PersistentYearMonthDay,org.joda.time.contrib.hibernate
equals,repos/Time-27f/JodaTimeContrib/hibernate/src/main/java/org/joda/time/contrib/hibernate/PersistentYearMonthDay.java,PersistentYearMonthDay,org.joda.time.contrib.hibernate
hashCode,repos/Time-27f/JodaTimeContrib/hibernate/src/main/java/org/joda/time/contrib/hibernate/PersistentYearMonthDay.java,PersistentYearMonthDay,org.joda.time.contrib.hibernate
nullSafeGet,repos/Time-27f/JodaTimeContrib/hibernate/src/main/java/org/joda/time/contrib/hibernate/PersistentYearMonthDay.java,PersistentYearMonthDay,org.joda.time.contrib.hibernate
nullSafeGet,repos/Time-27f/JodaTimeContrib/hibernate/src/main/java/org/joda/time/contrib/hibernate/PersistentYearMonthDay.java,PersistentYearMonthDay,org.joda.time.contrib.hibernate
nullSafeSet,repos/Time-27f/JodaTimeContrib/hibernate/src/main/java/org/joda/time/contrib/hibernate/PersistentYearMonthDay.java,PersistentYearMonthDay,org.joda.time.contrib.hibernate
deepCopy,repos/Time-27f/JodaTimeContrib/hibernate/src/main/java/org/joda/time/contrib/hibernate/PersistentYearMonthDay.java,PersistentYearMonthDay,org.joda.time.contrib.hibernate
isMutable,repos/Time-27f/JodaTimeContrib/hibernate/src/main/java/org/joda/time/contrib/hibernate/PersistentYearMonthDay.java,PersistentYearMonthDay,org.joda.time.contrib.hibernate
disassemble,repos/Time-27f/JodaTimeContrib/hibernate/src/main/java/org/joda/time/contrib/hibernate/PersistentYearMonthDay.java,PersistentYearMonthDay,org.joda.time.contrib.hibernate
assemble,repos/Time-27f/JodaTimeContrib/hibernate/src/main/java/org/joda/time/contrib/hibernate/PersistentYearMonthDay.java,PersistentYearMonthDay,org.joda.time.contrib.hibernate
replace,repos/Time-27f/JodaTimeContrib/hibernate/src/main/java/org/joda/time/contrib/hibernate/PersistentYearMonthDay.java,PersistentYearMonthDay,org.joda.time.contrib.hibernate
objectToSQLString,repos/Time-27f/JodaTimeContrib/hibernate/src/main/java/org/joda/time/contrib/hibernate/PersistentYearMonthDay.java,PersistentYearMonthDay,org.joda.time.contrib.hibernate
toXMLString,repos/Time-27f/JodaTimeContrib/hibernate/src/main/java/org/joda/time/contrib/hibernate/PersistentYearMonthDay.java,PersistentYearMonthDay,org.joda.time.contrib.hibernate
fromXMLString,repos/Time-27f/JodaTimeContrib/hibernate/src/main/java/org/joda/time/contrib/hibernate/PersistentYearMonthDay.java,PersistentYearMonthDay,org.joda.time.contrib.hibernate
sqlTypes,repos/Time-27f/JodaTimeContrib/hibernate/src/main/java/org/joda/time/contrib/hibernate/PersistentInstantAsBigInt.java,PersistentInstantAsBigInt,org.joda.time.contrib.hibernate
returnedClass,repos/Time-27f/JodaTimeContrib/hibernate/src/main/java/org/joda/time/contrib/hibernate/PersistentInstantAsBigInt.java,PersistentInstantAsBigInt,org.joda.time.contrib.hibernate
equals,repos/Time-27f/JodaTimeContrib/hibernate/src/main/java/org/joda/time/contrib/hibernate/PersistentInstantAsBigInt.java,PersistentInstantAsBigInt,org.joda.time.contrib.hibernate
hashCode,repos/Time-27f/JodaTimeContrib/hibernate/src/main/java/org/joda/time/contrib/hibernate/PersistentInstantAsBigInt.java,PersistentInstantAsBigInt,org.joda.time.contrib.hibernate
nullSafeGet,repos/Time-27f/JodaTimeContrib/hibernate/src/main/java/org/joda/time/contrib/hibernate/PersistentInstantAsBigInt.java,PersistentInstantAsBigInt,org.joda.time.contrib.hibernate
nullSafeGet,repos/Time-27f/JodaTimeContrib/hibernate/src/main/java/org/joda/time/contrib/hibernate/PersistentInstantAsBigInt.java,PersistentInstantAsBigInt,org.joda.time.contrib.hibernate
nullSafeSet,repos/Time-27f/JodaTimeContrib/hibernate/src/main/java/org/joda/time/contrib/hibernate/PersistentInstantAsBigInt.java,PersistentInstantAsBigInt,org.joda.time.contrib.hibernate
deepCopy,repos/Time-27f/JodaTimeContrib/hibernate/src/main/java/org/joda/time/contrib/hibernate/PersistentInstantAsBigInt.java,PersistentInstantAsBigInt,org.joda.time.contrib.hibernate
isMutable,repos/Time-27f/JodaTimeContrib/hibernate/src/main/java/org/joda/time/contrib/hibernate/PersistentInstantAsBigInt.java,PersistentInstantAsBigInt,org.joda.time.contrib.hibernate
disassemble,repos/Time-27f/JodaTimeContrib/hibernate/src/main/java/org/joda/time/contrib/hibernate/PersistentInstantAsBigInt.java,PersistentInstantAsBigInt,org.joda.time.contrib.hibernate
assemble,repos/Time-27f/JodaTimeContrib/hibernate/src/main/java/org/joda/time/contrib/hibernate/PersistentInstantAsBigInt.java,PersistentInstantAsBigInt,org.joda.time.contrib.hibernate
replace,repos/Time-27f/JodaTimeContrib/hibernate/src/main/java/org/joda/time/contrib/hibernate/PersistentInstantAsBigInt.java,PersistentInstantAsBigInt,org.joda.time.contrib.hibernate
objectToSQLString,repos/Time-27f/JodaTimeContrib/hibernate/src/main/java/org/joda/time/contrib/hibernate/PersistentInstantAsBigInt.java,PersistentInstantAsBigInt,org.joda.time.contrib.hibernate
toXMLString,repos/Time-27f/JodaTimeContrib/hibernate/src/main/java/org/joda/time/contrib/hibernate/PersistentInstantAsBigInt.java,PersistentInstantAsBigInt,org.joda.time.contrib.hibernate
fromXMLString,repos/Time-27f/JodaTimeContrib/hibernate/src/main/java/org/joda/time/contrib/hibernate/PersistentInstantAsBigInt.java,PersistentInstantAsBigInt,org.joda.time.contrib.hibernate
sqlTypes,repos/Time-27f/JodaTimeContrib/hibernate/src/main/java/org/joda/time/contrib/hibernate/PersistentLocalDate.java,PersistentLocalDate,org.joda.time.contrib.hibernate
returnedClass,repos/Time-27f/JodaTimeContrib/hibernate/src/main/java/org/joda/time/contrib/hibernate/PersistentLocalDate.java,PersistentLocalDate,org.joda.time.contrib.hibernate
equals,repos/Time-27f/JodaTimeContrib/hibernate/src/main/java/org/joda/time/contrib/hibernate/PersistentLocalDate.java,PersistentLocalDate,org.joda.time.contrib.hibernate
hashCode,repos/Time-27f/JodaTimeContrib/hibernate/src/main/java/org/joda/time/contrib/hibernate/PersistentLocalDate.java,PersistentLocalDate,org.joda.time.contrib.hibernate
nullSafeGet,repos/Time-27f/JodaTimeContrib/hibernate/src/main/java/org/joda/time/contrib/hibernate/PersistentLocalDate.java,PersistentLocalDate,org.joda.time.contrib.hibernate
nullSafeGet,repos/Time-27f/JodaTimeContrib/hibernate/src/main/java/org/joda/time/contrib/hibernate/PersistentLocalDate.java,PersistentLocalDate,org.joda.time.contrib.hibernate
nullSafeSet,repos/Time-27f/JodaTimeContrib/hibernate/src/main/java/org/joda/time/contrib/hibernate/PersistentLocalDate.java,PersistentLocalDate,org.joda.time.contrib.hibernate
deepCopy,repos/Time-27f/JodaTimeContrib/hibernate/src/main/java/org/joda/time/contrib/hibernate/PersistentLocalDate.java,PersistentLocalDate,org.joda.time.contrib.hibernate
isMutable,repos/Time-27f/JodaTimeContrib/hibernate/src/main/java/org/joda/time/contrib/hibernate/PersistentLocalDate.java,PersistentLocalDate,org.joda.time.contrib.hibernate
disassemble,repos/Time-27f/JodaTimeContrib/hibernate/src/main/java/org/joda/time/contrib/hibernate/PersistentLocalDate.java,PersistentLocalDate,org.joda.time.contrib.hibernate
assemble,repos/Time-27f/JodaTimeContrib/hibernate/src/main/java/org/joda/time/contrib/hibernate/PersistentLocalDate.java,PersistentLocalDate,org.joda.time.contrib.hibernate
replace,repos/Time-27f/JodaTimeContrib/hibernate/src/main/java/org/joda/time/contrib/hibernate/PersistentLocalDate.java,PersistentLocalDate,org.joda.time.contrib.hibernate
objectToSQLString,repos/Time-27f/JodaTimeContrib/hibernate/src/main/java/org/joda/time/contrib/hibernate/PersistentLocalDate.java,PersistentLocalDate,org.joda.time.contrib.hibernate
toXMLString,repos/Time-27f/JodaTimeContrib/hibernate/src/main/java/org/joda/time/contrib/hibernate/PersistentLocalDate.java,PersistentLocalDate,org.joda.time.contrib.hibernate
fromXMLString,repos/Time-27f/JodaTimeContrib/hibernate/src/main/java/org/joda/time/contrib/hibernate/PersistentLocalDate.java,PersistentLocalDate,org.joda.time.contrib.hibernate
sqlTypes,repos/Time-27f/JodaTimeContrib/hibernate/src/main/java/org/joda/time/contrib/hibernate/PersistentLocalDateTime.java,PersistentLocalDateTime,org.joda.time.contrib.hibernate
returnedClass,repos/Time-27f/JodaTimeContrib/hibernate/src/main/java/org/joda/time/contrib/hibernate/PersistentLocalDateTime.java,PersistentLocalDateTime,org.joda.time.contrib.hibernate
equals,repos/Time-27f/JodaTimeContrib/hibernate/src/main/java/org/joda/time/contrib/hibernate/PersistentLocalDateTime.java,PersistentLocalDateTime,org.joda.time.contrib.hibernate
hashCode,repos/Time-27f/JodaTimeContrib/hibernate/src/main/java/org/joda/time/contrib/hibernate/PersistentLocalDateTime.java,PersistentLocalDateTime,org.joda.time.contrib.hibernate
nullSafeGet,repos/Time-27f/JodaTimeContrib/hibernate/src/main/java/org/joda/time/contrib/hibernate/PersistentLocalDateTime.java,PersistentLocalDateTime,org.joda.time.contrib.hibernate
nullSafeGet,repos/Time-27f/JodaTimeContrib/hibernate/src/main/java/org/joda/time/contrib/hibernate/PersistentLocalDateTime.java,PersistentLocalDateTime,org.joda.time.contrib.hibernate
nullSafeSet,repos/Time-27f/JodaTimeContrib/hibernate/src/main/java/org/joda/time/contrib/hibernate/PersistentLocalDateTime.java,PersistentLocalDateTime,org.joda.time.contrib.hibernate
deepCopy,repos/Time-27f/JodaTimeContrib/hibernate/src/main/java/org/joda/time/contrib/hibernate/PersistentLocalDateTime.java,PersistentLocalDateTime,org.joda.time.contrib.hibernate
isMutable,repos/Time-27f/JodaTimeContrib/hibernate/src/main/java/org/joda/time/contrib/hibernate/PersistentLocalDateTime.java,PersistentLocalDateTime,org.joda.time.contrib.hibernate
disassemble,repos/Time-27f/JodaTimeContrib/hibernate/src/main/java/org/joda/time/contrib/hibernate/PersistentLocalDateTime.java,PersistentLocalDateTime,org.joda.time.contrib.hibernate
assemble,repos/Time-27f/JodaTimeContrib/hibernate/src/main/java/org/joda/time/contrib/hibernate/PersistentLocalDateTime.java,PersistentLocalDateTime,org.joda.time.contrib.hibernate
replace,repos/Time-27f/JodaTimeContrib/hibernate/src/main/java/org/joda/time/contrib/hibernate/PersistentLocalDateTime.java,PersistentLocalDateTime,org.joda.time.contrib.hibernate
objectToSQLString,repos/Time-27f/JodaTimeContrib/hibernate/src/main/java/org/joda/time/contrib/hibernate/PersistentLocalDateTime.java,PersistentLocalDateTime,org.joda.time.contrib.hibernate
toXMLString,repos/Time-27f/JodaTimeContrib/hibernate/src/main/java/org/joda/time/contrib/hibernate/PersistentLocalDateTime.java,PersistentLocalDateTime,org.joda.time.contrib.hibernate
fromXMLString,repos/Time-27f/JodaTimeContrib/hibernate/src/main/java/org/joda/time/contrib/hibernate/PersistentLocalDateTime.java,PersistentLocalDateTime,org.joda.time.contrib.hibernate
returnedClass,repos/Time-27f/JodaTimeContrib/hibernate/src/main/java/org/joda/time/contrib/hibernate/PersistentPeriod.java,PersistentPeriod,org.joda.time.contrib.hibernate
fromNonNullString,repos/Time-27f/JodaTimeContrib/hibernate/src/main/java/org/joda/time/contrib/hibernate/PersistentPeriod.java,PersistentPeriod,org.joda.time.contrib.hibernate
toNonNullString,repos/Time-27f/JodaTimeContrib/hibernate/src/main/java/org/joda/time/contrib/hibernate/PersistentPeriod.java,PersistentPeriod,org.joda.time.contrib.hibernate
sqlTypes,repos/Time-27f/JodaTimeContrib/hibernate/src/main/java/org/joda/time/contrib/hibernate/PersistentLocalTimeExact.java,PersistentLocalTimeExact,org.joda.time.contrib.hibernate
returnedClass,repos/Time-27f/JodaTimeContrib/hibernate/src/main/java/org/joda/time/contrib/hibernate/PersistentLocalTimeExact.java,PersistentLocalTimeExact,org.joda.time.contrib.hibernate
equals,repos/Time-27f/JodaTimeContrib/hibernate/src/main/java/org/joda/time/contrib/hibernate/PersistentLocalTimeExact.java,PersistentLocalTimeExact,org.joda.time.contrib.hibernate
hashCode,repos/Time-27f/JodaTimeContrib/hibernate/src/main/java/org/joda/time/contrib/hibernate/PersistentLocalTimeExact.java,PersistentLocalTimeExact,org.joda.time.contrib.hibernate
nullSafeGet,repos/Time-27f/JodaTimeContrib/hibernate/src/main/java/org/joda/time/contrib/hibernate/PersistentLocalTimeExact.java,PersistentLocalTimeExact,org.joda.time.contrib.hibernate
nullSafeGet,repos/Time-27f/JodaTimeContrib/hibernate/src/main/java/org/joda/time/contrib/hibernate/PersistentLocalTimeExact.java,PersistentLocalTimeExact,org.joda.time.contrib.hibernate
nullSafeSet,repos/Time-27f/JodaTimeContrib/hibernate/src/main/java/org/joda/time/contrib/hibernate/PersistentLocalTimeExact.java,PersistentLocalTimeExact,org.joda.time.contrib.hibernate
deepCopy,repos/Time-27f/JodaTimeContrib/hibernate/src/main/java/org/joda/time/contrib/hibernate/PersistentLocalTimeExact.java,PersistentLocalTimeExact,org.joda.time.contrib.hibernate
isMutable,repos/Time-27f/JodaTimeContrib/hibernate/src/main/java/org/joda/time/contrib/hibernate/PersistentLocalTimeExact.java,PersistentLocalTimeExact,org.joda.time.contrib.hibernate
disassemble,repos/Time-27f/JodaTimeContrib/hibernate/src/main/java/org/joda/time/contrib/hibernate/PersistentLocalTimeExact.java,PersistentLocalTimeExact,org.joda.time.contrib.hibernate
assemble,repos/Time-27f/JodaTimeContrib/hibernate/src/main/java/org/joda/time/contrib/hibernate/PersistentLocalTimeExact.java,PersistentLocalTimeExact,org.joda.time.contrib.hibernate
replace,repos/Time-27f/JodaTimeContrib/hibernate/src/main/java/org/joda/time/contrib/hibernate/PersistentLocalTimeExact.java,PersistentLocalTimeExact,org.joda.time.contrib.hibernate
objectToSQLString,repos/Time-27f/JodaTimeContrib/hibernate/src/main/java/org/joda/time/contrib/hibernate/PersistentLocalTimeExact.java,PersistentLocalTimeExact,org.joda.time.contrib.hibernate
toXMLString,repos/Time-27f/JodaTimeContrib/hibernate/src/main/java/org/joda/time/contrib/hibernate/PersistentLocalTimeExact.java,PersistentLocalTimeExact,org.joda.time.contrib.hibernate
fromXMLString,repos/Time-27f/JodaTimeContrib/hibernate/src/main/java/org/joda/time/contrib/hibernate/PersistentLocalTimeExact.java,PersistentLocalTimeExact,org.joda.time.contrib.hibernate
sqlTypes,repos/Time-27f/JodaTimeContrib/hibernate/src/main/java/org/joda/time/contrib/hibernate/PersistentDateTime.java,PersistentDateTime,org.joda.time.contrib.hibernate
returnedClass,repos/Time-27f/JodaTimeContrib/hibernate/src/main/java/org/joda/time/contrib/hibernate/PersistentDateTime.java,PersistentDateTime,org.joda.time.contrib.hibernate
equals,repos/Time-27f/JodaTimeContrib/hibernate/src/main/java/org/joda/time/contrib/hibernate/PersistentDateTime.java,PersistentDateTime,org.joda.time.contrib.hibernate
hashCode,repos/Time-27f/JodaTimeContrib/hibernate/src/main/java/org/joda/time/contrib/hibernate/PersistentDateTime.java,PersistentDateTime,org.joda.time.contrib.hibernate
nullSafeGet,repos/Time-27f/JodaTimeContrib/hibernate/src/main/java/org/joda/time/contrib/hibernate/PersistentDateTime.java,PersistentDateTime,org.joda.time.contrib.hibernate
nullSafeGet,repos/Time-27f/JodaTimeContrib/hibernate/src/main/java/org/joda/time/contrib/hibernate/PersistentDateTime.java,PersistentDateTime,org.joda.time.contrib.hibernate
nullSafeSet,repos/Time-27f/JodaTimeContrib/hibernate/src/main/java/org/joda/time/contrib/hibernate/PersistentDateTime.java,PersistentDateTime,org.joda.time.contrib.hibernate
deepCopy,repos/Time-27f/JodaTimeContrib/hibernate/src/main/java/org/joda/time/contrib/hibernate/PersistentDateTime.java,PersistentDateTime,org.joda.time.contrib.hibernate
isMutable,repos/Time-27f/JodaTimeContrib/hibernate/src/main/java/org/joda/time/contrib/hibernate/PersistentDateTime.java,PersistentDateTime,org.joda.time.contrib.hibernate
disassemble,repos/Time-27f/JodaTimeContrib/hibernate/src/main/java/org/joda/time/contrib/hibernate/PersistentDateTime.java,PersistentDateTime,org.joda.time.contrib.hibernate
assemble,repos/Time-27f/JodaTimeContrib/hibernate/src/main/java/org/joda/time/contrib/hibernate/PersistentDateTime.java,PersistentDateTime,org.joda.time.contrib.hibernate
replace,repos/Time-27f/JodaTimeContrib/hibernate/src/main/java/org/joda/time/contrib/hibernate/PersistentDateTime.java,PersistentDateTime,org.joda.time.contrib.hibernate
objectToSQLString,repos/Time-27f/JodaTimeContrib/hibernate/src/main/java/org/joda/time/contrib/hibernate/PersistentDateTime.java,PersistentDateTime,org.joda.time.contrib.hibernate
toXMLString,repos/Time-27f/JodaTimeContrib/hibernate/src/main/java/org/joda/time/contrib/hibernate/PersistentDateTime.java,PersistentDateTime,org.joda.time.contrib.hibernate
fromXMLString,repos/Time-27f/JodaTimeContrib/hibernate/src/main/java/org/joda/time/contrib/hibernate/PersistentDateTime.java,PersistentDateTime,org.joda.time.contrib.hibernate
sqlTypes,repos/Time-27f/JodaTimeContrib/hibernate/src/main/java/org/joda/time/contrib/hibernate/PersistentDateTimeTZ.java,PersistentDateTimeTZ,org.joda.time.contrib.hibernate
returnedClass,repos/Time-27f/JodaTimeContrib/hibernate/src/main/java/org/joda/time/contrib/hibernate/PersistentDateTimeTZ.java,PersistentDateTimeTZ,org.joda.time.contrib.hibernate
equals,repos/Time-27f/JodaTimeContrib/hibernate/src/main/java/org/joda/time/contrib/hibernate/PersistentDateTimeTZ.java,PersistentDateTimeTZ,org.joda.time.contrib.hibernate
hashCode,repos/Time-27f/JodaTimeContrib/hibernate/src/main/java/org/joda/time/contrib/hibernate/PersistentDateTimeTZ.java,PersistentDateTimeTZ,org.joda.time.contrib.hibernate
nullSafeGet,repos/Time-27f/JodaTimeContrib/hibernate/src/main/java/org/joda/time/contrib/hibernate/PersistentDateTimeTZ.java,PersistentDateTimeTZ,org.joda.time.contrib.hibernate
nullSafeSet,repos/Time-27f/JodaTimeContrib/hibernate/src/main/java/org/joda/time/contrib/hibernate/PersistentDateTimeTZ.java,PersistentDateTimeTZ,org.joda.time.contrib.hibernate
deepCopy,repos/Time-27f/JodaTimeContrib/hibernate/src/main/java/org/joda/time/contrib/hibernate/PersistentDateTimeTZ.java,PersistentDateTimeTZ,org.joda.time.contrib.hibernate
isMutable,repos/Time-27f/JodaTimeContrib/hibernate/src/main/java/org/joda/time/contrib/hibernate/PersistentDateTimeTZ.java,PersistentDateTimeTZ,org.joda.time.contrib.hibernate
disassemble,repos/Time-27f/JodaTimeContrib/hibernate/src/main/java/org/joda/time/contrib/hibernate/PersistentDateTimeTZ.java,PersistentDateTimeTZ,org.joda.time.contrib.hibernate
assemble,repos/Time-27f/JodaTimeContrib/hibernate/src/main/java/org/joda/time/contrib/hibernate/PersistentDateTimeTZ.java,PersistentDateTimeTZ,org.joda.time.contrib.hibernate
replace,repos/Time-27f/JodaTimeContrib/hibernate/src/main/java/org/joda/time/contrib/hibernate/PersistentDateTimeTZ.java,PersistentDateTimeTZ,org.joda.time.contrib.hibernate
sqlTypes,repos/Time-27f/JodaTimeContrib/hibernate/src/main/java/org/joda/time/contrib/hibernate/PersistentInstant.java,PersistentInstant,org.joda.time.contrib.hibernate
returnedClass,repos/Time-27f/JodaTimeContrib/hibernate/src/main/java/org/joda/time/contrib/hibernate/PersistentInstant.java,PersistentInstant,org.joda.time.contrib.hibernate
equals,repos/Time-27f/JodaTimeContrib/hibernate/src/main/java/org/joda/time/contrib/hibernate/PersistentInstant.java,PersistentInstant,org.joda.time.contrib.hibernate
hashCode,repos/Time-27f/JodaTimeContrib/hibernate/src/main/java/org/joda/time/contrib/hibernate/PersistentInstant.java,PersistentInstant,org.joda.time.contrib.hibernate
nullSafeGet,repos/Time-27f/JodaTimeContrib/hibernate/src/main/java/org/joda/time/contrib/hibernate/PersistentInstant.java,PersistentInstant,org.joda.time.contrib.hibernate
nullSafeGet,repos/Time-27f/JodaTimeContrib/hibernate/src/main/java/org/joda/time/contrib/hibernate/PersistentInstant.java,PersistentInstant,org.joda.time.contrib.hibernate
nullSafeSet,repos/Time-27f/JodaTimeContrib/hibernate/src/main/java/org/joda/time/contrib/hibernate/PersistentInstant.java,PersistentInstant,org.joda.time.contrib.hibernate
deepCopy,repos/Time-27f/JodaTimeContrib/hibernate/src/main/java/org/joda/time/contrib/hibernate/PersistentInstant.java,PersistentInstant,org.joda.time.contrib.hibernate
isMutable,repos/Time-27f/JodaTimeContrib/hibernate/src/main/java/org/joda/time/contrib/hibernate/PersistentInstant.java,PersistentInstant,org.joda.time.contrib.hibernate
disassemble,repos/Time-27f/JodaTimeContrib/hibernate/src/main/java/org/joda/time/contrib/hibernate/PersistentInstant.java,PersistentInstant,org.joda.time.contrib.hibernate
assemble,repos/Time-27f/JodaTimeContrib/hibernate/src/main/java/org/joda/time/contrib/hibernate/PersistentInstant.java,PersistentInstant,org.joda.time.contrib.hibernate
replace,repos/Time-27f/JodaTimeContrib/hibernate/src/main/java/org/joda/time/contrib/hibernate/PersistentInstant.java,PersistentInstant,org.joda.time.contrib.hibernate
objectToSQLString,repos/Time-27f/JodaTimeContrib/hibernate/src/main/java/org/joda/time/contrib/hibernate/PersistentInstant.java,PersistentInstant,org.joda.time.contrib.hibernate
toXMLString,repos/Time-27f/JodaTimeContrib/hibernate/src/main/java/org/joda/time/contrib/hibernate/PersistentInstant.java,PersistentInstant,org.joda.time.contrib.hibernate
fromXMLString,repos/Time-27f/JodaTimeContrib/hibernate/src/main/java/org/joda/time/contrib/hibernate/PersistentInstant.java,PersistentInstant,org.joda.time.contrib.hibernate
sqlTypes,repos/Time-27f/JodaTimeContrib/hibernate/src/main/java/org/joda/time/contrib/hibernate/PersistentTimeOfDayExact.java,PersistentTimeOfDayExact,org.joda.time.contrib.hibernate
returnedClass,repos/Time-27f/JodaTimeContrib/hibernate/src/main/java/org/joda/time/contrib/hibernate/PersistentTimeOfDayExact.java,PersistentTimeOfDayExact,org.joda.time.contrib.hibernate
equals,repos/Time-27f/JodaTimeContrib/hibernate/src/main/java/org/joda/time/contrib/hibernate/PersistentTimeOfDayExact.java,PersistentTimeOfDayExact,org.joda.time.contrib.hibernate
hashCode,repos/Time-27f/JodaTimeContrib/hibernate/src/main/java/org/joda/time/contrib/hibernate/PersistentTimeOfDayExact.java,PersistentTimeOfDayExact,org.joda.time.contrib.hibernate
nullSafeGet,repos/Time-27f/JodaTimeContrib/hibernate/src/main/java/org/joda/time/contrib/hibernate/PersistentTimeOfDayExact.java,PersistentTimeOfDayExact,org.joda.time.contrib.hibernate
nullSafeGet,repos/Time-27f/JodaTimeContrib/hibernate/src/main/java/org/joda/time/contrib/hibernate/PersistentTimeOfDayExact.java,PersistentTimeOfDayExact,org.joda.time.contrib.hibernate
nullSafeSet,repos/Time-27f/JodaTimeContrib/hibernate/src/main/java/org/joda/time/contrib/hibernate/PersistentTimeOfDayExact.java,PersistentTimeOfDayExact,org.joda.time.contrib.hibernate
deepCopy,repos/Time-27f/JodaTimeContrib/hibernate/src/main/java/org/joda/time/contrib/hibernate/PersistentTimeOfDayExact.java,PersistentTimeOfDayExact,org.joda.time.contrib.hibernate
isMutable,repos/Time-27f/JodaTimeContrib/hibernate/src/main/java/org/joda/time/contrib/hibernate/PersistentTimeOfDayExact.java,PersistentTimeOfDayExact,org.joda.time.contrib.hibernate
disassemble,repos/Time-27f/JodaTimeContrib/hibernate/src/main/java/org/joda/time/contrib/hibernate/PersistentTimeOfDayExact.java,PersistentTimeOfDayExact,org.joda.time.contrib.hibernate
assemble,repos/Time-27f/JodaTimeContrib/hibernate/src/main/java/org/joda/time/contrib/hibernate/PersistentTimeOfDayExact.java,PersistentTimeOfDayExact,org.joda.time.contrib.hibernate
replace,repos/Time-27f/JodaTimeContrib/hibernate/src/main/java/org/joda/time/contrib/hibernate/PersistentTimeOfDayExact.java,PersistentTimeOfDayExact,org.joda.time.contrib.hibernate
objectToSQLString,repos/Time-27f/JodaTimeContrib/hibernate/src/main/java/org/joda/time/contrib/hibernate/PersistentTimeOfDayExact.java,PersistentTimeOfDayExact,org.joda.time.contrib.hibernate
toXMLString,repos/Time-27f/JodaTimeContrib/hibernate/src/main/java/org/joda/time/contrib/hibernate/PersistentTimeOfDayExact.java,PersistentTimeOfDayExact,org.joda.time.contrib.hibernate
fromXMLString,repos/Time-27f/JodaTimeContrib/hibernate/src/main/java/org/joda/time/contrib/hibernate/PersistentTimeOfDayExact.java,PersistentTimeOfDayExact,org.joda.time.contrib.hibernate
sqlTypes,repos/Time-27f/JodaTimeContrib/hibernate/src/main/java/org/joda/time/contrib/hibernate/PersistentLocalTimeAsString.java,PersistentLocalTimeAsString,org.joda.time.contrib.hibernate
returnedClass,repos/Time-27f/JodaTimeContrib/hibernate/src/main/java/org/joda/time/contrib/hibernate/PersistentLocalTimeAsString.java,PersistentLocalTimeAsString,org.joda.time.contrib.hibernate
equals,repos/Time-27f/JodaTimeContrib/hibernate/src/main/java/org/joda/time/contrib/hibernate/PersistentLocalTimeAsString.java,PersistentLocalTimeAsString,org.joda.time.contrib.hibernate
hashCode,repos/Time-27f/JodaTimeContrib/hibernate/src/main/java/org/joda/time/contrib/hibernate/PersistentLocalTimeAsString.java,PersistentLocalTimeAsString,org.joda.time.contrib.hibernate
nullSafeGet,repos/Time-27f/JodaTimeContrib/hibernate/src/main/java/org/joda/time/contrib/hibernate/PersistentLocalTimeAsString.java,PersistentLocalTimeAsString,org.joda.time.contrib.hibernate
nullSafeGet,repos/Time-27f/JodaTimeContrib/hibernate/src/main/java/org/joda/time/contrib/hibernate/PersistentLocalTimeAsString.java,PersistentLocalTimeAsString,org.joda.time.contrib.hibernate
nullSafeSet,repos/Time-27f/JodaTimeContrib/hibernate/src/main/java/org/joda/time/contrib/hibernate/PersistentLocalTimeAsString.java,PersistentLocalTimeAsString,org.joda.time.contrib.hibernate
deepCopy,repos/Time-27f/JodaTimeContrib/hibernate/src/main/java/org/joda/time/contrib/hibernate/PersistentLocalTimeAsString.java,PersistentLocalTimeAsString,org.joda.time.contrib.hibernate
isMutable,repos/Time-27f/JodaTimeContrib/hibernate/src/main/java/org/joda/time/contrib/hibernate/PersistentLocalTimeAsString.java,PersistentLocalTimeAsString,org.joda.time.contrib.hibernate
disassemble,repos/Time-27f/JodaTimeContrib/hibernate/src/main/java/org/joda/time/contrib/hibernate/PersistentLocalTimeAsString.java,PersistentLocalTimeAsString,org.joda.time.contrib.hibernate
assemble,repos/Time-27f/JodaTimeContrib/hibernate/src/main/java/org/joda/time/contrib/hibernate/PersistentLocalTimeAsString.java,PersistentLocalTimeAsString,org.joda.time.contrib.hibernate
replace,repos/Time-27f/JodaTimeContrib/hibernate/src/main/java/org/joda/time/contrib/hibernate/PersistentLocalTimeAsString.java,PersistentLocalTimeAsString,org.joda.time.contrib.hibernate
objectToSQLString,repos/Time-27f/JodaTimeContrib/hibernate/src/main/java/org/joda/time/contrib/hibernate/PersistentLocalTimeAsString.java,PersistentLocalTimeAsString,org.joda.time.contrib.hibernate
toXMLString,repos/Time-27f/JodaTimeContrib/hibernate/src/main/java/org/joda/time/contrib/hibernate/PersistentLocalTimeAsString.java,PersistentLocalTimeAsString,org.joda.time.contrib.hibernate
fromXMLString,repos/Time-27f/JodaTimeContrib/hibernate/src/main/java/org/joda/time/contrib/hibernate/PersistentLocalTimeAsString.java,PersistentLocalTimeAsString,org.joda.time.contrib.hibernate
getScope,repos/Time-27f/JodaTimeContrib/jsptags/src/java/org/joda/time/contrib/jsptag/Util.java,Util,org.joda.time.contrib.jsptag
getRequestLocales,repos/Time-27f/JodaTimeContrib/jsptags/src/java/org/joda/time/contrib/jsptag/Util.java,Util,org.joda.time.contrib.jsptag
parseLocale,repos/Time-27f/JodaTimeContrib/jsptags/src/java/org/joda/time/contrib/jsptag/Util.java,Util,org.joda.time.contrib.jsptag
parseLocale,repos/Time-27f/JodaTimeContrib/jsptags/src/java/org/joda/time/contrib/jsptag/Util.java,Util,org.joda.time.contrib.jsptag
setResponseLocale,repos/Time-27f/JodaTimeContrib/jsptags/src/java/org/joda/time/contrib/jsptag/Util.java,Util,org.joda.time.contrib.jsptag
getFormattingLocale,repos/Time-27f/JodaTimeContrib/jsptags/src/java/org/joda/time/contrib/jsptag/Util.java,Util,org.joda.time.contrib.jsptag
getFormattingLocale,repos/Time-27f/JodaTimeContrib/jsptags/src/java/org/joda/time/contrib/jsptag/Util.java,Util,org.joda.time.contrib.jsptag
getLocale,repos/Time-27f/JodaTimeContrib/jsptags/src/java/org/joda/time/contrib/jsptag/Util.java,Util,org.joda.time.contrib.jsptag
findFormattingMatch,repos/Time-27f/JodaTimeContrib/jsptags/src/java/org/joda/time/contrib/jsptag/Util.java,Util,org.joda.time.contrib.jsptag
findFormattingMatch,repos/Time-27f/JodaTimeContrib/jsptags/src/java/org/joda/time/contrib/jsptag/Util.java,Util,org.joda.time.contrib.jsptag
getLocalizationContext,repos/Time-27f/JodaTimeContrib/jsptags/src/java/org/joda/time/contrib/jsptag/Util.java,Util,org.joda.time.contrib.jsptag
getLocalizationContext,repos/Time-27f/JodaTimeContrib/jsptags/src/java/org/joda/time/contrib/jsptag/Util.java,Util,org.joda.time.contrib.jsptag
findMatch,repos/Time-27f/JodaTimeContrib/jsptags/src/java/org/joda/time/contrib/jsptag/Util.java,Util,org.joda.time.contrib.jsptag
findMatch,repos/Time-27f/JodaTimeContrib/jsptags/src/java/org/joda/time/contrib/jsptag/Util.java,Util,org.joda.time.contrib.jsptag
setValue,repos/Time-27f/JodaTimeContrib/jsptags/src/java/org/joda/time/contrib/jsptag/ParseDateTimeTag.java,ParseDateTimeTag,org.joda.time.contrib.jsptag
setStyle,repos/Time-27f/JodaTimeContrib/jsptags/src/java/org/joda/time/contrib/jsptag/ParseDateTimeTag.java,ParseDateTimeTag,org.joda.time.contrib.jsptag
setPattern,repos/Time-27f/JodaTimeContrib/jsptags/src/java/org/joda/time/contrib/jsptag/ParseDateTimeTag.java,ParseDateTimeTag,org.joda.time.contrib.jsptag
setDateTimeZone,repos/Time-27f/JodaTimeContrib/jsptags/src/java/org/joda/time/contrib/jsptag/ParseDateTimeTag.java,ParseDateTimeTag,org.joda.time.contrib.jsptag
setLocale,repos/Time-27f/JodaTimeContrib/jsptags/src/java/org/joda/time/contrib/jsptag/ParseDateTimeTag.java,ParseDateTimeTag,org.joda.time.contrib.jsptag
setValue,repos/Time-27f/JodaTimeContrib/jsptags/src/java/org/joda/time/contrib/jsptag/SetDateTimeZoneTag.java,SetDateTimeZoneTag,org.joda.time.contrib.jsptag
init,repos/Time-27f/JodaTimeContrib/jsptags/src/java/org/joda/time/contrib/jsptag/JodaTagLibraryValidator.java,JodaTagLibraryValidator,org.joda.time.contrib.jsptag
release,repos/Time-27f/JodaTimeContrib/jsptags/src/java/org/joda/time/contrib/jsptag/JodaTagLibraryValidator.java,JodaTagLibraryValidator,org.joda.time.contrib.jsptag
validate,repos/Time-27f/JodaTimeContrib/jsptags/src/java/org/joda/time/contrib/jsptag/JodaTagLibraryValidator.java,JodaTagLibraryValidator,org.joda.time.contrib.jsptag
isTag,repos/Time-27f/JodaTimeContrib/jsptags/src/java/org/joda/time/contrib/jsptag/JodaTagLibraryValidator.java,JodaTagLibraryValidator,org.joda.time.contrib.jsptag
isJodaTag,repos/Time-27f/JodaTimeContrib/jsptags/src/java/org/joda/time/contrib/jsptag/JodaTagLibraryValidator.java,JodaTagLibraryValidator,org.joda.time.contrib.jsptag
hasAttribute,repos/Time-27f/JodaTimeContrib/jsptags/src/java/org/joda/time/contrib/jsptag/JodaTagLibraryValidator.java,JodaTagLibraryValidator,org.joda.time.contrib.jsptag
fail,repos/Time-27f/JodaTimeContrib/jsptags/src/java/org/joda/time/contrib/jsptag/JodaTagLibraryValidator.java,JodaTagLibraryValidator,org.joda.time.contrib.jsptag
hasNoInvalidScope,repos/Time-27f/JodaTimeContrib/jsptags/src/java/org/joda/time/contrib/jsptag/JodaTagLibraryValidator.java,JodaTagLibraryValidator,org.joda.time.contrib.jsptag
hasEmptyVar,repos/Time-27f/JodaTimeContrib/jsptags/src/java/org/joda/time/contrib/jsptag/JodaTagLibraryValidator.java,JodaTagLibraryValidator,org.joda.time.contrib.jsptag
hasDanglingScope,repos/Time-27f/JodaTimeContrib/jsptags/src/java/org/joda/time/contrib/jsptag/JodaTagLibraryValidator.java,JodaTagLibraryValidator,org.joda.time.contrib.jsptag
getLocalPart,repos/Time-27f/JodaTimeContrib/jsptags/src/java/org/joda/time/contrib/jsptag/JodaTagLibraryValidator.java,JodaTagLibraryValidator,org.joda.time.contrib.jsptag
vmFromString,repos/Time-27f/JodaTimeContrib/jsptags/src/java/org/joda/time/contrib/jsptag/JodaTagLibraryValidator.java,JodaTagLibraryValidator,org.joda.time.contrib.jsptag
vmFromVector,repos/Time-27f/JodaTimeContrib/jsptags/src/java/org/joda/time/contrib/jsptag/JodaTagLibraryValidator.java,JodaTagLibraryValidator,org.joda.time.contrib.jsptag
startElement,repos/Time-27f/JodaTimeContrib/jsptags/src/java/org/joda/time/contrib/jsptag/JodaTagLibraryValidator.java,JodaTagLibraryValidator,org.joda.time.contrib.jsptag
characters,repos/Time-27f/JodaTimeContrib/jsptags/src/java/org/joda/time/contrib/jsptag/JodaTagLibraryValidator.java,JodaTagLibraryValidator,org.joda.time.contrib.jsptag
endElement,repos/Time-27f/JodaTimeContrib/jsptags/src/java/org/joda/time/contrib/jsptag/JodaTagLibraryValidator.java,JodaTagLibraryValidator,org.joda.time.contrib.jsptag
startElement,repos/Time-27f/JodaTimeContrib/jsptags/src/java/org/joda/time/contrib/jsptag/JodaTagLibraryValidator.java,Handler,org.joda.time.contrib.jsptag
characters,repos/Time-27f/JodaTimeContrib/jsptags/src/java/org/joda/time/contrib/jsptag/JodaTagLibraryValidator.java,Handler,org.joda.time.contrib.jsptag
endElement,repos/Time-27f/JodaTimeContrib/jsptags/src/java/org/joda/time/contrib/jsptag/JodaTagLibraryValidator.java,Handler,org.joda.time.contrib.jsptag
getMessage,repos/Time-27f/JodaTimeContrib/jsptags/src/java/org/joda/time/contrib/jsptag/Resources.java,Resources,org.joda.time.contrib.jsptag
getMessage,repos/Time-27f/JodaTimeContrib/jsptags/src/java/org/joda/time/contrib/jsptag/Resources.java,Resources,org.joda.time.contrib.jsptag
getMessage,repos/Time-27f/JodaTimeContrib/jsptags/src/java/org/joda/time/contrib/jsptag/Resources.java,Resources,org.joda.time.contrib.jsptag
getMessage,repos/Time-27f/JodaTimeContrib/jsptags/src/java/org/joda/time/contrib/jsptag/Resources.java,Resources,org.joda.time.contrib.jsptag
getMessage,repos/Time-27f/JodaTimeContrib/jsptags/src/java/org/joda/time/contrib/jsptag/Resources.java,Resources,org.joda.time.contrib.jsptag
getMessage,repos/Time-27f/JodaTimeContrib/jsptags/src/java/org/joda/time/contrib/jsptag/Resources.java,Resources,org.joda.time.contrib.jsptag
getMessage,repos/Time-27f/JodaTimeContrib/jsptags/src/java/org/joda/time/contrib/jsptag/Resources.java,Resources,org.joda.time.contrib.jsptag
getMessage,repos/Time-27f/JodaTimeContrib/jsptags/src/java/org/joda/time/contrib/jsptag/Resources.java,Resources,org.joda.time.contrib.jsptag
setValue,repos/Time-27f/JodaTimeContrib/jsptags/src/java/org/joda/time/contrib/jsptag/FormatTag.java,FormatTag,org.joda.time.contrib.jsptag
setStyle,repos/Time-27f/JodaTimeContrib/jsptags/src/java/org/joda/time/contrib/jsptag/FormatTag.java,FormatTag,org.joda.time.contrib.jsptag
setPattern,repos/Time-27f/JodaTimeContrib/jsptags/src/java/org/joda/time/contrib/jsptag/FormatTag.java,FormatTag,org.joda.time.contrib.jsptag
setDateTimeZone,repos/Time-27f/JodaTimeContrib/jsptags/src/java/org/joda/time/contrib/jsptag/FormatTag.java,FormatTag,org.joda.time.contrib.jsptag
setLocale,repos/Time-27f/JodaTimeContrib/jsptags/src/java/org/joda/time/contrib/jsptag/FormatTag.java,FormatTag,org.joda.time.contrib.jsptag
init,repos/Time-27f/JodaTimeContrib/jsptags/src/java/org/joda/time/contrib/jsptag/ParseDateTimeSupport.java,ParseDateTimeSupport,org.joda.time.contrib.jsptag
setVar,repos/Time-27f/JodaTimeContrib/jsptags/src/java/org/joda/time/contrib/jsptag/ParseDateTimeSupport.java,ParseDateTimeSupport,org.joda.time.contrib.jsptag
setScope,repos/Time-27f/JodaTimeContrib/jsptags/src/java/org/joda/time/contrib/jsptag/ParseDateTimeSupport.java,ParseDateTimeSupport,org.joda.time.contrib.jsptag
doEndTag,repos/Time-27f/JodaTimeContrib/jsptags/src/java/org/joda/time/contrib/jsptag/ParseDateTimeSupport.java,ParseDateTimeSupport,org.joda.time.contrib.jsptag
release,repos/Time-27f/JodaTimeContrib/jsptags/src/java/org/joda/time/contrib/jsptag/ParseDateTimeSupport.java,ParseDateTimeSupport,org.joda.time.contrib.jsptag
init,repos/Time-27f/JodaTimeContrib/jsptags/src/java/org/joda/time/contrib/jsptag/SetDateTimeZoneSupport.java,SetDateTimeZoneSupport,org.joda.time.contrib.jsptag
setScope,repos/Time-27f/JodaTimeContrib/jsptags/src/java/org/joda/time/contrib/jsptag/SetDateTimeZoneSupport.java,SetDateTimeZoneSupport,org.joda.time.contrib.jsptag
setVar,repos/Time-27f/JodaTimeContrib/jsptags/src/java/org/joda/time/contrib/jsptag/SetDateTimeZoneSupport.java,SetDateTimeZoneSupport,org.joda.time.contrib.jsptag
doEndTag,repos/Time-27f/JodaTimeContrib/jsptags/src/java/org/joda/time/contrib/jsptag/SetDateTimeZoneSupport.java,SetDateTimeZoneSupport,org.joda.time.contrib.jsptag
release,repos/Time-27f/JodaTimeContrib/jsptags/src/java/org/joda/time/contrib/jsptag/SetDateTimeZoneSupport.java,SetDateTimeZoneSupport,org.joda.time.contrib.jsptag
init,repos/Time-27f/JodaTimeContrib/jsptags/src/java/org/joda/time/contrib/jsptag/DateTimeZoneSupport.java,DateTimeZoneSupport,org.joda.time.contrib.jsptag
getDateTimeZone,repos/Time-27f/JodaTimeContrib/jsptags/src/java/org/joda/time/contrib/jsptag/DateTimeZoneSupport.java,DateTimeZoneSupport,org.joda.time.contrib.jsptag
doStartTag,repos/Time-27f/JodaTimeContrib/jsptags/src/java/org/joda/time/contrib/jsptag/DateTimeZoneSupport.java,DateTimeZoneSupport,org.joda.time.contrib.jsptag
doEndTag,repos/Time-27f/JodaTimeContrib/jsptags/src/java/org/joda/time/contrib/jsptag/DateTimeZoneSupport.java,DateTimeZoneSupport,org.joda.time.contrib.jsptag
release,repos/Time-27f/JodaTimeContrib/jsptags/src/java/org/joda/time/contrib/jsptag/DateTimeZoneSupport.java,DateTimeZoneSupport,org.joda.time.contrib.jsptag
getDateTimeZone,repos/Time-27f/JodaTimeContrib/jsptags/src/java/org/joda/time/contrib/jsptag/DateTimeZoneSupport.java,DateTimeZoneSupport,org.joda.time.contrib.jsptag
init,repos/Time-27f/JodaTimeContrib/jsptags/src/java/org/joda/time/contrib/jsptag/FormatSupport.java,FormatSupport,org.joda.time.contrib.jsptag
setVar,repos/Time-27f/JodaTimeContrib/jsptags/src/java/org/joda/time/contrib/jsptag/FormatSupport.java,FormatSupport,org.joda.time.contrib.jsptag
setScope,repos/Time-27f/JodaTimeContrib/jsptags/src/java/org/joda/time/contrib/jsptag/FormatSupport.java,FormatSupport,org.joda.time.contrib.jsptag
doEndTag,repos/Time-27f/JodaTimeContrib/jsptags/src/java/org/joda/time/contrib/jsptag/FormatSupport.java,FormatSupport,org.joda.time.contrib.jsptag
release,repos/Time-27f/JodaTimeContrib/jsptags/src/java/org/joda/time/contrib/jsptag/FormatSupport.java,FormatSupport,org.joda.time.contrib.jsptag
setValue,repos/Time-27f/JodaTimeContrib/jsptags/src/java/org/joda/time/contrib/jsptag/DateTimeZoneTag.java,DateTimeZoneTag,org.joda.time.contrib.jsptag
loadRawData,repos/Time-27f/JodaTimeContrib/i18n/src/java/org/joda/time/contrib/i18n/CLDRTerritory.java,CLDRTerritory,org.joda.time.contrib.i18n
init,repos/Time-27f/JodaTimeContrib/i18n/src/java/org/joda/time/contrib/i18n/CLDRTerritory.java,CLDRTerritory,org.joda.time.contrib.i18n
getID,repos/Time-27f/JodaTimeContrib/i18n/src/java/org/joda/time/contrib/i18n/CLDRTerritory.java,CLDRTerritory,org.joda.time.contrib.i18n
getZones,repos/Time-27f/JodaTimeContrib/i18n/src/java/org/joda/time/contrib/i18n/CLDRTerritory.java,CLDRTerritory,org.joda.time.contrib.i18n
getFirstDayOfWeek,repos/Time-27f/JodaTimeContrib/i18n/src/java/org/joda/time/contrib/i18n/CLDRTerritory.java,CLDRTerritory,org.joda.time.contrib.i18n
getBusinessWeekStart,repos/Time-27f/JodaTimeContrib/i18n/src/java/org/joda/time/contrib/i18n/CLDRTerritory.java,CLDRTerritory,org.joda.time.contrib.i18n
getBusinessWeekEnd,repos/Time-27f/JodaTimeContrib/i18n/src/java/org/joda/time/contrib/i18n/CLDRTerritory.java,CLDRTerritory,org.joda.time.contrib.i18n
getWeekendStart,repos/Time-27f/JodaTimeContrib/i18n/src/java/org/joda/time/contrib/i18n/CLDRTerritory.java,CLDRTerritory,org.joda.time.contrib.i18n
getWeekendEnd,repos/Time-27f/JodaTimeContrib/i18n/src/java/org/joda/time/contrib/i18n/CLDRTerritory.java,CLDRTerritory,org.joda.time.contrib.i18n
forID,repos/Time-27f/JodaTimeContrib/i18n/src/java/org/joda/time/contrib/i18n/Territory.java,Territory,org.joda.time.contrib.i18n
getID,repos/Time-27f/JodaTimeContrib/i18n/src/java/org/joda/time/contrib/i18n/Territory.java,Territory,org.joda.time.contrib.i18n
getZones,repos/Time-27f/JodaTimeContrib/i18n/src/java/org/joda/time/contrib/i18n/Territory.java,Territory,org.joda.time.contrib.i18n
getZone,repos/Time-27f/JodaTimeContrib/i18n/src/java/org/joda/time/contrib/i18n/Territory.java,Territory,org.joda.time.contrib.i18n
getFirstDayOfWeek,repos/Time-27f/JodaTimeContrib/i18n/src/java/org/joda/time/contrib/i18n/Territory.java,Territory,org.joda.time.contrib.i18n
getBusinessWeekStart,repos/Time-27f/JodaTimeContrib/i18n/src/java/org/joda/time/contrib/i18n/Territory.java,Territory,org.joda.time.contrib.i18n
getBusinessWeekEnd,repos/Time-27f/JodaTimeContrib/i18n/src/java/org/joda/time/contrib/i18n/Territory.java,Territory,org.joda.time.contrib.i18n
getWeekendStart,repos/Time-27f/JodaTimeContrib/i18n/src/java/org/joda/time/contrib/i18n/Territory.java,Territory,org.joda.time.contrib.i18n
getWeekendEnd,repos/Time-27f/JodaTimeContrib/i18n/src/java/org/joda/time/contrib/i18n/Territory.java,Territory,org.joda.time.contrib.i18n
main,repos/Time-27f/JodaTimeContrib/i18n/src/gen/org/joda/time/contrib/i18n/CLDRTerritoryGenerator.java,CLDRTerritoryGenerator,org.joda.time.contrib.i18n
writeFile,repos/Time-27f/JodaTimeContrib/i18n/src/gen/org/joda/time/contrib/i18n/CLDRTerritoryGenerator.java,CLDRTerritoryGenerator,org.joda.time.contrib.i18n
writeData,repos/Time-27f/JodaTimeContrib/i18n/src/gen/org/joda/time/contrib/i18n/CLDRTerritoryGenerator.java,CLDRTerritoryGenerator,org.joda.time.contrib.i18n
readXML,repos/Time-27f/JodaTimeContrib/i18n/src/gen/org/joda/time/contrib/i18n/CLDRTerritoryGenerator.java,CLDRTerritoryGenerator,org.joda.time.contrib.i18n
parseFirstDay,repos/Time-27f/JodaTimeContrib/i18n/src/gen/org/joda/time/contrib/i18n/CLDRTerritoryGenerator.java,CLDRTerritoryGenerator,org.joda.time.contrib.i18n
parseWeekendStart,repos/Time-27f/JodaTimeContrib/i18n/src/gen/org/joda/time/contrib/i18n/CLDRTerritoryGenerator.java,CLDRTerritoryGenerator,org.joda.time.contrib.i18n
parseWeekendEnd,repos/Time-27f/JodaTimeContrib/i18n/src/gen/org/joda/time/contrib/i18n/CLDRTerritoryGenerator.java,CLDRTerritoryGenerator,org.joda.time.contrib.i18n
parseZoneFormatting,repos/Time-27f/JodaTimeContrib/i18n/src/gen/org/joda/time/contrib/i18n/CLDRTerritoryGenerator.java,CLDRTerritoryGenerator,org.joda.time.contrib.i18n
convertDOW,repos/Time-27f/JodaTimeContrib/i18n/src/gen/org/joda/time/contrib/i18n/CLDRTerritoryGenerator.java,CLDRTerritoryGenerator,org.joda.time.contrib.i18n
pickPrimaryZone,repos/Time-27f/JodaTimeContrib/i18n/src/gen/org/joda/time/contrib/i18n/CLDRTerritoryGenerator.java,CLDRTerritoryGenerator,org.joda.time.contrib.i18n
main,repos/Time-27f/src/example/org/joda/example/time/TimeZoneTable.java,TimeZoneTable,org.joda.example.time
printRow,repos/Time-27f/src/example/org/joda/example/time/TimeZoneTable.java,TimeZoneTable,org.joda.example.time
getID,repos/Time-27f/src/example/org/joda/example/time/TimeZoneTable.java,TimeZoneTable,org.joda.example.time
getCanonicalID,repos/Time-27f/src/example/org/joda/example/time/TimeZoneTable.java,TimeZoneTable,org.joda.example.time
isCanonical,repos/Time-27f/src/example/org/joda/example/time/TimeZoneTable.java,TimeZoneTable,org.joda.example.time
getStandardOffsetStr,repos/Time-27f/src/example/org/joda/example/time/TimeZoneTable.java,TimeZoneTable,org.joda.example.time
compareTo,repos/Time-27f/src/example/org/joda/example/time/TimeZoneTable.java,TimeZoneTable,org.joda.example.time
getID,repos/Time-27f/src/example/org/joda/example/time/TimeZoneTable.java,ZoneData,org.joda.example.time
getCanonicalID,repos/Time-27f/src/example/org/joda/example/time/TimeZoneTable.java,ZoneData,org.joda.example.time
isCanonical,repos/Time-27f/src/example/org/joda/example/time/TimeZoneTable.java,ZoneData,org.joda.example.time
getStandardOffsetStr,repos/Time-27f/src/example/org/joda/example/time/TimeZoneTable.java,ZoneData,org.joda.example.time
compareTo,repos/Time-27f/src/example/org/joda/example/time/TimeZoneTable.java,ZoneData,org.joda.example.time
main,repos/Time-27f/src/example/org/joda/example/time/AgeCalculator.java,AgeCalculator,org.joda.example.time
fixedSize,repos/Time-27f/src/example/org/joda/example/time/AgeCalculator.java,AgeCalculator,org.joda.example.time
fixedHeight,repos/Time-27f/src/example/org/joda/example/time/AgeCalculator.java,AgeCalculator,org.joda.example.time
addMainArea,repos/Time-27f/src/example/org/joda/example/time/AgeCalculator.java,AgeCalculator,org.joda.example.time
addTopArea,repos/Time-27f/src/example/org/joda/example/time/AgeCalculator.java,AgeCalculator,org.joda.example.time
insertUpdate,repos/Time-27f/src/example/org/joda/example/time/AgeCalculator.java,AgeCalculator,org.joda.example.time
removeUpdate,repos/Time-27f/src/example/org/joda/example/time/AgeCalculator.java,AgeCalculator,org.joda.example.time
changedUpdate,repos/Time-27f/src/example/org/joda/example/time/AgeCalculator.java,AgeCalculator,org.joda.example.time
update,repos/Time-27f/src/example/org/joda/example/time/AgeCalculator.java,AgeCalculator,org.joda.example.time
addBottomArea,repos/Time-27f/src/example/org/joda/example/time/AgeCalculator.java,AgeCalculator,org.joda.example.time
updateResults,repos/Time-27f/src/example/org/joda/example/time/AgeCalculator.java,AgeCalculator,org.joda.example.time
updateResult,repos/Time-27f/src/example/org/joda/example/time/AgeCalculator.java,AgeCalculator,org.joda.example.time
setResultText,repos/Time-27f/src/example/org/joda/example/time/AgeCalculator.java,AgeCalculator,org.joda.example.time
updateResults,repos/Time-27f/src/example/org/joda/example/time/AgeCalculator.java,AgeCalculator,org.joda.example.time
setResultsText,repos/Time-27f/src/example/org/joda/example/time/AgeCalculator.java,AgeCalculator,org.joda.example.time
addTo,repos/Time-27f/src/example/org/joda/example/time/AgeCalculator.java,AgeCalculator,org.joda.example.time
setCheckboxConstraints,repos/Time-27f/src/example/org/joda/example/time/AgeCalculator.java,AgeCalculator,org.joda.example.time
setResultConstraints,repos/Time-27f/src/example/org/joda/example/time/AgeCalculator.java,AgeCalculator,org.joda.example.time
updateResult,repos/Time-27f/src/example/org/joda/example/time/AgeCalculator.java,FieldGroup,org.joda.example.time
setResultText,repos/Time-27f/src/example/org/joda/example/time/AgeCalculator.java,FieldGroup,org.joda.example.time
updateResults,repos/Time-27f/src/example/org/joda/example/time/AgeCalculator.java,FieldSet,org.joda.example.time
setResultsText,repos/Time-27f/src/example/org/joda/example/time/AgeCalculator.java,FieldSet,org.joda.example.time
addTo,repos/Time-27f/src/example/org/joda/example/time/AgeCalculator.java,FieldSet,org.joda.example.time
setCheckboxConstraints,repos/Time-27f/src/example/org/joda/example/time/AgeCalculator.java,FieldSet,org.joda.example.time
setResultConstraints,repos/Time-27f/src/example/org/joda/example/time/AgeCalculator.java,FieldSet,org.joda.example.time
main,repos/Time-27f/src/example/org/joda/example/time/DateTimeBrowser.java,DateTimeBrowser,org.joda.example.time
usage,repos/Time-27f/src/example/org/joda/example/time/DateTimeBrowser.java,DateTimeBrowser,org.joda.example.time
go,repos/Time-27f/src/example/org/joda/example/time/DateTimeBrowser.java,DateTimeBrowser,org.joda.example.time
getDefaultTableView,repos/Time-27f/src/example/org/joda/example/time/DateTimeBrowser.java,DateTimeBrowser,org.joda.example.time
setDefaultTableView,repos/Time-27f/src/example/org/joda/example/time/DateTimeBrowser.java,DateTimeBrowser,org.joda.example.time
setDefaultTimeZone,repos/Time-27f/src/example/org/joda/example/time/DateTimeBrowser.java,DateTimeBrowser,org.joda.example.time
addMenus,repos/Time-27f/src/example/org/joda/example/time/DateTimeBrowser.java,DateTimeBrowser,org.joda.example.time
dumpObjs,repos/Time-27f/src/example/org/joda/example/time/DateTimeBrowser.java,DateTimeBrowser,org.joda.example.time
enableAllViews,repos/Time-27f/src/example/org/joda/example/time/DateTimeBrowser.java,DateTimeBrowser,org.joda.example.time
getADate,repos/Time-27f/src/example/org/joda/example/time/DateTimeBrowser.java,DateTimeBrowser,org.joda.example.time
LPad,repos/Time-27f/src/example/org/joda/example/time/DateTimeBrowser.java,DateTimeBrowser,org.joda.example.time
resetDefaults,repos/Time-27f/src/example/org/joda/example/time/DateTimeBrowser.java,DateTimeBrowser,org.joda.example.time
getFileName,repos/Time-27f/src/example/org/joda/example/time/DateTimeBrowser.java,DateTimeBrowser,org.joda.example.time
getLineGuess,repos/Time-27f/src/example/org/joda/example/time/DateTimeBrowser.java,DateTimeBrowser,org.joda.example.time
getFileStrings,repos/Time-27f/src/example/org/joda/example/time/DateTimeBrowser.java,DateTimeBrowser,org.joda.example.time
getDtObjects,repos/Time-27f/src/example/org/joda/example/time/DateTimeBrowser.java,DateTimeBrowser,org.joda.example.time
getLoadedFileSize,repos/Time-27f/src/example/org/joda/example/time/DateTimeBrowser.java,DateTimeBrowser,org.joda.example.time
validateFile,repos/Time-27f/src/example/org/joda/example/time/DateTimeBrowser.java,DateTimeBrowser,org.joda.example.time
getColNames,repos/Time-27f/src/example/org/joda/example/time/DateTimeBrowser.java,DateTimeBrowser,org.joda.example.time
getCalcdValues,repos/Time-27f/src/example/org/joda/example/time/DateTimeBrowser.java,DateTimeBrowser,org.joda.example.time
genColNames,repos/Time-27f/src/example/org/joda/example/time/DateTimeBrowser.java,DateTimeBrowser,org.joda.example.time
genCalcdValues,repos/Time-27f/src/example/org/joda/example/time/DateTimeBrowser.java,DateTimeBrowser,org.joda.example.time
getViewTitle,repos/Time-27f/src/example/org/joda/example/time/DateTimeBrowser.java,DateTimeBrowser,org.joda.example.time
setViewColumnsWidth,repos/Time-27f/src/example/org/joda/example/time/DateTimeBrowser.java,DateTimeBrowser,org.joda.example.time
genCalcdValues,repos/Time-27f/src/example/org/joda/example/time/DateTimeBrowser.java,DateTimeBrowser,org.joda.example.time
genColNames,repos/Time-27f/src/example/org/joda/example/time/DateTimeBrowser.java,DateTimeBrowser,org.joda.example.time
getViewTitle,repos/Time-27f/src/example/org/joda/example/time/DateTimeBrowser.java,DateTimeBrowser,org.joda.example.time
setViewColumnsWidth,repos/Time-27f/src/example/org/joda/example/time/DateTimeBrowser.java,DateTimeBrowser,org.joda.example.time
genCalcdValues,repos/Time-27f/src/example/org/joda/example/time/DateTimeBrowser.java,DateTimeBrowser,org.joda.example.time
genColNames,repos/Time-27f/src/example/org/joda/example/time/DateTimeBrowser.java,DateTimeBrowser,org.joda.example.time
getViewTitle,repos/Time-27f/src/example/org/joda/example/time/DateTimeBrowser.java,DateTimeBrowser,org.joda.example.time
setViewColumnsWidth,repos/Time-27f/src/example/org/joda/example/time/DateTimeBrowser.java,DateTimeBrowser,org.joda.example.time
genCalcdValues,repos/Time-27f/src/example/org/joda/example/time/DateTimeBrowser.java,DateTimeBrowser,org.joda.example.time
genColNames,repos/Time-27f/src/example/org/joda/example/time/DateTimeBrowser.java,DateTimeBrowser,org.joda.example.time
getViewTitle,repos/Time-27f/src/example/org/joda/example/time/DateTimeBrowser.java,DateTimeBrowser,org.joda.example.time
setViewColumnsWidth,repos/Time-27f/src/example/org/joda/example/time/DateTimeBrowser.java,DateTimeBrowser,org.joda.example.time
genCalcdValues,repos/Time-27f/src/example/org/joda/example/time/DateTimeBrowser.java,DateTimeBrowser,org.joda.example.time
genColNames,repos/Time-27f/src/example/org/joda/example/time/DateTimeBrowser.java,DateTimeBrowser,org.joda.example.time
getViewTitle,repos/Time-27f/src/example/org/joda/example/time/DateTimeBrowser.java,DateTimeBrowser,org.joda.example.time
setViewColumnsWidth,repos/Time-27f/src/example/org/joda/example/time/DateTimeBrowser.java,DateTimeBrowser,org.joda.example.time
getFileName,repos/Time-27f/src/example/org/joda/example/time/DateTimeBrowser.java,LoadedFile,org.joda.example.time
getLineGuess,repos/Time-27f/src/example/org/joda/example/time/DateTimeBrowser.java,LoadedFile,org.joda.example.time
getFileStrings,repos/Time-27f/src/example/org/joda/example/time/DateTimeBrowser.java,LoadedFile,org.joda.example.time
getDtObjects,repos/Time-27f/src/example/org/joda/example/time/DateTimeBrowser.java,LoadedFile,org.joda.example.time
getLoadedFileSize,repos/Time-27f/src/example/org/joda/example/time/DateTimeBrowser.java,LoadedFile,org.joda.example.time
validateFile,repos/Time-27f/src/example/org/joda/example/time/DateTimeBrowser.java,LoadedFile,org.joda.example.time
getColNames,repos/Time-27f/src/example/org/joda/example/time/DateTimeBrowser.java,TableView,org.joda.example.time
getCalcdValues,repos/Time-27f/src/example/org/joda/example/time/DateTimeBrowser.java,TableView,org.joda.example.time
genColNames,repos/Time-27f/src/example/org/joda/example/time/DateTimeBrowser.java,TableView,org.joda.example.time
genCalcdValues,repos/Time-27f/src/example/org/joda/example/time/DateTimeBrowser.java,TableView,org.joda.example.time
getViewTitle,repos/Time-27f/src/example/org/joda/example/time/DateTimeBrowser.java,TableView,org.joda.example.time
setViewColumnsWidth,repos/Time-27f/src/example/org/joda/example/time/DateTimeBrowser.java,TableView,org.joda.example.time
genCalcdValues,repos/Time-27f/src/example/org/joda/example/time/DateTimeBrowser.java,GetterTableView,org.joda.example.time
genColNames,repos/Time-27f/src/example/org/joda/example/time/DateTimeBrowser.java,GetterTableView,org.joda.example.time
getViewTitle,repos/Time-27f/src/example/org/joda/example/time/DateTimeBrowser.java,GetterTableView,org.joda.example.time
setViewColumnsWidth,repos/Time-27f/src/example/org/joda/example/time/DateTimeBrowser.java,GetterTableView,org.joda.example.time
genCalcdValues,repos/Time-27f/src/example/org/joda/example/time/DateTimeBrowser.java,HexTableView,org.joda.example.time
genColNames,repos/Time-27f/src/example/org/joda/example/time/DateTimeBrowser.java,HexTableView,org.joda.example.time
getViewTitle,repos/Time-27f/src/example/org/joda/example/time/DateTimeBrowser.java,HexTableView,org.joda.example.time
setViewColumnsWidth,repos/Time-27f/src/example/org/joda/example/time/DateTimeBrowser.java,HexTableView,org.joda.example.time
genCalcdValues,repos/Time-27f/src/example/org/joda/example/time/DateTimeBrowser.java,DateTableView,org.joda.example.time
genColNames,repos/Time-27f/src/example/org/joda/example/time/DateTimeBrowser.java,DateTableView,org.joda.example.time
getViewTitle,repos/Time-27f/src/example/org/joda/example/time/DateTimeBrowser.java,DateTableView,org.joda.example.time
setViewColumnsWidth,repos/Time-27f/src/example/org/joda/example/time/DateTimeBrowser.java,DateTableView,org.joda.example.time
genCalcdValues,repos/Time-27f/src/example/org/joda/example/time/DateTimeBrowser.java,CalTableView,org.joda.example.time
genColNames,repos/Time-27f/src/example/org/joda/example/time/DateTimeBrowser.java,CalTableView,org.joda.example.time
getViewTitle,repos/Time-27f/src/example/org/joda/example/time/DateTimeBrowser.java,CalTableView,org.joda.example.time
setViewColumnsWidth,repos/Time-27f/src/example/org/joda/example/time/DateTimeBrowser.java,CalTableView,org.joda.example.time
main,repos/Time-27f/src/example/org/joda/example/time/Examples.java,Examples,org.joda.example.time
run,repos/Time-27f/src/example/org/joda/example/time/Examples.java,Examples,org.joda.example.time
runInstant,repos/Time-27f/src/example/org/joda/example/time/Examples.java,Examples,org.joda.example.time
runDateTime,repos/Time-27f/src/example/org/joda/example/time/Examples.java,Examples,org.joda.example.time
main,repos/Time-27f/src/example/org/joda/example/time/DateTimePerformance.java,DateTimePerformance,org.joda.example.time
checkJodaConstructor1,repos/Time-27f/src/example/org/joda/example/time/DateTimePerformance.java,DateTimePerformance,org.joda.example.time
checkJISOConstructor1,repos/Time-27f/src/example/org/joda/example/time/DateTimePerformance.java,DateTimePerformance,org.joda.example.time
checkGCalConstructor1,repos/Time-27f/src/example/org/joda/example/time/DateTimePerformance.java,DateTimePerformance,org.joda.example.time
checkDateConstructor1,repos/Time-27f/src/example/org/joda/example/time/DateTimePerformance.java,DateTimePerformance,org.joda.example.time
checkJodaConstructor2,repos/Time-27f/src/example/org/joda/example/time/DateTimePerformance.java,DateTimePerformance,org.joda.example.time
checkJISOConstructor2,repos/Time-27f/src/example/org/joda/example/time/DateTimePerformance.java,DateTimePerformance,org.joda.example.time
checkGCalConstructor2,repos/Time-27f/src/example/org/joda/example/time/DateTimePerformance.java,DateTimePerformance,org.joda.example.time
checkDateConstructor2,repos/Time-27f/src/example/org/joda/example/time/DateTimePerformance.java,DateTimePerformance,org.joda.example.time
checkJodaConstructor3,repos/Time-27f/src/example/org/joda/example/time/DateTimePerformance.java,DateTimePerformance,org.joda.example.time
checkJISOConstructor3,repos/Time-27f/src/example/org/joda/example/time/DateTimePerformance.java,DateTimePerformance,org.joda.example.time
checkGCalConstructor3,repos/Time-27f/src/example/org/joda/example/time/DateTimePerformance.java,DateTimePerformance,org.joda.example.time
checkDateConstructor3,repos/Time-27f/src/example/org/joda/example/time/DateTimePerformance.java,DateTimePerformance,org.joda.example.time
checkJodaGetYear,repos/Time-27f/src/example/org/joda/example/time/DateTimePerformance.java,DateTimePerformance,org.joda.example.time
checkJISOGetYear,repos/Time-27f/src/example/org/joda/example/time/DateTimePerformance.java,DateTimePerformance,org.joda.example.time
checkGCalGetYear,repos/Time-27f/src/example/org/joda/example/time/DateTimePerformance.java,DateTimePerformance,org.joda.example.time
checkDateGetYear,repos/Time-27f/src/example/org/joda/example/time/DateTimePerformance.java,DateTimePerformance,org.joda.example.time
checkJodaGetMonth,repos/Time-27f/src/example/org/joda/example/time/DateTimePerformance.java,DateTimePerformance,org.joda.example.time
checkJISOGetMonth,repos/Time-27f/src/example/org/joda/example/time/DateTimePerformance.java,DateTimePerformance,org.joda.example.time
checkGCalGetMonth,repos/Time-27f/src/example/org/joda/example/time/DateTimePerformance.java,DateTimePerformance,org.joda.example.time
checkDateGetMonth,repos/Time-27f/src/example/org/joda/example/time/DateTimePerformance.java,DateTimePerformance,org.joda.example.time
checkJodaGetDay,repos/Time-27f/src/example/org/joda/example/time/DateTimePerformance.java,DateTimePerformance,org.joda.example.time
checkJISOGetDay,repos/Time-27f/src/example/org/joda/example/time/DateTimePerformance.java,DateTimePerformance,org.joda.example.time
checkGCalGetDay,repos/Time-27f/src/example/org/joda/example/time/DateTimePerformance.java,DateTimePerformance,org.joda.example.time
checkDateGetDay,repos/Time-27f/src/example/org/joda/example/time/DateTimePerformance.java,DateTimePerformance,org.joda.example.time
checkJodaGetHour,repos/Time-27f/src/example/org/joda/example/time/DateTimePerformance.java,DateTimePerformance,org.joda.example.time
checkJISOGetHour,repos/Time-27f/src/example/org/joda/example/time/DateTimePerformance.java,DateTimePerformance,org.joda.example.time
checkGCalGetHour,repos/Time-27f/src/example/org/joda/example/time/DateTimePerformance.java,DateTimePerformance,org.joda.example.time
checkDateGetHour,repos/Time-27f/src/example/org/joda/example/time/DateTimePerformance.java,DateTimePerformance,org.joda.example.time
checkJodaSetYear,repos/Time-27f/src/example/org/joda/example/time/DateTimePerformance.java,DateTimePerformance,org.joda.example.time
checkJISOSetYear,repos/Time-27f/src/example/org/joda/example/time/DateTimePerformance.java,DateTimePerformance,org.joda.example.time
checkGCalSetYear,repos/Time-27f/src/example/org/joda/example/time/DateTimePerformance.java,DateTimePerformance,org.joda.example.time
checkDateSetYear,repos/Time-27f/src/example/org/joda/example/time/DateTimePerformance.java,DateTimePerformance,org.joda.example.time
checkJodaSetGetYear,repos/Time-27f/src/example/org/joda/example/time/DateTimePerformance.java,DateTimePerformance,org.joda.example.time
checkJISOSetGetYear,repos/Time-27f/src/example/org/joda/example/time/DateTimePerformance.java,DateTimePerformance,org.joda.example.time
checkGCalSetGetYear,repos/Time-27f/src/example/org/joda/example/time/DateTimePerformance.java,DateTimePerformance,org.joda.example.time
checkDateSetGetYear,repos/Time-27f/src/example/org/joda/example/time/DateTimePerformance.java,DateTimePerformance,org.joda.example.time
checkJodaSetHour,repos/Time-27f/src/example/org/joda/example/time/DateTimePerformance.java,DateTimePerformance,org.joda.example.time
checkJISOSetHour,repos/Time-27f/src/example/org/joda/example/time/DateTimePerformance.java,DateTimePerformance,org.joda.example.time
checkGCalSetHour,repos/Time-27f/src/example/org/joda/example/time/DateTimePerformance.java,DateTimePerformance,org.joda.example.time
checkDateSetHour,repos/Time-27f/src/example/org/joda/example/time/DateTimePerformance.java,DateTimePerformance,org.joda.example.time
checkJodaSetGetHour,repos/Time-27f/src/example/org/joda/example/time/DateTimePerformance.java,DateTimePerformance,org.joda.example.time
checkJISOSetGetHour,repos/Time-27f/src/example/org/joda/example/time/DateTimePerformance.java,DateTimePerformance,org.joda.example.time
checkGCalSetGetHour,repos/Time-27f/src/example/org/joda/example/time/DateTimePerformance.java,DateTimePerformance,org.joda.example.time
checkDateSetGetHour,repos/Time-27f/src/example/org/joda/example/time/DateTimePerformance.java,DateTimePerformance,org.joda.example.time
checkJodaToString,repos/Time-27f/src/example/org/joda/example/time/DateTimePerformance.java,DateTimePerformance,org.joda.example.time
checkJISOToString,repos/Time-27f/src/example/org/joda/example/time/DateTimePerformance.java,DateTimePerformance,org.joda.example.time
checkGCalToString,repos/Time-27f/src/example/org/joda/example/time/DateTimePerformance.java,DateTimePerformance,org.joda.example.time
checkDateToString,repos/Time-27f/src/example/org/joda/example/time/DateTimePerformance.java,DateTimePerformance,org.joda.example.time
start,repos/Time-27f/src/example/org/joda/example/time/DateTimePerformance.java,DateTimePerformance,org.joda.example.time
end,repos/Time-27f/src/example/org/joda/example/time/DateTimePerformance.java,DateTimePerformance,org.joda.example.time
clear,repos/Time-27f/src/main/java/org/joda/time/MutablePeriod.java,MutablePeriod,org.joda.time
setValue,repos/Time-27f/src/main/java/org/joda/time/MutablePeriod.java,MutablePeriod,org.joda.time
set,repos/Time-27f/src/main/java/org/joda/time/MutablePeriod.java,MutablePeriod,org.joda.time
setPeriod,repos/Time-27f/src/main/java/org/joda/time/MutablePeriod.java,MutablePeriod,org.joda.time
setPeriod,repos/Time-27f/src/main/java/org/joda/time/MutablePeriod.java,MutablePeriod,org.joda.time
setPeriod,repos/Time-27f/src/main/java/org/joda/time/MutablePeriod.java,MutablePeriod,org.joda.time
setPeriod,repos/Time-27f/src/main/java/org/joda/time/MutablePeriod.java,MutablePeriod,org.joda.time
setPeriod,repos/Time-27f/src/main/java/org/joda/time/MutablePeriod.java,MutablePeriod,org.joda.time
setPeriod,repos/Time-27f/src/main/java/org/joda/time/MutablePeriod.java,MutablePeriod,org.joda.time
setPeriod,repos/Time-27f/src/main/java/org/joda/time/MutablePeriod.java,MutablePeriod,org.joda.time
setPeriod,repos/Time-27f/src/main/java/org/joda/time/MutablePeriod.java,MutablePeriod,org.joda.time
setPeriod,repos/Time-27f/src/main/java/org/joda/time/MutablePeriod.java,MutablePeriod,org.joda.time
setPeriod,repos/Time-27f/src/main/java/org/joda/time/MutablePeriod.java,MutablePeriod,org.joda.time
add,repos/Time-27f/src/main/java/org/joda/time/MutablePeriod.java,MutablePeriod,org.joda.time
add,repos/Time-27f/src/main/java/org/joda/time/MutablePeriod.java,MutablePeriod,org.joda.time
add,repos/Time-27f/src/main/java/org/joda/time/MutablePeriod.java,MutablePeriod,org.joda.time
add,repos/Time-27f/src/main/java/org/joda/time/MutablePeriod.java,MutablePeriod,org.joda.time
add,repos/Time-27f/src/main/java/org/joda/time/MutablePeriod.java,MutablePeriod,org.joda.time
add,repos/Time-27f/src/main/java/org/joda/time/MutablePeriod.java,MutablePeriod,org.joda.time
add,repos/Time-27f/src/main/java/org/joda/time/MutablePeriod.java,MutablePeriod,org.joda.time
mergePeriod,repos/Time-27f/src/main/java/org/joda/time/MutablePeriod.java,MutablePeriod,org.joda.time
getYears,repos/Time-27f/src/main/java/org/joda/time/MutablePeriod.java,MutablePeriod,org.joda.time
getMonths,repos/Time-27f/src/main/java/org/joda/time/MutablePeriod.java,MutablePeriod,org.joda.time
getWeeks,repos/Time-27f/src/main/java/org/joda/time/MutablePeriod.java,MutablePeriod,org.joda.time
getDays,repos/Time-27f/src/main/java/org/joda/time/MutablePeriod.java,MutablePeriod,org.joda.time
getHours,repos/Time-27f/src/main/java/org/joda/time/MutablePeriod.java,MutablePeriod,org.joda.time
getMinutes,repos/Time-27f/src/main/java/org/joda/time/MutablePeriod.java,MutablePeriod,org.joda.time
getSeconds,repos/Time-27f/src/main/java/org/joda/time/MutablePeriod.java,MutablePeriod,org.joda.time
getMillis,repos/Time-27f/src/main/java/org/joda/time/MutablePeriod.java,MutablePeriod,org.joda.time
setYears,repos/Time-27f/src/main/java/org/joda/time/MutablePeriod.java,MutablePeriod,org.joda.time
addYears,repos/Time-27f/src/main/java/org/joda/time/MutablePeriod.java,MutablePeriod,org.joda.time
setMonths,repos/Time-27f/src/main/java/org/joda/time/MutablePeriod.java,MutablePeriod,org.joda.time
addMonths,repos/Time-27f/src/main/java/org/joda/time/MutablePeriod.java,MutablePeriod,org.joda.time
setWeeks,repos/Time-27f/src/main/java/org/joda/time/MutablePeriod.java,MutablePeriod,org.joda.time
addWeeks,repos/Time-27f/src/main/java/org/joda/time/MutablePeriod.java,MutablePeriod,org.joda.time
setDays,repos/Time-27f/src/main/java/org/joda/time/MutablePeriod.java,MutablePeriod,org.joda.time
addDays,repos/Time-27f/src/main/java/org/joda/time/MutablePeriod.java,MutablePeriod,org.joda.time
setHours,repos/Time-27f/src/main/java/org/joda/time/MutablePeriod.java,MutablePeriod,org.joda.time
addHours,repos/Time-27f/src/main/java/org/joda/time/MutablePeriod.java,MutablePeriod,org.joda.time
setMinutes,repos/Time-27f/src/main/java/org/joda/time/MutablePeriod.java,MutablePeriod,org.joda.time
addMinutes,repos/Time-27f/src/main/java/org/joda/time/MutablePeriod.java,MutablePeriod,org.joda.time
setSeconds,repos/Time-27f/src/main/java/org/joda/time/MutablePeriod.java,MutablePeriod,org.joda.time
addSeconds,repos/Time-27f/src/main/java/org/joda/time/MutablePeriod.java,MutablePeriod,org.joda.time
setMillis,repos/Time-27f/src/main/java/org/joda/time/MutablePeriod.java,MutablePeriod,org.joda.time
addMillis,repos/Time-27f/src/main/java/org/joda/time/MutablePeriod.java,MutablePeriod,org.joda.time
copy,repos/Time-27f/src/main/java/org/joda/time/MutablePeriod.java,MutablePeriod,org.joda.time
clone,repos/Time-27f/src/main/java/org/joda/time/MutablePeriod.java,MutablePeriod,org.joda.time
getMillis,repos/Time-27f/src/main/java/org/joda/time/ReadableDuration.java,ReadableDuration,org.joda.time
toDuration,repos/Time-27f/src/main/java/org/joda/time/ReadableDuration.java,ReadableDuration,org.joda.time
toPeriod,repos/Time-27f/src/main/java/org/joda/time/ReadableDuration.java,ReadableDuration,org.joda.time
isEqual,repos/Time-27f/src/main/java/org/joda/time/ReadableDuration.java,ReadableDuration,org.joda.time
isLongerThan,repos/Time-27f/src/main/java/org/joda/time/ReadableDuration.java,ReadableDuration,org.joda.time
isShorterThan,repos/Time-27f/src/main/java/org/joda/time/ReadableDuration.java,ReadableDuration,org.joda.time
equals,repos/Time-27f/src/main/java/org/joda/time/ReadableDuration.java,ReadableDuration,org.joda.time
hashCode,repos/Time-27f/src/main/java/org/joda/time/ReadableDuration.java,ReadableDuration,org.joda.time
toString,repos/Time-27f/src/main/java/org/joda/time/ReadableDuration.java,ReadableDuration,org.joda.time
minutes,repos/Time-27f/src/main/java/org/joda/time/Minutes.java,Minutes,org.joda.time
minutesBetween,repos/Time-27f/src/main/java/org/joda/time/Minutes.java,Minutes,org.joda.time
minutesBetween,repos/Time-27f/src/main/java/org/joda/time/Minutes.java,Minutes,org.joda.time
minutesIn,repos/Time-27f/src/main/java/org/joda/time/Minutes.java,Minutes,org.joda.time
standardMinutesIn,repos/Time-27f/src/main/java/org/joda/time/Minutes.java,Minutes,org.joda.time
parseMinutes,repos/Time-27f/src/main/java/org/joda/time/Minutes.java,Minutes,org.joda.time
readResolve,repos/Time-27f/src/main/java/org/joda/time/Minutes.java,Minutes,org.joda.time
getFieldType,repos/Time-27f/src/main/java/org/joda/time/Minutes.java,Minutes,org.joda.time
getPeriodType,repos/Time-27f/src/main/java/org/joda/time/Minutes.java,Minutes,org.joda.time
toStandardWeeks,repos/Time-27f/src/main/java/org/joda/time/Minutes.java,Minutes,org.joda.time
toStandardDays,repos/Time-27f/src/main/java/org/joda/time/Minutes.java,Minutes,org.joda.time
toStandardHours,repos/Time-27f/src/main/java/org/joda/time/Minutes.java,Minutes,org.joda.time
toStandardSeconds,repos/Time-27f/src/main/java/org/joda/time/Minutes.java,Minutes,org.joda.time
toStandardDuration,repos/Time-27f/src/main/java/org/joda/time/Minutes.java,Minutes,org.joda.time
getMinutes,repos/Time-27f/src/main/java/org/joda/time/Minutes.java,Minutes,org.joda.time
plus,repos/Time-27f/src/main/java/org/joda/time/Minutes.java,Minutes,org.joda.time
plus,repos/Time-27f/src/main/java/org/joda/time/Minutes.java,Minutes,org.joda.time
minus,repos/Time-27f/src/main/java/org/joda/time/Minutes.java,Minutes,org.joda.time
minus,repos/Time-27f/src/main/java/org/joda/time/Minutes.java,Minutes,org.joda.time
multipliedBy,repos/Time-27f/src/main/java/org/joda/time/Minutes.java,Minutes,org.joda.time
dividedBy,repos/Time-27f/src/main/java/org/joda/time/Minutes.java,Minutes,org.joda.time
negated,repos/Time-27f/src/main/java/org/joda/time/Minutes.java,Minutes,org.joda.time
isGreaterThan,repos/Time-27f/src/main/java/org/joda/time/Minutes.java,Minutes,org.joda.time
isLessThan,repos/Time-27f/src/main/java/org/joda/time/Minutes.java,Minutes,org.joda.time
toString,repos/Time-27f/src/main/java/org/joda/time/Minutes.java,Minutes,org.joda.time
getMillis,repos/Time-27f/src/main/java/org/joda/time/ReadableInstant.java,ReadableInstant,org.joda.time
getChronology,repos/Time-27f/src/main/java/org/joda/time/ReadableInstant.java,ReadableInstant,org.joda.time
getZone,repos/Time-27f/src/main/java/org/joda/time/ReadableInstant.java,ReadableInstant,org.joda.time
get,repos/Time-27f/src/main/java/org/joda/time/ReadableInstant.java,ReadableInstant,org.joda.time
isSupported,repos/Time-27f/src/main/java/org/joda/time/ReadableInstant.java,ReadableInstant,org.joda.time
toInstant,repos/Time-27f/src/main/java/org/joda/time/ReadableInstant.java,ReadableInstant,org.joda.time
isEqual,repos/Time-27f/src/main/java/org/joda/time/ReadableInstant.java,ReadableInstant,org.joda.time
isAfter,repos/Time-27f/src/main/java/org/joda/time/ReadableInstant.java,ReadableInstant,org.joda.time
isBefore,repos/Time-27f/src/main/java/org/joda/time/ReadableInstant.java,ReadableInstant,org.joda.time
equals,repos/Time-27f/src/main/java/org/joda/time/ReadableInstant.java,ReadableInstant,org.joda.time
hashCode,repos/Time-27f/src/main/java/org/joda/time/ReadableInstant.java,ReadableInstant,org.joda.time
toString,repos/Time-27f/src/main/java/org/joda/time/ReadableInstant.java,ReadableInstant,org.joda.time
setInterval,repos/Time-27f/src/main/java/org/joda/time/MutableInterval.java,MutableInterval,org.joda.time
setInterval,repos/Time-27f/src/main/java/org/joda/time/MutableInterval.java,MutableInterval,org.joda.time
setInterval,repos/Time-27f/src/main/java/org/joda/time/MutableInterval.java,MutableInterval,org.joda.time
setChronology,repos/Time-27f/src/main/java/org/joda/time/MutableInterval.java,MutableInterval,org.joda.time
setStartMillis,repos/Time-27f/src/main/java/org/joda/time/MutableInterval.java,MutableInterval,org.joda.time
setStart,repos/Time-27f/src/main/java/org/joda/time/MutableInterval.java,MutableInterval,org.joda.time
setEndMillis,repos/Time-27f/src/main/java/org/joda/time/MutableInterval.java,MutableInterval,org.joda.time
setEnd,repos/Time-27f/src/main/java/org/joda/time/MutableInterval.java,MutableInterval,org.joda.time
setDurationAfterStart,repos/Time-27f/src/main/java/org/joda/time/MutableInterval.java,MutableInterval,org.joda.time
setDurationBeforeEnd,repos/Time-27f/src/main/java/org/joda/time/MutableInterval.java,MutableInterval,org.joda.time
setDurationAfterStart,repos/Time-27f/src/main/java/org/joda/time/MutableInterval.java,MutableInterval,org.joda.time
setDurationBeforeEnd,repos/Time-27f/src/main/java/org/joda/time/MutableInterval.java,MutableInterval,org.joda.time
setPeriodAfterStart,repos/Time-27f/src/main/java/org/joda/time/MutableInterval.java,MutableInterval,org.joda.time
setPeriodBeforeEnd,repos/Time-27f/src/main/java/org/joda/time/MutableInterval.java,MutableInterval,org.joda.time
copy,repos/Time-27f/src/main/java/org/joda/time/MutableInterval.java,MutableInterval,org.joda.time
clone,repos/Time-27f/src/main/java/org/joda/time/MutableInterval.java,MutableInterval,org.joda.time
getChronology,repos/Time-27f/src/main/java/org/joda/time/ReadableInterval.java,ReadableInterval,org.joda.time
getStartMillis,repos/Time-27f/src/main/java/org/joda/time/ReadableInterval.java,ReadableInterval,org.joda.time
getStart,repos/Time-27f/src/main/java/org/joda/time/ReadableInterval.java,ReadableInterval,org.joda.time
getEndMillis,repos/Time-27f/src/main/java/org/joda/time/ReadableInterval.java,ReadableInterval,org.joda.time
getEnd,repos/Time-27f/src/main/java/org/joda/time/ReadableInterval.java,ReadableInterval,org.joda.time
contains,repos/Time-27f/src/main/java/org/joda/time/ReadableInterval.java,ReadableInterval,org.joda.time
contains,repos/Time-27f/src/main/java/org/joda/time/ReadableInterval.java,ReadableInterval,org.joda.time
overlaps,repos/Time-27f/src/main/java/org/joda/time/ReadableInterval.java,ReadableInterval,org.joda.time
isAfter,repos/Time-27f/src/main/java/org/joda/time/ReadableInterval.java,ReadableInterval,org.joda.time
isAfter,repos/Time-27f/src/main/java/org/joda/time/ReadableInterval.java,ReadableInterval,org.joda.time
isBefore,repos/Time-27f/src/main/java/org/joda/time/ReadableInterval.java,ReadableInterval,org.joda.time
isBefore,repos/Time-27f/src/main/java/org/joda/time/ReadableInterval.java,ReadableInterval,org.joda.time
toInterval,repos/Time-27f/src/main/java/org/joda/time/ReadableInterval.java,ReadableInterval,org.joda.time
toMutableInterval,repos/Time-27f/src/main/java/org/joda/time/ReadableInterval.java,ReadableInterval,org.joda.time
toDuration,repos/Time-27f/src/main/java/org/joda/time/ReadableInterval.java,ReadableInterval,org.joda.time
toDurationMillis,repos/Time-27f/src/main/java/org/joda/time/ReadableInterval.java,ReadableInterval,org.joda.time
toPeriod,repos/Time-27f/src/main/java/org/joda/time/ReadableInterval.java,ReadableInterval,org.joda.time
toPeriod,repos/Time-27f/src/main/java/org/joda/time/ReadableInterval.java,ReadableInterval,org.joda.time
equals,repos/Time-27f/src/main/java/org/joda/time/ReadableInterval.java,ReadableInterval,org.joda.time
hashCode,repos/Time-27f/src/main/java/org/joda/time/ReadableInterval.java,ReadableInterval,org.joda.time
toString,repos/Time-27f/src/main/java/org/joda/time/ReadableInterval.java,ReadableInterval,org.joda.time
getType,repos/Time-27f/src/main/java/org/joda/time/DurationField.java,DurationField,org.joda.time
getName,repos/Time-27f/src/main/java/org/joda/time/DurationField.java,DurationField,org.joda.time
isSupported,repos/Time-27f/src/main/java/org/joda/time/DurationField.java,DurationField,org.joda.time
isPrecise,repos/Time-27f/src/main/java/org/joda/time/DurationField.java,DurationField,org.joda.time
getUnitMillis,repos/Time-27f/src/main/java/org/joda/time/DurationField.java,DurationField,org.joda.time
getValue,repos/Time-27f/src/main/java/org/joda/time/DurationField.java,DurationField,org.joda.time
getValueAsLong,repos/Time-27f/src/main/java/org/joda/time/DurationField.java,DurationField,org.joda.time
getValue,repos/Time-27f/src/main/java/org/joda/time/DurationField.java,DurationField,org.joda.time
getValueAsLong,repos/Time-27f/src/main/java/org/joda/time/DurationField.java,DurationField,org.joda.time
getMillis,repos/Time-27f/src/main/java/org/joda/time/DurationField.java,DurationField,org.joda.time
getMillis,repos/Time-27f/src/main/java/org/joda/time/DurationField.java,DurationField,org.joda.time
getMillis,repos/Time-27f/src/main/java/org/joda/time/DurationField.java,DurationField,org.joda.time
getMillis,repos/Time-27f/src/main/java/org/joda/time/DurationField.java,DurationField,org.joda.time
add,repos/Time-27f/src/main/java/org/joda/time/DurationField.java,DurationField,org.joda.time
add,repos/Time-27f/src/main/java/org/joda/time/DurationField.java,DurationField,org.joda.time
subtract,repos/Time-27f/src/main/java/org/joda/time/DurationField.java,DurationField,org.joda.time
subtract,repos/Time-27f/src/main/java/org/joda/time/DurationField.java,DurationField,org.joda.time
getDifference,repos/Time-27f/src/main/java/org/joda/time/DurationField.java,DurationField,org.joda.time
getDifferenceAsLong,repos/Time-27f/src/main/java/org/joda/time/DurationField.java,DurationField,org.joda.time
size,repos/Time-27f/src/main/java/org/joda/time/ReadablePartial.java,ReadablePartial,org.joda.time
getFieldType,repos/Time-27f/src/main/java/org/joda/time/ReadablePartial.java,ReadablePartial,org.joda.time
getField,repos/Time-27f/src/main/java/org/joda/time/ReadablePartial.java,ReadablePartial,org.joda.time
getValue,repos/Time-27f/src/main/java/org/joda/time/ReadablePartial.java,ReadablePartial,org.joda.time
getChronology,repos/Time-27f/src/main/java/org/joda/time/ReadablePartial.java,ReadablePartial,org.joda.time
get,repos/Time-27f/src/main/java/org/joda/time/ReadablePartial.java,ReadablePartial,org.joda.time
isSupported,repos/Time-27f/src/main/java/org/joda/time/ReadablePartial.java,ReadablePartial,org.joda.time
toDateTime,repos/Time-27f/src/main/java/org/joda/time/ReadablePartial.java,ReadablePartial,org.joda.time
equals,repos/Time-27f/src/main/java/org/joda/time/ReadablePartial.java,ReadablePartial,org.joda.time
hashCode,repos/Time-27f/src/main/java/org/joda/time/ReadablePartial.java,ReadablePartial,org.joda.time
toString,repos/Time-27f/src/main/java/org/joda/time/ReadablePartial.java,ReadablePartial,org.joda.time
getPeriodType,repos/Time-27f/src/main/java/org/joda/time/ReadablePeriod.java,ReadablePeriod,org.joda.time
size,repos/Time-27f/src/main/java/org/joda/time/ReadablePeriod.java,ReadablePeriod,org.joda.time
getFieldType,repos/Time-27f/src/main/java/org/joda/time/ReadablePeriod.java,ReadablePeriod,org.joda.time
getValue,repos/Time-27f/src/main/java/org/joda/time/ReadablePeriod.java,ReadablePeriod,org.joda.time
get,repos/Time-27f/src/main/java/org/joda/time/ReadablePeriod.java,ReadablePeriod,org.joda.time
isSupported,repos/Time-27f/src/main/java/org/joda/time/ReadablePeriod.java,ReadablePeriod,org.joda.time
toPeriod,repos/Time-27f/src/main/java/org/joda/time/ReadablePeriod.java,ReadablePeriod,org.joda.time
toMutablePeriod,repos/Time-27f/src/main/java/org/joda/time/ReadablePeriod.java,ReadablePeriod,org.joda.time
equals,repos/Time-27f/src/main/java/org/joda/time/ReadablePeriod.java,ReadablePeriod,org.joda.time
hashCode,repos/Time-27f/src/main/java/org/joda/time/ReadablePeriod.java,ReadablePeriod,org.joda.time
toString,repos/Time-27f/src/main/java/org/joda/time/ReadablePeriod.java,ReadablePeriod,org.joda.time
size,repos/Time-27f/src/main/java/org/joda/time/Partial.java,Partial,org.joda.time
getChronology,repos/Time-27f/src/main/java/org/joda/time/Partial.java,Partial,org.joda.time
getField,repos/Time-27f/src/main/java/org/joda/time/Partial.java,Partial,org.joda.time
getFieldType,repos/Time-27f/src/main/java/org/joda/time/Partial.java,Partial,org.joda.time
getFieldTypes,repos/Time-27f/src/main/java/org/joda/time/Partial.java,Partial,org.joda.time
getValue,repos/Time-27f/src/main/java/org/joda/time/Partial.java,Partial,org.joda.time
getValues,repos/Time-27f/src/main/java/org/joda/time/Partial.java,Partial,org.joda.time
withChronologyRetainFields,repos/Time-27f/src/main/java/org/joda/time/Partial.java,Partial,org.joda.time
with,repos/Time-27f/src/main/java/org/joda/time/Partial.java,Partial,org.joda.time
without,repos/Time-27f/src/main/java/org/joda/time/Partial.java,Partial,org.joda.time
withField,repos/Time-27f/src/main/java/org/joda/time/Partial.java,Partial,org.joda.time
withFieldAdded,repos/Time-27f/src/main/java/org/joda/time/Partial.java,Partial,org.joda.time
withFieldAddWrapped,repos/Time-27f/src/main/java/org/joda/time/Partial.java,Partial,org.joda.time
withPeriodAdded,repos/Time-27f/src/main/java/org/joda/time/Partial.java,Partial,org.joda.time
plus,repos/Time-27f/src/main/java/org/joda/time/Partial.java,Partial,org.joda.time
minus,repos/Time-27f/src/main/java/org/joda/time/Partial.java,Partial,org.joda.time
property,repos/Time-27f/src/main/java/org/joda/time/Partial.java,Partial,org.joda.time
isMatch,repos/Time-27f/src/main/java/org/joda/time/Partial.java,Partial,org.joda.time
isMatch,repos/Time-27f/src/main/java/org/joda/time/Partial.java,Partial,org.joda.time
getFormatter,repos/Time-27f/src/main/java/org/joda/time/Partial.java,Partial,org.joda.time
toString,repos/Time-27f/src/main/java/org/joda/time/Partial.java,Partial,org.joda.time
toStringList,repos/Time-27f/src/main/java/org/joda/time/Partial.java,Partial,org.joda.time
toString,repos/Time-27f/src/main/java/org/joda/time/Partial.java,Partial,org.joda.time
toString,repos/Time-27f/src/main/java/org/joda/time/Partial.java,Partial,org.joda.time
getField,repos/Time-27f/src/main/java/org/joda/time/Partial.java,Partial,org.joda.time
getReadablePartial,repos/Time-27f/src/main/java/org/joda/time/Partial.java,Partial,org.joda.time
getPartial,repos/Time-27f/src/main/java/org/joda/time/Partial.java,Partial,org.joda.time
get,repos/Time-27f/src/main/java/org/joda/time/Partial.java,Partial,org.joda.time
addToCopy,repos/Time-27f/src/main/java/org/joda/time/Partial.java,Partial,org.joda.time
addWrapFieldToCopy,repos/Time-27f/src/main/java/org/joda/time/Partial.java,Partial,org.joda.time
setCopy,repos/Time-27f/src/main/java/org/joda/time/Partial.java,Partial,org.joda.time
setCopy,repos/Time-27f/src/main/java/org/joda/time/Partial.java,Partial,org.joda.time
setCopy,repos/Time-27f/src/main/java/org/joda/time/Partial.java,Partial,org.joda.time
withMaximumValue,repos/Time-27f/src/main/java/org/joda/time/Partial.java,Partial,org.joda.time
withMinimumValue,repos/Time-27f/src/main/java/org/joda/time/Partial.java,Partial,org.joda.time
getField,repos/Time-27f/src/main/java/org/joda/time/Partial.java,Property,org.joda.time
getReadablePartial,repos/Time-27f/src/main/java/org/joda/time/Partial.java,Property,org.joda.time
getPartial,repos/Time-27f/src/main/java/org/joda/time/Partial.java,Property,org.joda.time
get,repos/Time-27f/src/main/java/org/joda/time/Partial.java,Property,org.joda.time
addToCopy,repos/Time-27f/src/main/java/org/joda/time/Partial.java,Property,org.joda.time
addWrapFieldToCopy,repos/Time-27f/src/main/java/org/joda/time/Partial.java,Property,org.joda.time
setCopy,repos/Time-27f/src/main/java/org/joda/time/Partial.java,Property,org.joda.time
setCopy,repos/Time-27f/src/main/java/org/joda/time/Partial.java,Property,org.joda.time
setCopy,repos/Time-27f/src/main/java/org/joda/time/Partial.java,Property,org.joda.time
withMaximumValue,repos/Time-27f/src/main/java/org/joda/time/Partial.java,Property,org.joda.time
withMinimumValue,repos/Time-27f/src/main/java/org/joda/time/Partial.java,Property,org.joda.time
standardDays,repos/Time-27f/src/main/java/org/joda/time/Duration.java,Duration,org.joda.time
standardHours,repos/Time-27f/src/main/java/org/joda/time/Duration.java,Duration,org.joda.time
standardMinutes,repos/Time-27f/src/main/java/org/joda/time/Duration.java,Duration,org.joda.time
standardSeconds,repos/Time-27f/src/main/java/org/joda/time/Duration.java,Duration,org.joda.time
millis,repos/Time-27f/src/main/java/org/joda/time/Duration.java,Duration,org.joda.time
getStandardDays,repos/Time-27f/src/main/java/org/joda/time/Duration.java,Duration,org.joda.time
getStandardHours,repos/Time-27f/src/main/java/org/joda/time/Duration.java,Duration,org.joda.time
getStandardMinutes,repos/Time-27f/src/main/java/org/joda/time/Duration.java,Duration,org.joda.time
getStandardSeconds,repos/Time-27f/src/main/java/org/joda/time/Duration.java,Duration,org.joda.time
toDuration,repos/Time-27f/src/main/java/org/joda/time/Duration.java,Duration,org.joda.time
toStandardDays,repos/Time-27f/src/main/java/org/joda/time/Duration.java,Duration,org.joda.time
toStandardHours,repos/Time-27f/src/main/java/org/joda/time/Duration.java,Duration,org.joda.time
toStandardMinutes,repos/Time-27f/src/main/java/org/joda/time/Duration.java,Duration,org.joda.time
toStandardSeconds,repos/Time-27f/src/main/java/org/joda/time/Duration.java,Duration,org.joda.time
withMillis,repos/Time-27f/src/main/java/org/joda/time/Duration.java,Duration,org.joda.time
withDurationAdded,repos/Time-27f/src/main/java/org/joda/time/Duration.java,Duration,org.joda.time
withDurationAdded,repos/Time-27f/src/main/java/org/joda/time/Duration.java,Duration,org.joda.time
plus,repos/Time-27f/src/main/java/org/joda/time/Duration.java,Duration,org.joda.time
plus,repos/Time-27f/src/main/java/org/joda/time/Duration.java,Duration,org.joda.time
minus,repos/Time-27f/src/main/java/org/joda/time/Duration.java,Duration,org.joda.time
minus,repos/Time-27f/src/main/java/org/joda/time/Duration.java,Duration,org.joda.time
checkInstant,repos/Time-27f/src/main/java/org/joda/time/DateMidnight.java,DateMidnight,org.joda.time
withMillis,repos/Time-27f/src/main/java/org/joda/time/DateMidnight.java,DateMidnight,org.joda.time
withChronology,repos/Time-27f/src/main/java/org/joda/time/DateMidnight.java,DateMidnight,org.joda.time
withZoneRetainFields,repos/Time-27f/src/main/java/org/joda/time/DateMidnight.java,DateMidnight,org.joda.time
withFields,repos/Time-27f/src/main/java/org/joda/time/DateMidnight.java,DateMidnight,org.joda.time
withField,repos/Time-27f/src/main/java/org/joda/time/DateMidnight.java,DateMidnight,org.joda.time
withFieldAdded,repos/Time-27f/src/main/java/org/joda/time/DateMidnight.java,DateMidnight,org.joda.time
withDurationAdded,repos/Time-27f/src/main/java/org/joda/time/DateMidnight.java,DateMidnight,org.joda.time
withDurationAdded,repos/Time-27f/src/main/java/org/joda/time/DateMidnight.java,DateMidnight,org.joda.time
withPeriodAdded,repos/Time-27f/src/main/java/org/joda/time/DateMidnight.java,DateMidnight,org.joda.time
plus,repos/Time-27f/src/main/java/org/joda/time/DateMidnight.java,DateMidnight,org.joda.time
plus,repos/Time-27f/src/main/java/org/joda/time/DateMidnight.java,DateMidnight,org.joda.time
plus,repos/Time-27f/src/main/java/org/joda/time/DateMidnight.java,DateMidnight,org.joda.time
plusYears,repos/Time-27f/src/main/java/org/joda/time/DateMidnight.java,DateMidnight,org.joda.time
plusMonths,repos/Time-27f/src/main/java/org/joda/time/DateMidnight.java,DateMidnight,org.joda.time
plusWeeks,repos/Time-27f/src/main/java/org/joda/time/DateMidnight.java,DateMidnight,org.joda.time
plusDays,repos/Time-27f/src/main/java/org/joda/time/DateMidnight.java,DateMidnight,org.joda.time
minus,repos/Time-27f/src/main/java/org/joda/time/DateMidnight.java,DateMidnight,org.joda.time
minus,repos/Time-27f/src/main/java/org/joda/time/DateMidnight.java,DateMidnight,org.joda.time
minus,repos/Time-27f/src/main/java/org/joda/time/DateMidnight.java,DateMidnight,org.joda.time
minusYears,repos/Time-27f/src/main/java/org/joda/time/DateMidnight.java,DateMidnight,org.joda.time
minusMonths,repos/Time-27f/src/main/java/org/joda/time/DateMidnight.java,DateMidnight,org.joda.time
minusWeeks,repos/Time-27f/src/main/java/org/joda/time/DateMidnight.java,DateMidnight,org.joda.time
minusDays,repos/Time-27f/src/main/java/org/joda/time/DateMidnight.java,DateMidnight,org.joda.time
property,repos/Time-27f/src/main/java/org/joda/time/DateMidnight.java,DateMidnight,org.joda.time
toYearMonthDay,repos/Time-27f/src/main/java/org/joda/time/DateMidnight.java,DateMidnight,org.joda.time
toLocalDate,repos/Time-27f/src/main/java/org/joda/time/DateMidnight.java,DateMidnight,org.joda.time
toInterval,repos/Time-27f/src/main/java/org/joda/time/DateMidnight.java,DateMidnight,org.joda.time
withEra,repos/Time-27f/src/main/java/org/joda/time/DateMidnight.java,DateMidnight,org.joda.time
withCenturyOfEra,repos/Time-27f/src/main/java/org/joda/time/DateMidnight.java,DateMidnight,org.joda.time
withYearOfEra,repos/Time-27f/src/main/java/org/joda/time/DateMidnight.java,DateMidnight,org.joda.time
withYearOfCentury,repos/Time-27f/src/main/java/org/joda/time/DateMidnight.java,DateMidnight,org.joda.time
withYear,repos/Time-27f/src/main/java/org/joda/time/DateMidnight.java,DateMidnight,org.joda.time
withWeekyear,repos/Time-27f/src/main/java/org/joda/time/DateMidnight.java,DateMidnight,org.joda.time
withMonthOfYear,repos/Time-27f/src/main/java/org/joda/time/DateMidnight.java,DateMidnight,org.joda.time
withWeekOfWeekyear,repos/Time-27f/src/main/java/org/joda/time/DateMidnight.java,DateMidnight,org.joda.time
withDayOfYear,repos/Time-27f/src/main/java/org/joda/time/DateMidnight.java,DateMidnight,org.joda.time
withDayOfMonth,repos/Time-27f/src/main/java/org/joda/time/DateMidnight.java,DateMidnight,org.joda.time
withDayOfWeek,repos/Time-27f/src/main/java/org/joda/time/DateMidnight.java,DateMidnight,org.joda.time
era,repos/Time-27f/src/main/java/org/joda/time/DateMidnight.java,DateMidnight,org.joda.time
centuryOfEra,repos/Time-27f/src/main/java/org/joda/time/DateMidnight.java,DateMidnight,org.joda.time
yearOfCentury,repos/Time-27f/src/main/java/org/joda/time/DateMidnight.java,DateMidnight,org.joda.time
yearOfEra,repos/Time-27f/src/main/java/org/joda/time/DateMidnight.java,DateMidnight,org.joda.time
year,repos/Time-27f/src/main/java/org/joda/time/DateMidnight.java,DateMidnight,org.joda.time
weekyear,repos/Time-27f/src/main/java/org/joda/time/DateMidnight.java,DateMidnight,org.joda.time
monthOfYear,repos/Time-27f/src/main/java/org/joda/time/DateMidnight.java,DateMidnight,org.joda.time
weekOfWeekyear,repos/Time-27f/src/main/java/org/joda/time/DateMidnight.java,DateMidnight,org.joda.time
dayOfYear,repos/Time-27f/src/main/java/org/joda/time/DateMidnight.java,DateMidnight,org.joda.time
dayOfMonth,repos/Time-27f/src/main/java/org/joda/time/DateMidnight.java,DateMidnight,org.joda.time
dayOfWeek,repos/Time-27f/src/main/java/org/joda/time/DateMidnight.java,DateMidnight,org.joda.time
writeObject,repos/Time-27f/src/main/java/org/joda/time/DateMidnight.java,DateMidnight,org.joda.time
readObject,repos/Time-27f/src/main/java/org/joda/time/DateMidnight.java,DateMidnight,org.joda.time
getField,repos/Time-27f/src/main/java/org/joda/time/DateMidnight.java,DateMidnight,org.joda.time
getMillis,repos/Time-27f/src/main/java/org/joda/time/DateMidnight.java,DateMidnight,org.joda.time
getChronology,repos/Time-27f/src/main/java/org/joda/time/DateMidnight.java,DateMidnight,org.joda.time
getDateMidnight,repos/Time-27f/src/main/java/org/joda/time/DateMidnight.java,DateMidnight,org.joda.time
addToCopy,repos/Time-27f/src/main/java/org/joda/time/DateMidnight.java,DateMidnight,org.joda.time
addToCopy,repos/Time-27f/src/main/java/org/joda/time/DateMidnight.java,DateMidnight,org.joda.time
addWrapFieldToCopy,repos/Time-27f/src/main/java/org/joda/time/DateMidnight.java,DateMidnight,org.joda.time
setCopy,repos/Time-27f/src/main/java/org/joda/time/DateMidnight.java,DateMidnight,org.joda.time
setCopy,repos/Time-27f/src/main/java/org/joda/time/DateMidnight.java,DateMidnight,org.joda.time
setCopy,repos/Time-27f/src/main/java/org/joda/time/DateMidnight.java,DateMidnight,org.joda.time
withMaximumValue,repos/Time-27f/src/main/java/org/joda/time/DateMidnight.java,DateMidnight,org.joda.time
withMinimumValue,repos/Time-27f/src/main/java/org/joda/time/DateMidnight.java,DateMidnight,org.joda.time
roundFloorCopy,repos/Time-27f/src/main/java/org/joda/time/DateMidnight.java,DateMidnight,org.joda.time
roundCeilingCopy,repos/Time-27f/src/main/java/org/joda/time/DateMidnight.java,DateMidnight,org.joda.time
roundHalfFloorCopy,repos/Time-27f/src/main/java/org/joda/time/DateMidnight.java,DateMidnight,org.joda.time
roundHalfCeilingCopy,repos/Time-27f/src/main/java/org/joda/time/DateMidnight.java,DateMidnight,org.joda.time
roundHalfEvenCopy,repos/Time-27f/src/main/java/org/joda/time/DateMidnight.java,DateMidnight,org.joda.time
writeObject,repos/Time-27f/src/main/java/org/joda/time/DateMidnight.java,Property,org.joda.time
readObject,repos/Time-27f/src/main/java/org/joda/time/DateMidnight.java,Property,org.joda.time
getField,repos/Time-27f/src/main/java/org/joda/time/DateMidnight.java,Property,org.joda.time
getMillis,repos/Time-27f/src/main/java/org/joda/time/DateMidnight.java,Property,org.joda.time
getChronology,repos/Time-27f/src/main/java/org/joda/time/DateMidnight.java,Property,org.joda.time
getDateMidnight,repos/Time-27f/src/main/java/org/joda/time/DateMidnight.java,Property,org.joda.time
addToCopy,repos/Time-27f/src/main/java/org/joda/time/DateMidnight.java,Property,org.joda.time
addToCopy,repos/Time-27f/src/main/java/org/joda/time/DateMidnight.java,Property,org.joda.time
addWrapFieldToCopy,repos/Time-27f/src/main/java/org/joda/time/DateMidnight.java,Property,org.joda.time
setCopy,repos/Time-27f/src/main/java/org/joda/time/DateMidnight.java,Property,org.joda.time
setCopy,repos/Time-27f/src/main/java/org/joda/time/DateMidnight.java,Property,org.joda.time
setCopy,repos/Time-27f/src/main/java/org/joda/time/DateMidnight.java,Property,org.joda.time
withMaximumValue,repos/Time-27f/src/main/java/org/joda/time/DateMidnight.java,Property,org.joda.time
withMinimumValue,repos/Time-27f/src/main/java/org/joda/time/DateMidnight.java,Property,org.joda.time
roundFloorCopy,repos/Time-27f/src/main/java/org/joda/time/DateMidnight.java,Property,org.joda.time
roundCeilingCopy,repos/Time-27f/src/main/java/org/joda/time/DateMidnight.java,Property,org.joda.time
roundHalfFloorCopy,repos/Time-27f/src/main/java/org/joda/time/DateMidnight.java,Property,org.joda.time
roundHalfCeilingCopy,repos/Time-27f/src/main/java/org/joda/time/DateMidnight.java,Property,org.joda.time
roundHalfEvenCopy,repos/Time-27f/src/main/java/org/joda/time/DateMidnight.java,Property,org.joda.time
getType,repos/Time-27f/src/main/java/org/joda/time/DateTimeField.java,DateTimeField,org.joda.time
getName,repos/Time-27f/src/main/java/org/joda/time/DateTimeField.java,DateTimeField,org.joda.time
isSupported,repos/Time-27f/src/main/java/org/joda/time/DateTimeField.java,DateTimeField,org.joda.time
isLenient,repos/Time-27f/src/main/java/org/joda/time/DateTimeField.java,DateTimeField,org.joda.time
get,repos/Time-27f/src/main/java/org/joda/time/DateTimeField.java,DateTimeField,org.joda.time
getAsText,repos/Time-27f/src/main/java/org/joda/time/DateTimeField.java,DateTimeField,org.joda.time
getAsText,repos/Time-27f/src/main/java/org/joda/time/DateTimeField.java,DateTimeField,org.joda.time
getAsText,repos/Time-27f/src/main/java/org/joda/time/DateTimeField.java,DateTimeField,org.joda.time
getAsText,repos/Time-27f/src/main/java/org/joda/time/DateTimeField.java,DateTimeField,org.joda.time
getAsText,repos/Time-27f/src/main/java/org/joda/time/DateTimeField.java,DateTimeField,org.joda.time
getAsShortText,repos/Time-27f/src/main/java/org/joda/time/DateTimeField.java,DateTimeField,org.joda.time
getAsShortText,repos/Time-27f/src/main/java/org/joda/time/DateTimeField.java,DateTimeField,org.joda.time
getAsShortText,repos/Time-27f/src/main/java/org/joda/time/DateTimeField.java,DateTimeField,org.joda.time
getAsShortText,repos/Time-27f/src/main/java/org/joda/time/DateTimeField.java,DateTimeField,org.joda.time
getAsShortText,repos/Time-27f/src/main/java/org/joda/time/DateTimeField.java,DateTimeField,org.joda.time
add,repos/Time-27f/src/main/java/org/joda/time/DateTimeField.java,DateTimeField,org.joda.time
add,repos/Time-27f/src/main/java/org/joda/time/DateTimeField.java,DateTimeField,org.joda.time
add,repos/Time-27f/src/main/java/org/joda/time/DateTimeField.java,DateTimeField,org.joda.time
addWrapPartial,repos/Time-27f/src/main/java/org/joda/time/DateTimeField.java,DateTimeField,org.joda.time
addWrapField,repos/Time-27f/src/main/java/org/joda/time/DateTimeField.java,DateTimeField,org.joda.time
addWrapField,repos/Time-27f/src/main/java/org/joda/time/DateTimeField.java,DateTimeField,org.joda.time
getDifference,repos/Time-27f/src/main/java/org/joda/time/DateTimeField.java,DateTimeField,org.joda.time
getDifferenceAsLong,repos/Time-27f/src/main/java/org/joda/time/DateTimeField.java,DateTimeField,org.joda.time
set,repos/Time-27f/src/main/java/org/joda/time/DateTimeField.java,DateTimeField,org.joda.time
set,repos/Time-27f/src/main/java/org/joda/time/DateTimeField.java,DateTimeField,org.joda.time
set,repos/Time-27f/src/main/java/org/joda/time/DateTimeField.java,DateTimeField,org.joda.time
set,repos/Time-27f/src/main/java/org/joda/time/DateTimeField.java,DateTimeField,org.joda.time
set,repos/Time-27f/src/main/java/org/joda/time/DateTimeField.java,DateTimeField,org.joda.time
getDurationField,repos/Time-27f/src/main/java/org/joda/time/DateTimeField.java,DateTimeField,org.joda.time
getRangeDurationField,repos/Time-27f/src/main/java/org/joda/time/DateTimeField.java,DateTimeField,org.joda.time
isLeap,repos/Time-27f/src/main/java/org/joda/time/DateTimeField.java,DateTimeField,org.joda.time
getLeapAmount,repos/Time-27f/src/main/java/org/joda/time/DateTimeField.java,DateTimeField,org.joda.time
getLeapDurationField,repos/Time-27f/src/main/java/org/joda/time/DateTimeField.java,DateTimeField,org.joda.time
getMinimumValue,repos/Time-27f/src/main/java/org/joda/time/DateTimeField.java,DateTimeField,org.joda.time
getMinimumValue,repos/Time-27f/src/main/java/org/joda/time/DateTimeField.java,DateTimeField,org.joda.time
getMinimumValue,repos/Time-27f/src/main/java/org/joda/time/DateTimeField.java,DateTimeField,org.joda.time
getMinimumValue,repos/Time-27f/src/main/java/org/joda/time/DateTimeField.java,DateTimeField,org.joda.time
getMaximumValue,repos/Time-27f/src/main/java/org/joda/time/DateTimeField.java,DateTimeField,org.joda.time
getMaximumValue,repos/Time-27f/src/main/java/org/joda/time/DateTimeField.java,DateTimeField,org.joda.time
getMaximumValue,repos/Time-27f/src/main/java/org/joda/time/DateTimeField.java,DateTimeField,org.joda.time
getMaximumValue,repos/Time-27f/src/main/java/org/joda/time/DateTimeField.java,DateTimeField,org.joda.time
getMaximumTextLength,repos/Time-27f/src/main/java/org/joda/time/DateTimeField.java,DateTimeField,org.joda.time
getMaximumShortTextLength,repos/Time-27f/src/main/java/org/joda/time/DateTimeField.java,DateTimeField,org.joda.time
roundFloor,repos/Time-27f/src/main/java/org/joda/time/DateTimeField.java,DateTimeField,org.joda.time
roundCeiling,repos/Time-27f/src/main/java/org/joda/time/DateTimeField.java,DateTimeField,org.joda.time
roundHalfFloor,repos/Time-27f/src/main/java/org/joda/time/DateTimeField.java,DateTimeField,org.joda.time
roundHalfCeiling,repos/Time-27f/src/main/java/org/joda/time/DateTimeField.java,DateTimeField,org.joda.time
roundHalfEven,repos/Time-27f/src/main/java/org/joda/time/DateTimeField.java,DateTimeField,org.joda.time
remainder,repos/Time-27f/src/main/java/org/joda/time/DateTimeField.java,DateTimeField,org.joda.time
standard,repos/Time-27f/src/main/java/org/joda/time/PeriodType.java,PeriodType,org.joda.time
yearMonthDayTime,repos/Time-27f/src/main/java/org/joda/time/PeriodType.java,PeriodType,org.joda.time
yearMonthDay,repos/Time-27f/src/main/java/org/joda/time/PeriodType.java,PeriodType,org.joda.time
yearWeekDayTime,repos/Time-27f/src/main/java/org/joda/time/PeriodType.java,PeriodType,org.joda.time
yearWeekDay,repos/Time-27f/src/main/java/org/joda/time/PeriodType.java,PeriodType,org.joda.time
yearDayTime,repos/Time-27f/src/main/java/org/joda/time/PeriodType.java,PeriodType,org.joda.time
yearDay,repos/Time-27f/src/main/java/org/joda/time/PeriodType.java,PeriodType,org.joda.time
dayTime,repos/Time-27f/src/main/java/org/joda/time/PeriodType.java,PeriodType,org.joda.time
time,repos/Time-27f/src/main/java/org/joda/time/PeriodType.java,PeriodType,org.joda.time
years,repos/Time-27f/src/main/java/org/joda/time/PeriodType.java,PeriodType,org.joda.time
months,repos/Time-27f/src/main/java/org/joda/time/PeriodType.java,PeriodType,org.joda.time
weeks,repos/Time-27f/src/main/java/org/joda/time/PeriodType.java,PeriodType,org.joda.time
days,repos/Time-27f/src/main/java/org/joda/time/PeriodType.java,PeriodType,org.joda.time
hours,repos/Time-27f/src/main/java/org/joda/time/PeriodType.java,PeriodType,org.joda.time
minutes,repos/Time-27f/src/main/java/org/joda/time/PeriodType.java,PeriodType,org.joda.time
seconds,repos/Time-27f/src/main/java/org/joda/time/PeriodType.java,PeriodType,org.joda.time
millis,repos/Time-27f/src/main/java/org/joda/time/PeriodType.java,PeriodType,org.joda.time
forFields,repos/Time-27f/src/main/java/org/joda/time/PeriodType.java,PeriodType,org.joda.time
getName,repos/Time-27f/src/main/java/org/joda/time/PeriodType.java,PeriodType,org.joda.time
size,repos/Time-27f/src/main/java/org/joda/time/PeriodType.java,PeriodType,org.joda.time
getFieldType,repos/Time-27f/src/main/java/org/joda/time/PeriodType.java,PeriodType,org.joda.time
isSupported,repos/Time-27f/src/main/java/org/joda/time/PeriodType.java,PeriodType,org.joda.time
indexOf,repos/Time-27f/src/main/java/org/joda/time/PeriodType.java,PeriodType,org.joda.time
getIndexedField,repos/Time-27f/src/main/java/org/joda/time/PeriodType.java,PeriodType,org.joda.time
setIndexedField,repos/Time-27f/src/main/java/org/joda/time/PeriodType.java,PeriodType,org.joda.time
addIndexedField,repos/Time-27f/src/main/java/org/joda/time/PeriodType.java,PeriodType,org.joda.time
withYearsRemoved,repos/Time-27f/src/main/java/org/joda/time/PeriodType.java,PeriodType,org.joda.time
withMonthsRemoved,repos/Time-27f/src/main/java/org/joda/time/PeriodType.java,PeriodType,org.joda.time
withWeeksRemoved,repos/Time-27f/src/main/java/org/joda/time/PeriodType.java,PeriodType,org.joda.time
withDaysRemoved,repos/Time-27f/src/main/java/org/joda/time/PeriodType.java,PeriodType,org.joda.time
withHoursRemoved,repos/Time-27f/src/main/java/org/joda/time/PeriodType.java,PeriodType,org.joda.time
withMinutesRemoved,repos/Time-27f/src/main/java/org/joda/time/PeriodType.java,PeriodType,org.joda.time
withSecondsRemoved,repos/Time-27f/src/main/java/org/joda/time/PeriodType.java,PeriodType,org.joda.time
withMillisRemoved,repos/Time-27f/src/main/java/org/joda/time/PeriodType.java,PeriodType,org.joda.time
withFieldRemoved,repos/Time-27f/src/main/java/org/joda/time/PeriodType.java,PeriodType,org.joda.time
toInstant,repos/Time-27f/src/main/java/org/joda/time/Instant.java,Instant,org.joda.time
withMillis,repos/Time-27f/src/main/java/org/joda/time/Instant.java,Instant,org.joda.time
withDurationAdded,repos/Time-27f/src/main/java/org/joda/time/Instant.java,Instant,org.joda.time
withDurationAdded,repos/Time-27f/src/main/java/org/joda/time/Instant.java,Instant,org.joda.time
plus,repos/Time-27f/src/main/java/org/joda/time/Instant.java,Instant,org.joda.time
plus,repos/Time-27f/src/main/java/org/joda/time/Instant.java,Instant,org.joda.time
minus,repos/Time-27f/src/main/java/org/joda/time/Instant.java,Instant,org.joda.time
minus,repos/Time-27f/src/main/java/org/joda/time/Instant.java,Instant,org.joda.time
getMillis,repos/Time-27f/src/main/java/org/joda/time/Instant.java,Instant,org.joda.time
getChronology,repos/Time-27f/src/main/java/org/joda/time/Instant.java,Instant,org.joda.time
toDateTime,repos/Time-27f/src/main/java/org/joda/time/Instant.java,Instant,org.joda.time
toDateTimeISO,repos/Time-27f/src/main/java/org/joda/time/Instant.java,Instant,org.joda.time
toMutableDateTime,repos/Time-27f/src/main/java/org/joda/time/Instant.java,Instant,org.joda.time
toMutableDateTimeISO,repos/Time-27f/src/main/java/org/joda/time/Instant.java,Instant,org.joda.time
getInstanceUTC,repos/Time-27f/src/main/java/org/joda/time/chrono/GregorianChronology.java,GregorianChronology,org.joda.time.chrono
getInstance,repos/Time-27f/src/main/java/org/joda/time/chrono/GregorianChronology.java,GregorianChronology,org.joda.time.chrono
getInstance,repos/Time-27f/src/main/java/org/joda/time/chrono/GregorianChronology.java,GregorianChronology,org.joda.time.chrono
getInstance,repos/Time-27f/src/main/java/org/joda/time/chrono/GregorianChronology.java,GregorianChronology,org.joda.time.chrono
readResolve,repos/Time-27f/src/main/java/org/joda/time/chrono/GregorianChronology.java,GregorianChronology,org.joda.time.chrono
withUTC,repos/Time-27f/src/main/java/org/joda/time/chrono/GregorianChronology.java,GregorianChronology,org.joda.time.chrono
withZone,repos/Time-27f/src/main/java/org/joda/time/chrono/GregorianChronology.java,GregorianChronology,org.joda.time.chrono
assemble,repos/Time-27f/src/main/java/org/joda/time/chrono/GregorianChronology.java,GregorianChronology,org.joda.time.chrono
isLeapYear,repos/Time-27f/src/main/java/org/joda/time/chrono/GregorianChronology.java,GregorianChronology,org.joda.time.chrono
calculateFirstDayOfYearMillis,repos/Time-27f/src/main/java/org/joda/time/chrono/GregorianChronology.java,GregorianChronology,org.joda.time.chrono
getMinYear,repos/Time-27f/src/main/java/org/joda/time/chrono/GregorianChronology.java,GregorianChronology,org.joda.time.chrono
getMaxYear,repos/Time-27f/src/main/java/org/joda/time/chrono/GregorianChronology.java,GregorianChronology,org.joda.time.chrono
getAverageMillisPerYear,repos/Time-27f/src/main/java/org/joda/time/chrono/GregorianChronology.java,GregorianChronology,org.joda.time.chrono
getAverageMillisPerYearDividedByTwo,repos/Time-27f/src/main/java/org/joda/time/chrono/GregorianChronology.java,GregorianChronology,org.joda.time.chrono
getAverageMillisPerMonth,repos/Time-27f/src/main/java/org/joda/time/chrono/GregorianChronology.java,GregorianChronology,org.joda.time.chrono
getApproxMillisAtEpochDividedByTwo,repos/Time-27f/src/main/java/org/joda/time/chrono/GregorianChronology.java,GregorianChronology,org.joda.time.chrono
forLocale,repos/Time-27f/src/main/java/org/joda/time/chrono/GJLocaleSymbols.java,GJLocaleSymbols,org.joda.time.chrono
realignMonths,repos/Time-27f/src/main/java/org/joda/time/chrono/GJLocaleSymbols.java,GJLocaleSymbols,org.joda.time.chrono
realignDaysOfWeek,repos/Time-27f/src/main/java/org/joda/time/chrono/GJLocaleSymbols.java,GJLocaleSymbols,org.joda.time.chrono
addSymbols,repos/Time-27f/src/main/java/org/joda/time/chrono/GJLocaleSymbols.java,GJLocaleSymbols,org.joda.time.chrono
addNumerals,repos/Time-27f/src/main/java/org/joda/time/chrono/GJLocaleSymbols.java,GJLocaleSymbols,org.joda.time.chrono
maxLength,repos/Time-27f/src/main/java/org/joda/time/chrono/GJLocaleSymbols.java,GJLocaleSymbols,org.joda.time.chrono
eraValueToText,repos/Time-27f/src/main/java/org/joda/time/chrono/GJLocaleSymbols.java,GJLocaleSymbols,org.joda.time.chrono
eraTextToValue,repos/Time-27f/src/main/java/org/joda/time/chrono/GJLocaleSymbols.java,GJLocaleSymbols,org.joda.time.chrono
getEraMaxTextLength,repos/Time-27f/src/main/java/org/joda/time/chrono/GJLocaleSymbols.java,GJLocaleSymbols,org.joda.time.chrono
monthOfYearValueToText,repos/Time-27f/src/main/java/org/joda/time/chrono/GJLocaleSymbols.java,GJLocaleSymbols,org.joda.time.chrono
monthOfYearValueToShortText,repos/Time-27f/src/main/java/org/joda/time/chrono/GJLocaleSymbols.java,GJLocaleSymbols,org.joda.time.chrono
monthOfYearTextToValue,repos/Time-27f/src/main/java/org/joda/time/chrono/GJLocaleSymbols.java,GJLocaleSymbols,org.joda.time.chrono
getMonthMaxTextLength,repos/Time-27f/src/main/java/org/joda/time/chrono/GJLocaleSymbols.java,GJLocaleSymbols,org.joda.time.chrono
getMonthMaxShortTextLength,repos/Time-27f/src/main/java/org/joda/time/chrono/GJLocaleSymbols.java,GJLocaleSymbols,org.joda.time.chrono
dayOfWeekValueToText,repos/Time-27f/src/main/java/org/joda/time/chrono/GJLocaleSymbols.java,GJLocaleSymbols,org.joda.time.chrono
dayOfWeekValueToShortText,repos/Time-27f/src/main/java/org/joda/time/chrono/GJLocaleSymbols.java,GJLocaleSymbols,org.joda.time.chrono
dayOfWeekTextToValue,repos/Time-27f/src/main/java/org/joda/time/chrono/GJLocaleSymbols.java,GJLocaleSymbols,org.joda.time.chrono
getDayOfWeekMaxTextLength,repos/Time-27f/src/main/java/org/joda/time/chrono/GJLocaleSymbols.java,GJLocaleSymbols,org.joda.time.chrono
getDayOfWeekMaxShortTextLength,repos/Time-27f/src/main/java/org/joda/time/chrono/GJLocaleSymbols.java,GJLocaleSymbols,org.joda.time.chrono
halfdayValueToText,repos/Time-27f/src/main/java/org/joda/time/chrono/GJLocaleSymbols.java,GJLocaleSymbols,org.joda.time.chrono
halfdayTextToValue,repos/Time-27f/src/main/java/org/joda/time/chrono/GJLocaleSymbols.java,GJLocaleSymbols,org.joda.time.chrono
getHalfdayMaxTextLength,repos/Time-27f/src/main/java/org/joda/time/chrono/GJLocaleSymbols.java,GJLocaleSymbols,org.joda.time.chrono
isLenient,repos/Time-27f/src/main/java/org/joda/time/chrono/BasicYearDateTimeField.java,BasicYearDateTimeField,org.joda.time.chrono
get,repos/Time-27f/src/main/java/org/joda/time/chrono/BasicYearDateTimeField.java,BasicYearDateTimeField,org.joda.time.chrono
add,repos/Time-27f/src/main/java/org/joda/time/chrono/BasicYearDateTimeField.java,BasicYearDateTimeField,org.joda.time.chrono
add,repos/Time-27f/src/main/java/org/joda/time/chrono/BasicYearDateTimeField.java,BasicYearDateTimeField,org.joda.time.chrono
addWrapField,repos/Time-27f/src/main/java/org/joda/time/chrono/BasicYearDateTimeField.java,BasicYearDateTimeField,org.joda.time.chrono
set,repos/Time-27f/src/main/java/org/joda/time/chrono/BasicYearDateTimeField.java,BasicYearDateTimeField,org.joda.time.chrono
getDifferenceAsLong,repos/Time-27f/src/main/java/org/joda/time/chrono/BasicYearDateTimeField.java,BasicYearDateTimeField,org.joda.time.chrono
getRangeDurationField,repos/Time-27f/src/main/java/org/joda/time/chrono/BasicYearDateTimeField.java,BasicYearDateTimeField,org.joda.time.chrono
isLeap,repos/Time-27f/src/main/java/org/joda/time/chrono/BasicYearDateTimeField.java,BasicYearDateTimeField,org.joda.time.chrono
getLeapAmount,repos/Time-27f/src/main/java/org/joda/time/chrono/BasicYearDateTimeField.java,BasicYearDateTimeField,org.joda.time.chrono
getLeapDurationField,repos/Time-27f/src/main/java/org/joda/time/chrono/BasicYearDateTimeField.java,BasicYearDateTimeField,org.joda.time.chrono
getMinimumValue,repos/Time-27f/src/main/java/org/joda/time/chrono/BasicYearDateTimeField.java,BasicYearDateTimeField,org.joda.time.chrono
getMaximumValue,repos/Time-27f/src/main/java/org/joda/time/chrono/BasicYearDateTimeField.java,BasicYearDateTimeField,org.joda.time.chrono
roundFloor,repos/Time-27f/src/main/java/org/joda/time/chrono/BasicYearDateTimeField.java,BasicYearDateTimeField,org.joda.time.chrono
roundCeiling,repos/Time-27f/src/main/java/org/joda/time/chrono/BasicYearDateTimeField.java,BasicYearDateTimeField,org.joda.time.chrono
remainder,repos/Time-27f/src/main/java/org/joda/time/chrono/BasicYearDateTimeField.java,BasicYearDateTimeField,org.joda.time.chrono
readResolve,repos/Time-27f/src/main/java/org/joda/time/chrono/BasicYearDateTimeField.java,BasicYearDateTimeField,org.joda.time.chrono
isLenient,repos/Time-27f/src/main/java/org/joda/time/chrono/BasicWeekyearDateTimeField.java,BasicWeekyearDateTimeField,org.joda.time.chrono
get,repos/Time-27f/src/main/java/org/joda/time/chrono/BasicWeekyearDateTimeField.java,BasicWeekyearDateTimeField,org.joda.time.chrono
add,repos/Time-27f/src/main/java/org/joda/time/chrono/BasicWeekyearDateTimeField.java,BasicWeekyearDateTimeField,org.joda.time.chrono
add,repos/Time-27f/src/main/java/org/joda/time/chrono/BasicWeekyearDateTimeField.java,BasicWeekyearDateTimeField,org.joda.time.chrono
addWrapField,repos/Time-27f/src/main/java/org/joda/time/chrono/BasicWeekyearDateTimeField.java,BasicWeekyearDateTimeField,org.joda.time.chrono
getDifferenceAsLong,repos/Time-27f/src/main/java/org/joda/time/chrono/BasicWeekyearDateTimeField.java,BasicWeekyearDateTimeField,org.joda.time.chrono
set,repos/Time-27f/src/main/java/org/joda/time/chrono/BasicWeekyearDateTimeField.java,BasicWeekyearDateTimeField,org.joda.time.chrono
getRangeDurationField,repos/Time-27f/src/main/java/org/joda/time/chrono/BasicWeekyearDateTimeField.java,BasicWeekyearDateTimeField,org.joda.time.chrono
isLeap,repos/Time-27f/src/main/java/org/joda/time/chrono/BasicWeekyearDateTimeField.java,BasicWeekyearDateTimeField,org.joda.time.chrono
getLeapAmount,repos/Time-27f/src/main/java/org/joda/time/chrono/BasicWeekyearDateTimeField.java,BasicWeekyearDateTimeField,org.joda.time.chrono
getLeapDurationField,repos/Time-27f/src/main/java/org/joda/time/chrono/BasicWeekyearDateTimeField.java,BasicWeekyearDateTimeField,org.joda.time.chrono
getMinimumValue,repos/Time-27f/src/main/java/org/joda/time/chrono/BasicWeekyearDateTimeField.java,BasicWeekyearDateTimeField,org.joda.time.chrono
getMaximumValue,repos/Time-27f/src/main/java/org/joda/time/chrono/BasicWeekyearDateTimeField.java,BasicWeekyearDateTimeField,org.joda.time.chrono
roundFloor,repos/Time-27f/src/main/java/org/joda/time/chrono/BasicWeekyearDateTimeField.java,BasicWeekyearDateTimeField,org.joda.time.chrono
remainder,repos/Time-27f/src/main/java/org/joda/time/chrono/BasicWeekyearDateTimeField.java,BasicWeekyearDateTimeField,org.joda.time.chrono
readResolve,repos/Time-27f/src/main/java/org/joda/time/chrono/BasicWeekyearDateTimeField.java,BasicWeekyearDateTimeField,org.joda.time.chrono
isLenient,repos/Time-27f/src/main/java/org/joda/time/chrono/GJEraDateTimeField.java,GJEraDateTimeField,org.joda.time.chrono
get,repos/Time-27f/src/main/java/org/joda/time/chrono/GJEraDateTimeField.java,GJEraDateTimeField,org.joda.time.chrono
getAsText,repos/Time-27f/src/main/java/org/joda/time/chrono/GJEraDateTimeField.java,GJEraDateTimeField,org.joda.time.chrono
set,repos/Time-27f/src/main/java/org/joda/time/chrono/GJEraDateTimeField.java,GJEraDateTimeField,org.joda.time.chrono
set,repos/Time-27f/src/main/java/org/joda/time/chrono/GJEraDateTimeField.java,GJEraDateTimeField,org.joda.time.chrono
roundFloor,repos/Time-27f/src/main/java/org/joda/time/chrono/GJEraDateTimeField.java,GJEraDateTimeField,org.joda.time.chrono
roundCeiling,repos/Time-27f/src/main/java/org/joda/time/chrono/GJEraDateTimeField.java,GJEraDateTimeField,org.joda.time.chrono
roundHalfFloor,repos/Time-27f/src/main/java/org/joda/time/chrono/GJEraDateTimeField.java,GJEraDateTimeField,org.joda.time.chrono
roundHalfCeiling,repos/Time-27f/src/main/java/org/joda/time/chrono/GJEraDateTimeField.java,GJEraDateTimeField,org.joda.time.chrono
roundHalfEven,repos/Time-27f/src/main/java/org/joda/time/chrono/GJEraDateTimeField.java,GJEraDateTimeField,org.joda.time.chrono
getDurationField,repos/Time-27f/src/main/java/org/joda/time/chrono/GJEraDateTimeField.java,GJEraDateTimeField,org.joda.time.chrono
getRangeDurationField,repos/Time-27f/src/main/java/org/joda/time/chrono/GJEraDateTimeField.java,GJEraDateTimeField,org.joda.time.chrono
getMinimumValue,repos/Time-27f/src/main/java/org/joda/time/chrono/GJEraDateTimeField.java,GJEraDateTimeField,org.joda.time.chrono
getMaximumValue,repos/Time-27f/src/main/java/org/joda/time/chrono/GJEraDateTimeField.java,GJEraDateTimeField,org.joda.time.chrono
getMaximumTextLength,repos/Time-27f/src/main/java/org/joda/time/chrono/GJEraDateTimeField.java,GJEraDateTimeField,org.joda.time.chrono
readResolve,repos/Time-27f/src/main/java/org/joda/time/chrono/GJEraDateTimeField.java,GJEraDateTimeField,org.joda.time.chrono
getZone,repos/Time-27f/src/main/java/org/joda/time/chrono/BasicChronology.java,BasicChronology,org.joda.time.chrono
getDateTimeMillis,repos/Time-27f/src/main/java/org/joda/time/chrono/BasicChronology.java,BasicChronology,org.joda.time.chrono
getDateTimeMillis,repos/Time-27f/src/main/java/org/joda/time/chrono/BasicChronology.java,BasicChronology,org.joda.time.chrono
getMinimumDaysInFirstWeek,repos/Time-27f/src/main/java/org/joda/time/chrono/BasicChronology.java,BasicChronology,org.joda.time.chrono
equals,repos/Time-27f/src/main/java/org/joda/time/chrono/BasicChronology.java,BasicChronology,org.joda.time.chrono
hashCode,repos/Time-27f/src/main/java/org/joda/time/chrono/BasicChronology.java,BasicChronology,org.joda.time.chrono
toString,repos/Time-27f/src/main/java/org/joda/time/chrono/BasicChronology.java,BasicChronology,org.joda.time.chrono
assemble,repos/Time-27f/src/main/java/org/joda/time/chrono/BasicChronology.java,BasicChronology,org.joda.time.chrono
getDaysInYearMax,repos/Time-27f/src/main/java/org/joda/time/chrono/BasicChronology.java,BasicChronology,org.joda.time.chrono
getDaysInYear,repos/Time-27f/src/main/java/org/joda/time/chrono/BasicChronology.java,BasicChronology,org.joda.time.chrono
getWeeksInYear,repos/Time-27f/src/main/java/org/joda/time/chrono/BasicChronology.java,BasicChronology,org.joda.time.chrono
getFirstWeekOfYearMillis,repos/Time-27f/src/main/java/org/joda/time/chrono/BasicChronology.java,BasicChronology,org.joda.time.chrono
getYearMillis,repos/Time-27f/src/main/java/org/joda/time/chrono/BasicChronology.java,BasicChronology,org.joda.time.chrono
getYearMonthMillis,repos/Time-27f/src/main/java/org/joda/time/chrono/BasicChronology.java,BasicChronology,org.joda.time.chrono
getYearMonthDayMillis,repos/Time-27f/src/main/java/org/joda/time/chrono/BasicChronology.java,BasicChronology,org.joda.time.chrono
getYear,repos/Time-27f/src/main/java/org/joda/time/chrono/BasicChronology.java,BasicChronology,org.joda.time.chrono
getMonthOfYear,repos/Time-27f/src/main/java/org/joda/time/chrono/BasicChronology.java,BasicChronology,org.joda.time.chrono
getMonthOfYear,repos/Time-27f/src/main/java/org/joda/time/chrono/BasicChronology.java,BasicChronology,org.joda.time.chrono
getDayOfMonth,repos/Time-27f/src/main/java/org/joda/time/chrono/BasicChronology.java,BasicChronology,org.joda.time.chrono
getDayOfMonth,repos/Time-27f/src/main/java/org/joda/time/chrono/BasicChronology.java,BasicChronology,org.joda.time.chrono
getDayOfMonth,repos/Time-27f/src/main/java/org/joda/time/chrono/BasicChronology.java,BasicChronology,org.joda.time.chrono
getDayOfYear,repos/Time-27f/src/main/java/org/joda/time/chrono/BasicChronology.java,BasicChronology,org.joda.time.chrono
getDayOfYear,repos/Time-27f/src/main/java/org/joda/time/chrono/BasicChronology.java,BasicChronology,org.joda.time.chrono
getWeekyear,repos/Time-27f/src/main/java/org/joda/time/chrono/BasicChronology.java,BasicChronology,org.joda.time.chrono
getWeekOfWeekyear,repos/Time-27f/src/main/java/org/joda/time/chrono/BasicChronology.java,BasicChronology,org.joda.time.chrono
getWeekOfWeekyear,repos/Time-27f/src/main/java/org/joda/time/chrono/BasicChronology.java,BasicChronology,org.joda.time.chrono
getDayOfWeek,repos/Time-27f/src/main/java/org/joda/time/chrono/BasicChronology.java,BasicChronology,org.joda.time.chrono
getMillisOfDay,repos/Time-27f/src/main/java/org/joda/time/chrono/BasicChronology.java,BasicChronology,org.joda.time.chrono
getDaysInMonthMax,repos/Time-27f/src/main/java/org/joda/time/chrono/BasicChronology.java,BasicChronology,org.joda.time.chrono
getDaysInMonthMax,repos/Time-27f/src/main/java/org/joda/time/chrono/BasicChronology.java,BasicChronology,org.joda.time.chrono
getDaysInMonthMaxForSet,repos/Time-27f/src/main/java/org/joda/time/chrono/BasicChronology.java,BasicChronology,org.joda.time.chrono
getDateMidnightMillis,repos/Time-27f/src/main/java/org/joda/time/chrono/BasicChronology.java,BasicChronology,org.joda.time.chrono
getYearDifference,repos/Time-27f/src/main/java/org/joda/time/chrono/BasicChronology.java,BasicChronology,org.joda.time.chrono
isLeapYear,repos/Time-27f/src/main/java/org/joda/time/chrono/BasicChronology.java,BasicChronology,org.joda.time.chrono
getDaysInYearMonth,repos/Time-27f/src/main/java/org/joda/time/chrono/BasicChronology.java,BasicChronology,org.joda.time.chrono
getDaysInMonthMax,repos/Time-27f/src/main/java/org/joda/time/chrono/BasicChronology.java,BasicChronology,org.joda.time.chrono
getTotalMillisByYearMonth,repos/Time-27f/src/main/java/org/joda/time/chrono/BasicChronology.java,BasicChronology,org.joda.time.chrono
calculateFirstDayOfYearMillis,repos/Time-27f/src/main/java/org/joda/time/chrono/BasicChronology.java,BasicChronology,org.joda.time.chrono
getMinYear,repos/Time-27f/src/main/java/org/joda/time/chrono/BasicChronology.java,BasicChronology,org.joda.time.chrono
getMaxYear,repos/Time-27f/src/main/java/org/joda/time/chrono/BasicChronology.java,BasicChronology,org.joda.time.chrono
getMaxMonth,repos/Time-27f/src/main/java/org/joda/time/chrono/BasicChronology.java,BasicChronology,org.joda.time.chrono
getMaxMonth,repos/Time-27f/src/main/java/org/joda/time/chrono/BasicChronology.java,BasicChronology,org.joda.time.chrono
getAverageMillisPerYear,repos/Time-27f/src/main/java/org/joda/time/chrono/BasicChronology.java,BasicChronology,org.joda.time.chrono
getAverageMillisPerYearDividedByTwo,repos/Time-27f/src/main/java/org/joda/time/chrono/BasicChronology.java,BasicChronology,org.joda.time.chrono
getAverageMillisPerMonth,repos/Time-27f/src/main/java/org/joda/time/chrono/BasicChronology.java,BasicChronology,org.joda.time.chrono
getApproxMillisAtEpochDividedByTwo,repos/Time-27f/src/main/java/org/joda/time/chrono/BasicChronology.java,BasicChronology,org.joda.time.chrono
setYear,repos/Time-27f/src/main/java/org/joda/time/chrono/BasicChronology.java,BasicChronology,org.joda.time.chrono
getYearInfo,repos/Time-27f/src/main/java/org/joda/time/chrono/BasicChronology.java,BasicChronology,org.joda.time.chrono
getAsText,repos/Time-27f/src/main/java/org/joda/time/chrono/BasicChronology.java,BasicChronology,org.joda.time.chrono
set,repos/Time-27f/src/main/java/org/joda/time/chrono/BasicChronology.java,BasicChronology,org.joda.time.chrono
getMaximumTextLength,repos/Time-27f/src/main/java/org/joda/time/chrono/BasicChronology.java,BasicChronology,org.joda.time.chrono
getAsText,repos/Time-27f/src/main/java/org/joda/time/chrono/BasicChronology.java,HalfdayField,org.joda.time.chrono
set,repos/Time-27f/src/main/java/org/joda/time/chrono/BasicChronology.java,HalfdayField,org.joda.time.chrono
getMaximumTextLength,repos/Time-27f/src/main/java/org/joda/time/chrono/BasicChronology.java,HalfdayField,org.joda.time.chrono
get,repos/Time-27f/src/main/java/org/joda/time/chrono/BasicDayOfYearDateTimeField.java,BasicDayOfYearDateTimeField,org.joda.time.chrono
getRangeDurationField,repos/Time-27f/src/main/java/org/joda/time/chrono/BasicDayOfYearDateTimeField.java,BasicDayOfYearDateTimeField,org.joda.time.chrono
getMinimumValue,repos/Time-27f/src/main/java/org/joda/time/chrono/BasicDayOfYearDateTimeField.java,BasicDayOfYearDateTimeField,org.joda.time.chrono
getMaximumValue,repos/Time-27f/src/main/java/org/joda/time/chrono/BasicDayOfYearDateTimeField.java,BasicDayOfYearDateTimeField,org.joda.time.chrono
getMaximumValue,repos/Time-27f/src/main/java/org/joda/time/chrono/BasicDayOfYearDateTimeField.java,BasicDayOfYearDateTimeField,org.joda.time.chrono
getMaximumValue,repos/Time-27f/src/main/java/org/joda/time/chrono/BasicDayOfYearDateTimeField.java,BasicDayOfYearDateTimeField,org.joda.time.chrono
getMaximumValue,repos/Time-27f/src/main/java/org/joda/time/chrono/BasicDayOfYearDateTimeField.java,BasicDayOfYearDateTimeField,org.joda.time.chrono
getMaximumValueForSet,repos/Time-27f/src/main/java/org/joda/time/chrono/BasicDayOfYearDateTimeField.java,BasicDayOfYearDateTimeField,org.joda.time.chrono
readResolve,repos/Time-27f/src/main/java/org/joda/time/chrono/BasicDayOfYearDateTimeField.java,BasicDayOfYearDateTimeField,org.joda.time.chrono
getInstanceUTC,repos/Time-27f/src/main/java/org/joda/time/chrono/IslamicChronology.java,IslamicChronology,org.joda.time.chrono
getInstance,repos/Time-27f/src/main/java/org/joda/time/chrono/IslamicChronology.java,IslamicChronology,org.joda.time.chrono
getInstance,repos/Time-27f/src/main/java/org/joda/time/chrono/IslamicChronology.java,IslamicChronology,org.joda.time.chrono
getInstance,repos/Time-27f/src/main/java/org/joda/time/chrono/IslamicChronology.java,IslamicChronology,org.joda.time.chrono
readResolve,repos/Time-27f/src/main/java/org/joda/time/chrono/IslamicChronology.java,IslamicChronology,org.joda.time.chrono
getLeapYearPatternType,repos/Time-27f/src/main/java/org/joda/time/chrono/IslamicChronology.java,IslamicChronology,org.joda.time.chrono
withUTC,repos/Time-27f/src/main/java/org/joda/time/chrono/IslamicChronology.java,IslamicChronology,org.joda.time.chrono
withZone,repos/Time-27f/src/main/java/org/joda/time/chrono/IslamicChronology.java,IslamicChronology,org.joda.time.chrono
hashCode,repos/Time-27f/src/main/java/org/joda/time/chrono/IslamicChronology.java,IslamicChronology,org.joda.time.chrono
getYear,repos/Time-27f/src/main/java/org/joda/time/chrono/IslamicChronology.java,IslamicChronology,org.joda.time.chrono
setYear,repos/Time-27f/src/main/java/org/joda/time/chrono/IslamicChronology.java,IslamicChronology,org.joda.time.chrono
getYearDifference,repos/Time-27f/src/main/java/org/joda/time/chrono/IslamicChronology.java,IslamicChronology,org.joda.time.chrono
getTotalMillisByYearMonth,repos/Time-27f/src/main/java/org/joda/time/chrono/IslamicChronology.java,IslamicChronology,org.joda.time.chrono
getDayOfMonth,repos/Time-27f/src/main/java/org/joda/time/chrono/IslamicChronology.java,IslamicChronology,org.joda.time.chrono
isLeapYear,repos/Time-27f/src/main/java/org/joda/time/chrono/IslamicChronology.java,IslamicChronology,org.joda.time.chrono
getDaysInYearMax,repos/Time-27f/src/main/java/org/joda/time/chrono/IslamicChronology.java,IslamicChronology,org.joda.time.chrono
getDaysInYear,repos/Time-27f/src/main/java/org/joda/time/chrono/IslamicChronology.java,IslamicChronology,org.joda.time.chrono
getDaysInYearMonth,repos/Time-27f/src/main/java/org/joda/time/chrono/IslamicChronology.java,IslamicChronology,org.joda.time.chrono
getDaysInMonthMax,repos/Time-27f/src/main/java/org/joda/time/chrono/IslamicChronology.java,IslamicChronology,org.joda.time.chrono
getDaysInMonthMax,repos/Time-27f/src/main/java/org/joda/time/chrono/IslamicChronology.java,IslamicChronology,org.joda.time.chrono
getMonthOfYear,repos/Time-27f/src/main/java/org/joda/time/chrono/IslamicChronology.java,IslamicChronology,org.joda.time.chrono
getAverageMillisPerYear,repos/Time-27f/src/main/java/org/joda/time/chrono/IslamicChronology.java,IslamicChronology,org.joda.time.chrono
getAverageMillisPerYearDividedByTwo,repos/Time-27f/src/main/java/org/joda/time/chrono/IslamicChronology.java,IslamicChronology,org.joda.time.chrono
getAverageMillisPerMonth,repos/Time-27f/src/main/java/org/joda/time/chrono/IslamicChronology.java,IslamicChronology,org.joda.time.chrono
calculateFirstDayOfYearMillis,repos/Time-27f/src/main/java/org/joda/time/chrono/IslamicChronology.java,IslamicChronology,org.joda.time.chrono
getMinYear,repos/Time-27f/src/main/java/org/joda/time/chrono/IslamicChronology.java,IslamicChronology,org.joda.time.chrono
getMaxYear,repos/Time-27f/src/main/java/org/joda/time/chrono/IslamicChronology.java,IslamicChronology,org.joda.time.chrono
getApproxMillisAtEpochDividedByTwo,repos/Time-27f/src/main/java/org/joda/time/chrono/IslamicChronology.java,IslamicChronology,org.joda.time.chrono
assemble,repos/Time-27f/src/main/java/org/joda/time/chrono/IslamicChronology.java,IslamicChronology,org.joda.time.chrono
isLeapYear,repos/Time-27f/src/main/java/org/joda/time/chrono/IslamicChronology.java,IslamicChronology,org.joda.time.chrono
readResolve,repos/Time-27f/src/main/java/org/joda/time/chrono/IslamicChronology.java,IslamicChronology,org.joda.time.chrono
isLeapYear,repos/Time-27f/src/main/java/org/joda/time/chrono/IslamicChronology.java,LeapYearPatternType,org.joda.time.chrono
readResolve,repos/Time-27f/src/main/java/org/joda/time/chrono/IslamicChronology.java,LeapYearPatternType,org.joda.time.chrono
get,repos/Time-27f/src/main/java/org/joda/time/chrono/ISOYearOfEraDateTimeField.java,ISOYearOfEraDateTimeField,org.joda.time.chrono
add,repos/Time-27f/src/main/java/org/joda/time/chrono/ISOYearOfEraDateTimeField.java,ISOYearOfEraDateTimeField,org.joda.time.chrono
add,repos/Time-27f/src/main/java/org/joda/time/chrono/ISOYearOfEraDateTimeField.java,ISOYearOfEraDateTimeField,org.joda.time.chrono
addWrapField,repos/Time-27f/src/main/java/org/joda/time/chrono/ISOYearOfEraDateTimeField.java,ISOYearOfEraDateTimeField,org.joda.time.chrono
addWrapField,repos/Time-27f/src/main/java/org/joda/time/chrono/ISOYearOfEraDateTimeField.java,ISOYearOfEraDateTimeField,org.joda.time.chrono
getDifference,repos/Time-27f/src/main/java/org/joda/time/chrono/ISOYearOfEraDateTimeField.java,ISOYearOfEraDateTimeField,org.joda.time.chrono
getDifferenceAsLong,repos/Time-27f/src/main/java/org/joda/time/chrono/ISOYearOfEraDateTimeField.java,ISOYearOfEraDateTimeField,org.joda.time.chrono
set,repos/Time-27f/src/main/java/org/joda/time/chrono/ISOYearOfEraDateTimeField.java,ISOYearOfEraDateTimeField,org.joda.time.chrono
getMinimumValue,repos/Time-27f/src/main/java/org/joda/time/chrono/ISOYearOfEraDateTimeField.java,ISOYearOfEraDateTimeField,org.joda.time.chrono
getMaximumValue,repos/Time-27f/src/main/java/org/joda/time/chrono/ISOYearOfEraDateTimeField.java,ISOYearOfEraDateTimeField,org.joda.time.chrono
roundFloor,repos/Time-27f/src/main/java/org/joda/time/chrono/ISOYearOfEraDateTimeField.java,ISOYearOfEraDateTimeField,org.joda.time.chrono
roundCeiling,repos/Time-27f/src/main/java/org/joda/time/chrono/ISOYearOfEraDateTimeField.java,ISOYearOfEraDateTimeField,org.joda.time.chrono
remainder,repos/Time-27f/src/main/java/org/joda/time/chrono/ISOYearOfEraDateTimeField.java,ISOYearOfEraDateTimeField,org.joda.time.chrono
readResolve,repos/Time-27f/src/main/java/org/joda/time/chrono/ISOYearOfEraDateTimeField.java,ISOYearOfEraDateTimeField,org.joda.time.chrono
getInstance,repos/Time-27f/src/main/java/org/joda/time/chrono/LimitChronology.java,LimitChronology,org.joda.time.chrono
getLowerLimit,repos/Time-27f/src/main/java/org/joda/time/chrono/LimitChronology.java,LimitChronology,org.joda.time.chrono
getUpperLimit,repos/Time-27f/src/main/java/org/joda/time/chrono/LimitChronology.java,LimitChronology,org.joda.time.chrono
withUTC,repos/Time-27f/src/main/java/org/joda/time/chrono/LimitChronology.java,LimitChronology,org.joda.time.chrono
withZone,repos/Time-27f/src/main/java/org/joda/time/chrono/LimitChronology.java,LimitChronology,org.joda.time.chrono
getDateTimeMillis,repos/Time-27f/src/main/java/org/joda/time/chrono/LimitChronology.java,LimitChronology,org.joda.time.chrono
getDateTimeMillis,repos/Time-27f/src/main/java/org/joda/time/chrono/LimitChronology.java,LimitChronology,org.joda.time.chrono
getDateTimeMillis,repos/Time-27f/src/main/java/org/joda/time/chrono/LimitChronology.java,LimitChronology,org.joda.time.chrono
assemble,repos/Time-27f/src/main/java/org/joda/time/chrono/LimitChronology.java,LimitChronology,org.joda.time.chrono
convertField,repos/Time-27f/src/main/java/org/joda/time/chrono/LimitChronology.java,LimitChronology,org.joda.time.chrono
convertField,repos/Time-27f/src/main/java/org/joda/time/chrono/LimitChronology.java,LimitChronology,org.joda.time.chrono
checkLimits,repos/Time-27f/src/main/java/org/joda/time/chrono/LimitChronology.java,LimitChronology,org.joda.time.chrono
equals,repos/Time-27f/src/main/java/org/joda/time/chrono/LimitChronology.java,LimitChronology,org.joda.time.chrono
hashCode,repos/Time-27f/src/main/java/org/joda/time/chrono/LimitChronology.java,LimitChronology,org.joda.time.chrono
toString,repos/Time-27f/src/main/java/org/joda/time/chrono/LimitChronology.java,LimitChronology,org.joda.time.chrono
getValue,repos/Time-27f/src/main/java/org/joda/time/chrono/LimitChronology.java,LimitChronology,org.joda.time.chrono
getValueAsLong,repos/Time-27f/src/main/java/org/joda/time/chrono/LimitChronology.java,LimitChronology,org.joda.time.chrono
getMillis,repos/Time-27f/src/main/java/org/joda/time/chrono/LimitChronology.java,LimitChronology,org.joda.time.chrono
getMillis,repos/Time-27f/src/main/java/org/joda/time/chrono/LimitChronology.java,LimitChronology,org.joda.time.chrono
add,repos/Time-27f/src/main/java/org/joda/time/chrono/LimitChronology.java,LimitChronology,org.joda.time.chrono
add,repos/Time-27f/src/main/java/org/joda/time/chrono/LimitChronology.java,LimitChronology,org.joda.time.chrono
getDifference,repos/Time-27f/src/main/java/org/joda/time/chrono/LimitChronology.java,LimitChronology,org.joda.time.chrono
getDifferenceAsLong,repos/Time-27f/src/main/java/org/joda/time/chrono/LimitChronology.java,LimitChronology,org.joda.time.chrono
get,repos/Time-27f/src/main/java/org/joda/time/chrono/LimitChronology.java,LimitChronology,org.joda.time.chrono
getAsText,repos/Time-27f/src/main/java/org/joda/time/chrono/LimitChronology.java,LimitChronology,org.joda.time.chrono
getAsShortText,repos/Time-27f/src/main/java/org/joda/time/chrono/LimitChronology.java,LimitChronology,org.joda.time.chrono
add,repos/Time-27f/src/main/java/org/joda/time/chrono/LimitChronology.java,LimitChronology,org.joda.time.chrono
add,repos/Time-27f/src/main/java/org/joda/time/chrono/LimitChronology.java,LimitChronology,org.joda.time.chrono
addWrapField,repos/Time-27f/src/main/java/org/joda/time/chrono/LimitChronology.java,LimitChronology,org.joda.time.chrono
getDifference,repos/Time-27f/src/main/java/org/joda/time/chrono/LimitChronology.java,LimitChronology,org.joda.time.chrono
getDifferenceAsLong,repos/Time-27f/src/main/java/org/joda/time/chrono/LimitChronology.java,LimitChronology,org.joda.time.chrono
set,repos/Time-27f/src/main/java/org/joda/time/chrono/LimitChronology.java,LimitChronology,org.joda.time.chrono
set,repos/Time-27f/src/main/java/org/joda/time/chrono/LimitChronology.java,LimitChronology,org.joda.time.chrono
getDurationField,repos/Time-27f/src/main/java/org/joda/time/chrono/LimitChronology.java,LimitChronology,org.joda.time.chrono
getRangeDurationField,repos/Time-27f/src/main/java/org/joda/time/chrono/LimitChronology.java,LimitChronology,org.joda.time.chrono
isLeap,repos/Time-27f/src/main/java/org/joda/time/chrono/LimitChronology.java,LimitChronology,org.joda.time.chrono
getLeapAmount,repos/Time-27f/src/main/java/org/joda/time/chrono/LimitChronology.java,LimitChronology,org.joda.time.chrono
getLeapDurationField,repos/Time-27f/src/main/java/org/joda/time/chrono/LimitChronology.java,LimitChronology,org.joda.time.chrono
roundFloor,repos/Time-27f/src/main/java/org/joda/time/chrono/LimitChronology.java,LimitChronology,org.joda.time.chrono
roundCeiling,repos/Time-27f/src/main/java/org/joda/time/chrono/LimitChronology.java,LimitChronology,org.joda.time.chrono
roundHalfFloor,repos/Time-27f/src/main/java/org/joda/time/chrono/LimitChronology.java,LimitChronology,org.joda.time.chrono
roundHalfCeiling,repos/Time-27f/src/main/java/org/joda/time/chrono/LimitChronology.java,LimitChronology,org.joda.time.chrono
roundHalfEven,repos/Time-27f/src/main/java/org/joda/time/chrono/LimitChronology.java,LimitChronology,org.joda.time.chrono
remainder,repos/Time-27f/src/main/java/org/joda/time/chrono/LimitChronology.java,LimitChronology,org.joda.time.chrono
getMinimumValue,repos/Time-27f/src/main/java/org/joda/time/chrono/LimitChronology.java,LimitChronology,org.joda.time.chrono
getMaximumValue,repos/Time-27f/src/main/java/org/joda/time/chrono/LimitChronology.java,LimitChronology,org.joda.time.chrono
getMaximumTextLength,repos/Time-27f/src/main/java/org/joda/time/chrono/LimitChronology.java,LimitChronology,org.joda.time.chrono
getMaximumShortTextLength,repos/Time-27f/src/main/java/org/joda/time/chrono/LimitChronology.java,LimitChronology,org.joda.time.chrono
getValue,repos/Time-27f/src/main/java/org/joda/time/chrono/LimitChronology.java,LimitDurationField,org.joda.time.chrono
getValueAsLong,repos/Time-27f/src/main/java/org/joda/time/chrono/LimitChronology.java,LimitDurationField,org.joda.time.chrono
getMillis,repos/Time-27f/src/main/java/org/joda/time/chrono/LimitChronology.java,LimitDurationField,org.joda.time.chrono
getMillis,repos/Time-27f/src/main/java/org/joda/time/chrono/LimitChronology.java,LimitDurationField,org.joda.time.chrono
add,repos/Time-27f/src/main/java/org/joda/time/chrono/LimitChronology.java,LimitDurationField,org.joda.time.chrono
add,repos/Time-27f/src/main/java/org/joda/time/chrono/LimitChronology.java,LimitDurationField,org.joda.time.chrono
getDifference,repos/Time-27f/src/main/java/org/joda/time/chrono/LimitChronology.java,LimitDurationField,org.joda.time.chrono
getDifferenceAsLong,repos/Time-27f/src/main/java/org/joda/time/chrono/LimitChronology.java,LimitDurationField,org.joda.time.chrono
get,repos/Time-27f/src/main/java/org/joda/time/chrono/LimitChronology.java,LimitDateTimeField,org.joda.time.chrono
getAsText,repos/Time-27f/src/main/java/org/joda/time/chrono/LimitChronology.java,LimitDateTimeField,org.joda.time.chrono
getAsShortText,repos/Time-27f/src/main/java/org/joda/time/chrono/LimitChronology.java,LimitDateTimeField,org.joda.time.chrono
add,repos/Time-27f/src/main/java/org/joda/time/chrono/LimitChronology.java,LimitDateTimeField,org.joda.time.chrono
add,repos/Time-27f/src/main/java/org/joda/time/chrono/LimitChronology.java,LimitDateTimeField,org.joda.time.chrono
addWrapField,repos/Time-27f/src/main/java/org/joda/time/chrono/LimitChronology.java,LimitDateTimeField,org.joda.time.chrono
getDifference,repos/Time-27f/src/main/java/org/joda/time/chrono/LimitChronology.java,LimitDateTimeField,org.joda.time.chrono
getDifferenceAsLong,repos/Time-27f/src/main/java/org/joda/time/chrono/LimitChronology.java,LimitDateTimeField,org.joda.time.chrono
set,repos/Time-27f/src/main/java/org/joda/time/chrono/LimitChronology.java,LimitDateTimeField,org.joda.time.chrono
set,repos/Time-27f/src/main/java/org/joda/time/chrono/LimitChronology.java,LimitDateTimeField,org.joda.time.chrono
getDurationField,repos/Time-27f/src/main/java/org/joda/time/chrono/LimitChronology.java,LimitDateTimeField,org.joda.time.chrono
getRangeDurationField,repos/Time-27f/src/main/java/org/joda/time/chrono/LimitChronology.java,LimitDateTimeField,org.joda.time.chrono
isLeap,repos/Time-27f/src/main/java/org/joda/time/chrono/LimitChronology.java,LimitDateTimeField,org.joda.time.chrono
getLeapAmount,repos/Time-27f/src/main/java/org/joda/time/chrono/LimitChronology.java,LimitDateTimeField,org.joda.time.chrono
getLeapDurationField,repos/Time-27f/src/main/java/org/joda/time/chrono/LimitChronology.java,LimitDateTimeField,org.joda.time.chrono
roundFloor,repos/Time-27f/src/main/java/org/joda/time/chrono/LimitChronology.java,LimitDateTimeField,org.joda.time.chrono
roundCeiling,repos/Time-27f/src/main/java/org/joda/time/chrono/LimitChronology.java,LimitDateTimeField,org.joda.time.chrono
roundHalfFloor,repos/Time-27f/src/main/java/org/joda/time/chrono/LimitChronology.java,LimitDateTimeField,org.joda.time.chrono
roundHalfCeiling,repos/Time-27f/src/main/java/org/joda/time/chrono/LimitChronology.java,LimitDateTimeField,org.joda.time.chrono
roundHalfEven,repos/Time-27f/src/main/java/org/joda/time/chrono/LimitChronology.java,LimitDateTimeField,org.joda.time.chrono
remainder,repos/Time-27f/src/main/java/org/joda/time/chrono/LimitChronology.java,LimitDateTimeField,org.joda.time.chrono
getMinimumValue,repos/Time-27f/src/main/java/org/joda/time/chrono/LimitChronology.java,LimitDateTimeField,org.joda.time.chrono
getMaximumValue,repos/Time-27f/src/main/java/org/joda/time/chrono/LimitChronology.java,LimitDateTimeField,org.joda.time.chrono
getMaximumTextLength,repos/Time-27f/src/main/java/org/joda/time/chrono/LimitChronology.java,LimitDateTimeField,org.joda.time.chrono
getMaximumShortTextLength,repos/Time-27f/src/main/java/org/joda/time/chrono/LimitChronology.java,LimitDateTimeField,org.joda.time.chrono
getInstanceUTC,repos/Time-27f/src/main/java/org/joda/time/chrono/EthiopicChronology.java,EthiopicChronology,org.joda.time.chrono
getInstance,repos/Time-27f/src/main/java/org/joda/time/chrono/EthiopicChronology.java,EthiopicChronology,org.joda.time.chrono
getInstance,repos/Time-27f/src/main/java/org/joda/time/chrono/EthiopicChronology.java,EthiopicChronology,org.joda.time.chrono
getInstance,repos/Time-27f/src/main/java/org/joda/time/chrono/EthiopicChronology.java,EthiopicChronology,org.joda.time.chrono
readResolve,repos/Time-27f/src/main/java/org/joda/time/chrono/EthiopicChronology.java,EthiopicChronology,org.joda.time.chrono
withUTC,repos/Time-27f/src/main/java/org/joda/time/chrono/EthiopicChronology.java,EthiopicChronology,org.joda.time.chrono
withZone,repos/Time-27f/src/main/java/org/joda/time/chrono/EthiopicChronology.java,EthiopicChronology,org.joda.time.chrono
calculateFirstDayOfYearMillis,repos/Time-27f/src/main/java/org/joda/time/chrono/EthiopicChronology.java,EthiopicChronology,org.joda.time.chrono
getMinYear,repos/Time-27f/src/main/java/org/joda/time/chrono/EthiopicChronology.java,EthiopicChronology,org.joda.time.chrono
getMaxYear,repos/Time-27f/src/main/java/org/joda/time/chrono/EthiopicChronology.java,EthiopicChronology,org.joda.time.chrono
getApproxMillisAtEpochDividedByTwo,repos/Time-27f/src/main/java/org/joda/time/chrono/EthiopicChronology.java,EthiopicChronology,org.joda.time.chrono
assemble,repos/Time-27f/src/main/java/org/joda/time/chrono/EthiopicChronology.java,EthiopicChronology,org.joda.time.chrono
getInstance,repos/Time-27f/src/main/java/org/joda/time/chrono/LenientChronology.java,LenientChronology,org.joda.time.chrono
withUTC,repos/Time-27f/src/main/java/org/joda/time/chrono/LenientChronology.java,LenientChronology,org.joda.time.chrono
withZone,repos/Time-27f/src/main/java/org/joda/time/chrono/LenientChronology.java,LenientChronology,org.joda.time.chrono
assemble,repos/Time-27f/src/main/java/org/joda/time/chrono/LenientChronology.java,LenientChronology,org.joda.time.chrono
convertField,repos/Time-27f/src/main/java/org/joda/time/chrono/LenientChronology.java,LenientChronology,org.joda.time.chrono
equals,repos/Time-27f/src/main/java/org/joda/time/chrono/LenientChronology.java,LenientChronology,org.joda.time.chrono
hashCode,repos/Time-27f/src/main/java/org/joda/time/chrono/LenientChronology.java,LenientChronology,org.joda.time.chrono
toString,repos/Time-27f/src/main/java/org/joda/time/chrono/LenientChronology.java,LenientChronology,org.joda.time.chrono
isLenient,repos/Time-27f/src/main/java/org/joda/time/chrono/BasicMonthOfYearDateTimeField.java,BasicMonthOfYearDateTimeField,org.joda.time.chrono
get,repos/Time-27f/src/main/java/org/joda/time/chrono/BasicMonthOfYearDateTimeField.java,BasicMonthOfYearDateTimeField,org.joda.time.chrono
add,repos/Time-27f/src/main/java/org/joda/time/chrono/BasicMonthOfYearDateTimeField.java,BasicMonthOfYearDateTimeField,org.joda.time.chrono
add,repos/Time-27f/src/main/java/org/joda/time/chrono/BasicMonthOfYearDateTimeField.java,BasicMonthOfYearDateTimeField,org.joda.time.chrono
add,repos/Time-27f/src/main/java/org/joda/time/chrono/BasicMonthOfYearDateTimeField.java,BasicMonthOfYearDateTimeField,org.joda.time.chrono
addWrapField,repos/Time-27f/src/main/java/org/joda/time/chrono/BasicMonthOfYearDateTimeField.java,BasicMonthOfYearDateTimeField,org.joda.time.chrono
getDifferenceAsLong,repos/Time-27f/src/main/java/org/joda/time/chrono/BasicMonthOfYearDateTimeField.java,BasicMonthOfYearDateTimeField,org.joda.time.chrono
set,repos/Time-27f/src/main/java/org/joda/time/chrono/BasicMonthOfYearDateTimeField.java,BasicMonthOfYearDateTimeField,org.joda.time.chrono
getRangeDurationField,repos/Time-27f/src/main/java/org/joda/time/chrono/BasicMonthOfYearDateTimeField.java,BasicMonthOfYearDateTimeField,org.joda.time.chrono
isLeap,repos/Time-27f/src/main/java/org/joda/time/chrono/BasicMonthOfYearDateTimeField.java,BasicMonthOfYearDateTimeField,org.joda.time.chrono
getLeapAmount,repos/Time-27f/src/main/java/org/joda/time/chrono/BasicMonthOfYearDateTimeField.java,BasicMonthOfYearDateTimeField,org.joda.time.chrono
getLeapDurationField,repos/Time-27f/src/main/java/org/joda/time/chrono/BasicMonthOfYearDateTimeField.java,BasicMonthOfYearDateTimeField,org.joda.time.chrono
getMinimumValue,repos/Time-27f/src/main/java/org/joda/time/chrono/BasicMonthOfYearDateTimeField.java,BasicMonthOfYearDateTimeField,org.joda.time.chrono
getMaximumValue,repos/Time-27f/src/main/java/org/joda/time/chrono/BasicMonthOfYearDateTimeField.java,BasicMonthOfYearDateTimeField,org.joda.time.chrono
roundFloor,repos/Time-27f/src/main/java/org/joda/time/chrono/BasicMonthOfYearDateTimeField.java,BasicMonthOfYearDateTimeField,org.joda.time.chrono
remainder,repos/Time-27f/src/main/java/org/joda/time/chrono/BasicMonthOfYearDateTimeField.java,BasicMonthOfYearDateTimeField,org.joda.time.chrono
readResolve,repos/Time-27f/src/main/java/org/joda/time/chrono/BasicMonthOfYearDateTimeField.java,BasicMonthOfYearDateTimeField,org.joda.time.chrono
get,repos/Time-27f/src/main/java/org/joda/time/chrono/GJYearOfEraDateTimeField.java,GJYearOfEraDateTimeField,org.joda.time.chrono
add,repos/Time-27f/src/main/java/org/joda/time/chrono/GJYearOfEraDateTimeField.java,GJYearOfEraDateTimeField,org.joda.time.chrono
add,repos/Time-27f/src/main/java/org/joda/time/chrono/GJYearOfEraDateTimeField.java,GJYearOfEraDateTimeField,org.joda.time.chrono
addWrapField,repos/Time-27f/src/main/java/org/joda/time/chrono/GJYearOfEraDateTimeField.java,GJYearOfEraDateTimeField,org.joda.time.chrono
addWrapField,repos/Time-27f/src/main/java/org/joda/time/chrono/GJYearOfEraDateTimeField.java,GJYearOfEraDateTimeField,org.joda.time.chrono
getDifference,repos/Time-27f/src/main/java/org/joda/time/chrono/GJYearOfEraDateTimeField.java,GJYearOfEraDateTimeField,org.joda.time.chrono
getDifferenceAsLong,repos/Time-27f/src/main/java/org/joda/time/chrono/GJYearOfEraDateTimeField.java,GJYearOfEraDateTimeField,org.joda.time.chrono
set,repos/Time-27f/src/main/java/org/joda/time/chrono/GJYearOfEraDateTimeField.java,GJYearOfEraDateTimeField,org.joda.time.chrono
getMinimumValue,repos/Time-27f/src/main/java/org/joda/time/chrono/GJYearOfEraDateTimeField.java,GJYearOfEraDateTimeField,org.joda.time.chrono
getMaximumValue,repos/Time-27f/src/main/java/org/joda/time/chrono/GJYearOfEraDateTimeField.java,GJYearOfEraDateTimeField,org.joda.time.chrono
roundFloor,repos/Time-27f/src/main/java/org/joda/time/chrono/GJYearOfEraDateTimeField.java,GJYearOfEraDateTimeField,org.joda.time.chrono
roundCeiling,repos/Time-27f/src/main/java/org/joda/time/chrono/GJYearOfEraDateTimeField.java,GJYearOfEraDateTimeField,org.joda.time.chrono
remainder,repos/Time-27f/src/main/java/org/joda/time/chrono/GJYearOfEraDateTimeField.java,GJYearOfEraDateTimeField,org.joda.time.chrono
readResolve,repos/Time-27f/src/main/java/org/joda/time/chrono/GJYearOfEraDateTimeField.java,GJYearOfEraDateTimeField,org.joda.time.chrono
getInstance,repos/Time-27f/src/main/java/org/joda/time/chrono/ZonedChronology.java,ZonedChronology,org.joda.time.chrono
useTimeArithmetic,repos/Time-27f/src/main/java/org/joda/time/chrono/ZonedChronology.java,ZonedChronology,org.joda.time.chrono
getZone,repos/Time-27f/src/main/java/org/joda/time/chrono/ZonedChronology.java,ZonedChronology,org.joda.time.chrono
withUTC,repos/Time-27f/src/main/java/org/joda/time/chrono/ZonedChronology.java,ZonedChronology,org.joda.time.chrono
withZone,repos/Time-27f/src/main/java/org/joda/time/chrono/ZonedChronology.java,ZonedChronology,org.joda.time.chrono
getDateTimeMillis,repos/Time-27f/src/main/java/org/joda/time/chrono/ZonedChronology.java,ZonedChronology,org.joda.time.chrono
getDateTimeMillis,repos/Time-27f/src/main/java/org/joda/time/chrono/ZonedChronology.java,ZonedChronology,org.joda.time.chrono
getDateTimeMillis,repos/Time-27f/src/main/java/org/joda/time/chrono/ZonedChronology.java,ZonedChronology,org.joda.time.chrono
localToUTC,repos/Time-27f/src/main/java/org/joda/time/chrono/ZonedChronology.java,ZonedChronology,org.joda.time.chrono
assemble,repos/Time-27f/src/main/java/org/joda/time/chrono/ZonedChronology.java,ZonedChronology,org.joda.time.chrono
convertField,repos/Time-27f/src/main/java/org/joda/time/chrono/ZonedChronology.java,ZonedChronology,org.joda.time.chrono
convertField,repos/Time-27f/src/main/java/org/joda/time/chrono/ZonedChronology.java,ZonedChronology,org.joda.time.chrono
equals,repos/Time-27f/src/main/java/org/joda/time/chrono/ZonedChronology.java,ZonedChronology,org.joda.time.chrono
hashCode,repos/Time-27f/src/main/java/org/joda/time/chrono/ZonedChronology.java,ZonedChronology,org.joda.time.chrono
toString,repos/Time-27f/src/main/java/org/joda/time/chrono/ZonedChronology.java,ZonedChronology,org.joda.time.chrono
isPrecise,repos/Time-27f/src/main/java/org/joda/time/chrono/ZonedChronology.java,ZonedChronology,org.joda.time.chrono
getUnitMillis,repos/Time-27f/src/main/java/org/joda/time/chrono/ZonedChronology.java,ZonedChronology,org.joda.time.chrono
getValue,repos/Time-27f/src/main/java/org/joda/time/chrono/ZonedChronology.java,ZonedChronology,org.joda.time.chrono
getValueAsLong,repos/Time-27f/src/main/java/org/joda/time/chrono/ZonedChronology.java,ZonedChronology,org.joda.time.chrono
getMillis,repos/Time-27f/src/main/java/org/joda/time/chrono/ZonedChronology.java,ZonedChronology,org.joda.time.chrono
getMillis,repos/Time-27f/src/main/java/org/joda/time/chrono/ZonedChronology.java,ZonedChronology,org.joda.time.chrono
add,repos/Time-27f/src/main/java/org/joda/time/chrono/ZonedChronology.java,ZonedChronology,org.joda.time.chrono
add,repos/Time-27f/src/main/java/org/joda/time/chrono/ZonedChronology.java,ZonedChronology,org.joda.time.chrono
getDifference,repos/Time-27f/src/main/java/org/joda/time/chrono/ZonedChronology.java,ZonedChronology,org.joda.time.chrono
getDifferenceAsLong,repos/Time-27f/src/main/java/org/joda/time/chrono/ZonedChronology.java,ZonedChronology,org.joda.time.chrono
getOffsetToAdd,repos/Time-27f/src/main/java/org/joda/time/chrono/ZonedChronology.java,ZonedChronology,org.joda.time.chrono
getOffsetFromLocalToSubtract,repos/Time-27f/src/main/java/org/joda/time/chrono/ZonedChronology.java,ZonedChronology,org.joda.time.chrono
addOffset,repos/Time-27f/src/main/java/org/joda/time/chrono/ZonedChronology.java,ZonedChronology,org.joda.time.chrono
isLenient,repos/Time-27f/src/main/java/org/joda/time/chrono/ZonedChronology.java,ZonedChronology,org.joda.time.chrono
get,repos/Time-27f/src/main/java/org/joda/time/chrono/ZonedChronology.java,ZonedChronology,org.joda.time.chrono
getAsText,repos/Time-27f/src/main/java/org/joda/time/chrono/ZonedChronology.java,ZonedChronology,org.joda.time.chrono
getAsShortText,repos/Time-27f/src/main/java/org/joda/time/chrono/ZonedChronology.java,ZonedChronology,org.joda.time.chrono
getAsText,repos/Time-27f/src/main/java/org/joda/time/chrono/ZonedChronology.java,ZonedChronology,org.joda.time.chrono
getAsShortText,repos/Time-27f/src/main/java/org/joda/time/chrono/ZonedChronology.java,ZonedChronology,org.joda.time.chrono
add,repos/Time-27f/src/main/java/org/joda/time/chrono/ZonedChronology.java,ZonedChronology,org.joda.time.chrono
add,repos/Time-27f/src/main/java/org/joda/time/chrono/ZonedChronology.java,ZonedChronology,org.joda.time.chrono
addWrapField,repos/Time-27f/src/main/java/org/joda/time/chrono/ZonedChronology.java,ZonedChronology,org.joda.time.chrono
set,repos/Time-27f/src/main/java/org/joda/time/chrono/ZonedChronology.java,ZonedChronology,org.joda.time.chrono
set,repos/Time-27f/src/main/java/org/joda/time/chrono/ZonedChronology.java,ZonedChronology,org.joda.time.chrono
getDifference,repos/Time-27f/src/main/java/org/joda/time/chrono/ZonedChronology.java,ZonedChronology,org.joda.time.chrono
getDifferenceAsLong,repos/Time-27f/src/main/java/org/joda/time/chrono/ZonedChronology.java,ZonedChronology,org.joda.time.chrono
getDurationField,repos/Time-27f/src/main/java/org/joda/time/chrono/ZonedChronology.java,ZonedChronology,org.joda.time.chrono
getRangeDurationField,repos/Time-27f/src/main/java/org/joda/time/chrono/ZonedChronology.java,ZonedChronology,org.joda.time.chrono
isLeap,repos/Time-27f/src/main/java/org/joda/time/chrono/ZonedChronology.java,ZonedChronology,org.joda.time.chrono
getLeapAmount,repos/Time-27f/src/main/java/org/joda/time/chrono/ZonedChronology.java,ZonedChronology,org.joda.time.chrono
getLeapDurationField,repos/Time-27f/src/main/java/org/joda/time/chrono/ZonedChronology.java,ZonedChronology,org.joda.time.chrono
roundFloor,repos/Time-27f/src/main/java/org/joda/time/chrono/ZonedChronology.java,ZonedChronology,org.joda.time.chrono
roundCeiling,repos/Time-27f/src/main/java/org/joda/time/chrono/ZonedChronology.java,ZonedChronology,org.joda.time.chrono
remainder,repos/Time-27f/src/main/java/org/joda/time/chrono/ZonedChronology.java,ZonedChronology,org.joda.time.chrono
getMinimumValue,repos/Time-27f/src/main/java/org/joda/time/chrono/ZonedChronology.java,ZonedChronology,org.joda.time.chrono
getMinimumValue,repos/Time-27f/src/main/java/org/joda/time/chrono/ZonedChronology.java,ZonedChronology,org.joda.time.chrono
getMinimumValue,repos/Time-27f/src/main/java/org/joda/time/chrono/ZonedChronology.java,ZonedChronology,org.joda.time.chrono
getMinimumValue,repos/Time-27f/src/main/java/org/joda/time/chrono/ZonedChronology.java,ZonedChronology,org.joda.time.chrono
getMaximumValue,repos/Time-27f/src/main/java/org/joda/time/chrono/ZonedChronology.java,ZonedChronology,org.joda.time.chrono
getMaximumValue,repos/Time-27f/src/main/java/org/joda/time/chrono/ZonedChronology.java,ZonedChronology,org.joda.time.chrono
getMaximumValue,repos/Time-27f/src/main/java/org/joda/time/chrono/ZonedChronology.java,ZonedChronology,org.joda.time.chrono
getMaximumValue,repos/Time-27f/src/main/java/org/joda/time/chrono/ZonedChronology.java,ZonedChronology,org.joda.time.chrono
getMaximumTextLength,repos/Time-27f/src/main/java/org/joda/time/chrono/ZonedChronology.java,ZonedChronology,org.joda.time.chrono
getMaximumShortTextLength,repos/Time-27f/src/main/java/org/joda/time/chrono/ZonedChronology.java,ZonedChronology,org.joda.time.chrono
getOffsetToAdd,repos/Time-27f/src/main/java/org/joda/time/chrono/ZonedChronology.java,ZonedChronology,org.joda.time.chrono
isPrecise,repos/Time-27f/src/main/java/org/joda/time/chrono/ZonedChronology.java,ZonedDurationField,org.joda.time.chrono
getUnitMillis,repos/Time-27f/src/main/java/org/joda/time/chrono/ZonedChronology.java,ZonedDurationField,org.joda.time.chrono
getValue,repos/Time-27f/src/main/java/org/joda/time/chrono/ZonedChronology.java,ZonedDurationField,org.joda.time.chrono
getValueAsLong,repos/Time-27f/src/main/java/org/joda/time/chrono/ZonedChronology.java,ZonedDurationField,org.joda.time.chrono
getMillis,repos/Time-27f/src/main/java/org/joda/time/chrono/ZonedChronology.java,ZonedDurationField,org.joda.time.chrono
getMillis,repos/Time-27f/src/main/java/org/joda/time/chrono/ZonedChronology.java,ZonedDurationField,org.joda.time.chrono
add,repos/Time-27f/src/main/java/org/joda/time/chrono/ZonedChronology.java,ZonedDurationField,org.joda.time.chrono
add,repos/Time-27f/src/main/java/org/joda/time/chrono/ZonedChronology.java,ZonedDurationField,org.joda.time.chrono
getDifference,repos/Time-27f/src/main/java/org/joda/time/chrono/ZonedChronology.java,ZonedDurationField,org.joda.time.chrono
getDifferenceAsLong,repos/Time-27f/src/main/java/org/joda/time/chrono/ZonedChronology.java,ZonedDurationField,org.joda.time.chrono
getOffsetToAdd,repos/Time-27f/src/main/java/org/joda/time/chrono/ZonedChronology.java,ZonedDurationField,org.joda.time.chrono
getOffsetFromLocalToSubtract,repos/Time-27f/src/main/java/org/joda/time/chrono/ZonedChronology.java,ZonedDurationField,org.joda.time.chrono
addOffset,repos/Time-27f/src/main/java/org/joda/time/chrono/ZonedChronology.java,ZonedDurationField,org.joda.time.chrono
isLenient,repos/Time-27f/src/main/java/org/joda/time/chrono/ZonedChronology.java,ZonedDateTimeField,org.joda.time.chrono
get,repos/Time-27f/src/main/java/org/joda/time/chrono/ZonedChronology.java,ZonedDateTimeField,org.joda.time.chrono
getAsText,repos/Time-27f/src/main/java/org/joda/time/chrono/ZonedChronology.java,ZonedDateTimeField,org.joda.time.chrono
getAsShortText,repos/Time-27f/src/main/java/org/joda/time/chrono/ZonedChronology.java,ZonedDateTimeField,org.joda.time.chrono
getAsText,repos/Time-27f/src/main/java/org/joda/time/chrono/ZonedChronology.java,ZonedDateTimeField,org.joda.time.chrono
getAsShortText,repos/Time-27f/src/main/java/org/joda/time/chrono/ZonedChronology.java,ZonedDateTimeField,org.joda.time.chrono
add,repos/Time-27f/src/main/java/org/joda/time/chrono/ZonedChronology.java,ZonedDateTimeField,org.joda.time.chrono
add,repos/Time-27f/src/main/java/org/joda/time/chrono/ZonedChronology.java,ZonedDateTimeField,org.joda.time.chrono
addWrapField,repos/Time-27f/src/main/java/org/joda/time/chrono/ZonedChronology.java,ZonedDateTimeField,org.joda.time.chrono
set,repos/Time-27f/src/main/java/org/joda/time/chrono/ZonedChronology.java,ZonedDateTimeField,org.joda.time.chrono
set,repos/Time-27f/src/main/java/org/joda/time/chrono/ZonedChronology.java,ZonedDateTimeField,org.joda.time.chrono
getDifference,repos/Time-27f/src/main/java/org/joda/time/chrono/ZonedChronology.java,ZonedDateTimeField,org.joda.time.chrono
getDifferenceAsLong,repos/Time-27f/src/main/java/org/joda/time/chrono/ZonedChronology.java,ZonedDateTimeField,org.joda.time.chrono
getDurationField,repos/Time-27f/src/main/java/org/joda/time/chrono/ZonedChronology.java,ZonedDateTimeField,org.joda.time.chrono
getRangeDurationField,repos/Time-27f/src/main/java/org/joda/time/chrono/ZonedChronology.java,ZonedDateTimeField,org.joda.time.chrono
isLeap,repos/Time-27f/src/main/java/org/joda/time/chrono/ZonedChronology.java,ZonedDateTimeField,org.joda.time.chrono
getLeapAmount,repos/Time-27f/src/main/java/org/joda/time/chrono/ZonedChronology.java,ZonedDateTimeField,org.joda.time.chrono
getLeapDurationField,repos/Time-27f/src/main/java/org/joda/time/chrono/ZonedChronology.java,ZonedDateTimeField,org.joda.time.chrono
roundFloor,repos/Time-27f/src/main/java/org/joda/time/chrono/ZonedChronology.java,ZonedDateTimeField,org.joda.time.chrono
roundCeiling,repos/Time-27f/src/main/java/org/joda/time/chrono/ZonedChronology.java,ZonedDateTimeField,org.joda.time.chrono
remainder,repos/Time-27f/src/main/java/org/joda/time/chrono/ZonedChronology.java,ZonedDateTimeField,org.joda.time.chrono
getMinimumValue,repos/Time-27f/src/main/java/org/joda/time/chrono/ZonedChronology.java,ZonedDateTimeField,org.joda.time.chrono
getMinimumValue,repos/Time-27f/src/main/java/org/joda/time/chrono/ZonedChronology.java,ZonedDateTimeField,org.joda.time.chrono
getMinimumValue,repos/Time-27f/src/main/java/org/joda/time/chrono/ZonedChronology.java,ZonedDateTimeField,org.joda.time.chrono
getMinimumValue,repos/Time-27f/src/main/java/org/joda/time/chrono/ZonedChronology.java,ZonedDateTimeField,org.joda.time.chrono
getMaximumValue,repos/Time-27f/src/main/java/org/joda/time/chrono/ZonedChronology.java,ZonedDateTimeField,org.joda.time.chrono
getMaximumValue,repos/Time-27f/src/main/java/org/joda/time/chrono/ZonedChronology.java,ZonedDateTimeField,org.joda.time.chrono
getMaximumValue,repos/Time-27f/src/main/java/org/joda/time/chrono/ZonedChronology.java,ZonedDateTimeField,org.joda.time.chrono
getMaximumValue,repos/Time-27f/src/main/java/org/joda/time/chrono/ZonedChronology.java,ZonedDateTimeField,org.joda.time.chrono
getMaximumTextLength,repos/Time-27f/src/main/java/org/joda/time/chrono/ZonedChronology.java,ZonedDateTimeField,org.joda.time.chrono
getMaximumShortTextLength,repos/Time-27f/src/main/java/org/joda/time/chrono/ZonedChronology.java,ZonedDateTimeField,org.joda.time.chrono
getOffsetToAdd,repos/Time-27f/src/main/java/org/joda/time/chrono/ZonedChronology.java,ZonedDateTimeField,org.joda.time.chrono
adjustYearForSet,repos/Time-27f/src/main/java/org/joda/time/chrono/JulianChronology.java,JulianChronology,org.joda.time.chrono
getInstanceUTC,repos/Time-27f/src/main/java/org/joda/time/chrono/JulianChronology.java,JulianChronology,org.joda.time.chrono
getInstance,repos/Time-27f/src/main/java/org/joda/time/chrono/JulianChronology.java,JulianChronology,org.joda.time.chrono
getInstance,repos/Time-27f/src/main/java/org/joda/time/chrono/JulianChronology.java,JulianChronology,org.joda.time.chrono
getInstance,repos/Time-27f/src/main/java/org/joda/time/chrono/JulianChronology.java,JulianChronology,org.joda.time.chrono
readResolve,repos/Time-27f/src/main/java/org/joda/time/chrono/JulianChronology.java,JulianChronology,org.joda.time.chrono
withUTC,repos/Time-27f/src/main/java/org/joda/time/chrono/JulianChronology.java,JulianChronology,org.joda.time.chrono
withZone,repos/Time-27f/src/main/java/org/joda/time/chrono/JulianChronology.java,JulianChronology,org.joda.time.chrono
getDateMidnightMillis,repos/Time-27f/src/main/java/org/joda/time/chrono/JulianChronology.java,JulianChronology,org.joda.time.chrono
isLeapYear,repos/Time-27f/src/main/java/org/joda/time/chrono/JulianChronology.java,JulianChronology,org.joda.time.chrono
calculateFirstDayOfYearMillis,repos/Time-27f/src/main/java/org/joda/time/chrono/JulianChronology.java,JulianChronology,org.joda.time.chrono
getMinYear,repos/Time-27f/src/main/java/org/joda/time/chrono/JulianChronology.java,JulianChronology,org.joda.time.chrono
getMaxYear,repos/Time-27f/src/main/java/org/joda/time/chrono/JulianChronology.java,JulianChronology,org.joda.time.chrono
getAverageMillisPerYear,repos/Time-27f/src/main/java/org/joda/time/chrono/JulianChronology.java,JulianChronology,org.joda.time.chrono
getAverageMillisPerYearDividedByTwo,repos/Time-27f/src/main/java/org/joda/time/chrono/JulianChronology.java,JulianChronology,org.joda.time.chrono
getAverageMillisPerMonth,repos/Time-27f/src/main/java/org/joda/time/chrono/JulianChronology.java,JulianChronology,org.joda.time.chrono
getApproxMillisAtEpochDividedByTwo,repos/Time-27f/src/main/java/org/joda/time/chrono/JulianChronology.java,JulianChronology,org.joda.time.chrono
assemble,repos/Time-27f/src/main/java/org/joda/time/chrono/JulianChronology.java,JulianChronology,org.joda.time.chrono
get,repos/Time-27f/src/main/java/org/joda/time/chrono/BasicWeekOfWeekyearDateTimeField.java,BasicWeekOfWeekyearDateTimeField,org.joda.time.chrono
getRangeDurationField,repos/Time-27f/src/main/java/org/joda/time/chrono/BasicWeekOfWeekyearDateTimeField.java,BasicWeekOfWeekyearDateTimeField,org.joda.time.chrono
roundFloor,repos/Time-27f/src/main/java/org/joda/time/chrono/BasicWeekOfWeekyearDateTimeField.java,BasicWeekOfWeekyearDateTimeField,org.joda.time.chrono
roundCeiling,repos/Time-27f/src/main/java/org/joda/time/chrono/BasicWeekOfWeekyearDateTimeField.java,BasicWeekOfWeekyearDateTimeField,org.joda.time.chrono
remainder,repos/Time-27f/src/main/java/org/joda/time/chrono/BasicWeekOfWeekyearDateTimeField.java,BasicWeekOfWeekyearDateTimeField,org.joda.time.chrono
getMinimumValue,repos/Time-27f/src/main/java/org/joda/time/chrono/BasicWeekOfWeekyearDateTimeField.java,BasicWeekOfWeekyearDateTimeField,org.joda.time.chrono
getMaximumValue,repos/Time-27f/src/main/java/org/joda/time/chrono/BasicWeekOfWeekyearDateTimeField.java,BasicWeekOfWeekyearDateTimeField,org.joda.time.chrono
getMaximumValue,repos/Time-27f/src/main/java/org/joda/time/chrono/BasicWeekOfWeekyearDateTimeField.java,BasicWeekOfWeekyearDateTimeField,org.joda.time.chrono
getMaximumValue,repos/Time-27f/src/main/java/org/joda/time/chrono/BasicWeekOfWeekyearDateTimeField.java,BasicWeekOfWeekyearDateTimeField,org.joda.time.chrono
getMaximumValue,repos/Time-27f/src/main/java/org/joda/time/chrono/BasicWeekOfWeekyearDateTimeField.java,BasicWeekOfWeekyearDateTimeField,org.joda.time.chrono
getMaximumValueForSet,repos/Time-27f/src/main/java/org/joda/time/chrono/BasicWeekOfWeekyearDateTimeField.java,BasicWeekOfWeekyearDateTimeField,org.joda.time.chrono
readResolve,repos/Time-27f/src/main/java/org/joda/time/chrono/BasicWeekOfWeekyearDateTimeField.java,BasicWeekOfWeekyearDateTimeField,org.joda.time.chrono
getZone,repos/Time-27f/src/main/java/org/joda/time/chrono/BaseChronology.java,BaseChronology,org.joda.time.chrono
withUTC,repos/Time-27f/src/main/java/org/joda/time/chrono/BaseChronology.java,BaseChronology,org.joda.time.chrono
withZone,repos/Time-27f/src/main/java/org/joda/time/chrono/BaseChronology.java,BaseChronology,org.joda.time.chrono
getDateTimeMillis,repos/Time-27f/src/main/java/org/joda/time/chrono/BaseChronology.java,BaseChronology,org.joda.time.chrono
getDateTimeMillis,repos/Time-27f/src/main/java/org/joda/time/chrono/BaseChronology.java,BaseChronology,org.joda.time.chrono
getDateTimeMillis,repos/Time-27f/src/main/java/org/joda/time/chrono/BaseChronology.java,BaseChronology,org.joda.time.chrono
validate,repos/Time-27f/src/main/java/org/joda/time/chrono/BaseChronology.java,BaseChronology,org.joda.time.chrono
get,repos/Time-27f/src/main/java/org/joda/time/chrono/BaseChronology.java,BaseChronology,org.joda.time.chrono
set,repos/Time-27f/src/main/java/org/joda/time/chrono/BaseChronology.java,BaseChronology,org.joda.time.chrono
get,repos/Time-27f/src/main/java/org/joda/time/chrono/BaseChronology.java,BaseChronology,org.joda.time.chrono
get,repos/Time-27f/src/main/java/org/joda/time/chrono/BaseChronology.java,BaseChronology,org.joda.time.chrono
add,repos/Time-27f/src/main/java/org/joda/time/chrono/BaseChronology.java,BaseChronology,org.joda.time.chrono
add,repos/Time-27f/src/main/java/org/joda/time/chrono/BaseChronology.java,BaseChronology,org.joda.time.chrono
millis,repos/Time-27f/src/main/java/org/joda/time/chrono/BaseChronology.java,BaseChronology,org.joda.time.chrono
millisOfSecond,repos/Time-27f/src/main/java/org/joda/time/chrono/BaseChronology.java,BaseChronology,org.joda.time.chrono
millisOfDay,repos/Time-27f/src/main/java/org/joda/time/chrono/BaseChronology.java,BaseChronology,org.joda.time.chrono
seconds,repos/Time-27f/src/main/java/org/joda/time/chrono/BaseChronology.java,BaseChronology,org.joda.time.chrono
secondOfMinute,repos/Time-27f/src/main/java/org/joda/time/chrono/BaseChronology.java,BaseChronology,org.joda.time.chrono
secondOfDay,repos/Time-27f/src/main/java/org/joda/time/chrono/BaseChronology.java,BaseChronology,org.joda.time.chrono
minutes,repos/Time-27f/src/main/java/org/joda/time/chrono/BaseChronology.java,BaseChronology,org.joda.time.chrono
minuteOfHour,repos/Time-27f/src/main/java/org/joda/time/chrono/BaseChronology.java,BaseChronology,org.joda.time.chrono
minuteOfDay,repos/Time-27f/src/main/java/org/joda/time/chrono/BaseChronology.java,BaseChronology,org.joda.time.chrono
hours,repos/Time-27f/src/main/java/org/joda/time/chrono/BaseChronology.java,BaseChronology,org.joda.time.chrono
hourOfDay,repos/Time-27f/src/main/java/org/joda/time/chrono/BaseChronology.java,BaseChronology,org.joda.time.chrono
clockhourOfDay,repos/Time-27f/src/main/java/org/joda/time/chrono/BaseChronology.java,BaseChronology,org.joda.time.chrono
halfdays,repos/Time-27f/src/main/java/org/joda/time/chrono/BaseChronology.java,BaseChronology,org.joda.time.chrono
hourOfHalfday,repos/Time-27f/src/main/java/org/joda/time/chrono/BaseChronology.java,BaseChronology,org.joda.time.chrono
clockhourOfHalfday,repos/Time-27f/src/main/java/org/joda/time/chrono/BaseChronology.java,BaseChronology,org.joda.time.chrono
halfdayOfDay,repos/Time-27f/src/main/java/org/joda/time/chrono/BaseChronology.java,BaseChronology,org.joda.time.chrono
days,repos/Time-27f/src/main/java/org/joda/time/chrono/BaseChronology.java,BaseChronology,org.joda.time.chrono
dayOfWeek,repos/Time-27f/src/main/java/org/joda/time/chrono/BaseChronology.java,BaseChronology,org.joda.time.chrono
dayOfMonth,repos/Time-27f/src/main/java/org/joda/time/chrono/BaseChronology.java,BaseChronology,org.joda.time.chrono
dayOfYear,repos/Time-27f/src/main/java/org/joda/time/chrono/BaseChronology.java,BaseChronology,org.joda.time.chrono
weeks,repos/Time-27f/src/main/java/org/joda/time/chrono/BaseChronology.java,BaseChronology,org.joda.time.chrono
weekOfWeekyear,repos/Time-27f/src/main/java/org/joda/time/chrono/BaseChronology.java,BaseChronology,org.joda.time.chrono
weekyears,repos/Time-27f/src/main/java/org/joda/time/chrono/BaseChronology.java,BaseChronology,org.joda.time.chrono
weekyear,repos/Time-27f/src/main/java/org/joda/time/chrono/BaseChronology.java,BaseChronology,org.joda.time.chrono
weekyearOfCentury,repos/Time-27f/src/main/java/org/joda/time/chrono/BaseChronology.java,BaseChronology,org.joda.time.chrono
months,repos/Time-27f/src/main/java/org/joda/time/chrono/BaseChronology.java,BaseChronology,org.joda.time.chrono
monthOfYear,repos/Time-27f/src/main/java/org/joda/time/chrono/BaseChronology.java,BaseChronology,org.joda.time.chrono
years,repos/Time-27f/src/main/java/org/joda/time/chrono/BaseChronology.java,BaseChronology,org.joda.time.chrono
year,repos/Time-27f/src/main/java/org/joda/time/chrono/BaseChronology.java,BaseChronology,org.joda.time.chrono
yearOfEra,repos/Time-27f/src/main/java/org/joda/time/chrono/BaseChronology.java,BaseChronology,org.joda.time.chrono
yearOfCentury,repos/Time-27f/src/main/java/org/joda/time/chrono/BaseChronology.java,BaseChronology,org.joda.time.chrono
centuries,repos/Time-27f/src/main/java/org/joda/time/chrono/BaseChronology.java,BaseChronology,org.joda.time.chrono
centuryOfEra,repos/Time-27f/src/main/java/org/joda/time/chrono/BaseChronology.java,BaseChronology,org.joda.time.chrono
eras,repos/Time-27f/src/main/java/org/joda/time/chrono/BaseChronology.java,BaseChronology,org.joda.time.chrono
era,repos/Time-27f/src/main/java/org/joda/time/chrono/BaseChronology.java,BaseChronology,org.joda.time.chrono
toString,repos/Time-27f/src/main/java/org/joda/time/chrono/BaseChronology.java,BaseChronology,org.joda.time.chrono
getZone,repos/Time-27f/src/main/java/org/joda/time/chrono/AssembledChronology.java,AssembledChronology,org.joda.time.chrono
getDateTimeMillis,repos/Time-27f/src/main/java/org/joda/time/chrono/AssembledChronology.java,AssembledChronology,org.joda.time.chrono
getDateTimeMillis,repos/Time-27f/src/main/java/org/joda/time/chrono/AssembledChronology.java,AssembledChronology,org.joda.time.chrono
getDateTimeMillis,repos/Time-27f/src/main/java/org/joda/time/chrono/AssembledChronology.java,AssembledChronology,org.joda.time.chrono
millis,repos/Time-27f/src/main/java/org/joda/time/chrono/AssembledChronology.java,AssembledChronology,org.joda.time.chrono
millisOfSecond,repos/Time-27f/src/main/java/org/joda/time/chrono/AssembledChronology.java,AssembledChronology,org.joda.time.chrono
millisOfDay,repos/Time-27f/src/main/java/org/joda/time/chrono/AssembledChronology.java,AssembledChronology,org.joda.time.chrono
seconds,repos/Time-27f/src/main/java/org/joda/time/chrono/AssembledChronology.java,AssembledChronology,org.joda.time.chrono
secondOfMinute,repos/Time-27f/src/main/java/org/joda/time/chrono/AssembledChronology.java,AssembledChronology,org.joda.time.chrono
secondOfDay,repos/Time-27f/src/main/java/org/joda/time/chrono/AssembledChronology.java,AssembledChronology,org.joda.time.chrono
minutes,repos/Time-27f/src/main/java/org/joda/time/chrono/AssembledChronology.java,AssembledChronology,org.joda.time.chrono
minuteOfHour,repos/Time-27f/src/main/java/org/joda/time/chrono/AssembledChronology.java,AssembledChronology,org.joda.time.chrono
minuteOfDay,repos/Time-27f/src/main/java/org/joda/time/chrono/AssembledChronology.java,AssembledChronology,org.joda.time.chrono
hours,repos/Time-27f/src/main/java/org/joda/time/chrono/AssembledChronology.java,AssembledChronology,org.joda.time.chrono
hourOfDay,repos/Time-27f/src/main/java/org/joda/time/chrono/AssembledChronology.java,AssembledChronology,org.joda.time.chrono
clockhourOfDay,repos/Time-27f/src/main/java/org/joda/time/chrono/AssembledChronology.java,AssembledChronology,org.joda.time.chrono
halfdays,repos/Time-27f/src/main/java/org/joda/time/chrono/AssembledChronology.java,AssembledChronology,org.joda.time.chrono
hourOfHalfday,repos/Time-27f/src/main/java/org/joda/time/chrono/AssembledChronology.java,AssembledChronology,org.joda.time.chrono
clockhourOfHalfday,repos/Time-27f/src/main/java/org/joda/time/chrono/AssembledChronology.java,AssembledChronology,org.joda.time.chrono
halfdayOfDay,repos/Time-27f/src/main/java/org/joda/time/chrono/AssembledChronology.java,AssembledChronology,org.joda.time.chrono
days,repos/Time-27f/src/main/java/org/joda/time/chrono/AssembledChronology.java,AssembledChronology,org.joda.time.chrono
dayOfWeek,repos/Time-27f/src/main/java/org/joda/time/chrono/AssembledChronology.java,AssembledChronology,org.joda.time.chrono
dayOfMonth,repos/Time-27f/src/main/java/org/joda/time/chrono/AssembledChronology.java,AssembledChronology,org.joda.time.chrono
dayOfYear,repos/Time-27f/src/main/java/org/joda/time/chrono/AssembledChronology.java,AssembledChronology,org.joda.time.chrono
weeks,repos/Time-27f/src/main/java/org/joda/time/chrono/AssembledChronology.java,AssembledChronology,org.joda.time.chrono
weekOfWeekyear,repos/Time-27f/src/main/java/org/joda/time/chrono/AssembledChronology.java,AssembledChronology,org.joda.time.chrono
weekyears,repos/Time-27f/src/main/java/org/joda/time/chrono/AssembledChronology.java,AssembledChronology,org.joda.time.chrono
weekyear,repos/Time-27f/src/main/java/org/joda/time/chrono/AssembledChronology.java,AssembledChronology,org.joda.time.chrono
weekyearOfCentury,repos/Time-27f/src/main/java/org/joda/time/chrono/AssembledChronology.java,AssembledChronology,org.joda.time.chrono
months,repos/Time-27f/src/main/java/org/joda/time/chrono/AssembledChronology.java,AssembledChronology,org.joda.time.chrono
monthOfYear,repos/Time-27f/src/main/java/org/joda/time/chrono/AssembledChronology.java,AssembledChronology,org.joda.time.chrono
years,repos/Time-27f/src/main/java/org/joda/time/chrono/AssembledChronology.java,AssembledChronology,org.joda.time.chrono
year,repos/Time-27f/src/main/java/org/joda/time/chrono/AssembledChronology.java,AssembledChronology,org.joda.time.chrono
yearOfEra,repos/Time-27f/src/main/java/org/joda/time/chrono/AssembledChronology.java,AssembledChronology,org.joda.time.chrono
yearOfCentury,repos/Time-27f/src/main/java/org/joda/time/chrono/AssembledChronology.java,AssembledChronology,org.joda.time.chrono
centuries,repos/Time-27f/src/main/java/org/joda/time/chrono/AssembledChronology.java,AssembledChronology,org.joda.time.chrono
centuryOfEra,repos/Time-27f/src/main/java/org/joda/time/chrono/AssembledChronology.java,AssembledChronology,org.joda.time.chrono
eras,repos/Time-27f/src/main/java/org/joda/time/chrono/AssembledChronology.java,AssembledChronology,org.joda.time.chrono
era,repos/Time-27f/src/main/java/org/joda/time/chrono/AssembledChronology.java,AssembledChronology,org.joda.time.chrono
assemble,repos/Time-27f/src/main/java/org/joda/time/chrono/AssembledChronology.java,AssembledChronology,org.joda.time.chrono
getBase,repos/Time-27f/src/main/java/org/joda/time/chrono/AssembledChronology.java,AssembledChronology,org.joda.time.chrono
getParam,repos/Time-27f/src/main/java/org/joda/time/chrono/AssembledChronology.java,AssembledChronology,org.joda.time.chrono
setFields,repos/Time-27f/src/main/java/org/joda/time/chrono/AssembledChronology.java,AssembledChronology,org.joda.time.chrono
readObject,repos/Time-27f/src/main/java/org/joda/time/chrono/AssembledChronology.java,AssembledChronology,org.joda.time.chrono
copyFieldsFrom,repos/Time-27f/src/main/java/org/joda/time/chrono/AssembledChronology.java,AssembledChronology,org.joda.time.chrono
isSupported,repos/Time-27f/src/main/java/org/joda/time/chrono/AssembledChronology.java,AssembledChronology,org.joda.time.chrono
isSupported,repos/Time-27f/src/main/java/org/joda/time/chrono/AssembledChronology.java,AssembledChronology,org.joda.time.chrono
copyFieldsFrom,repos/Time-27f/src/main/java/org/joda/time/chrono/AssembledChronology.java,Fields,org.joda.time.chrono
isSupported,repos/Time-27f/src/main/java/org/joda/time/chrono/AssembledChronology.java,Fields,org.joda.time.chrono
isSupported,repos/Time-27f/src/main/java/org/joda/time/chrono/AssembledChronology.java,Fields,org.joda.time.chrono
getAsText,repos/Time-27f/src/main/java/org/joda/time/chrono/GJMonthOfYearDateTimeField.java,GJMonthOfYearDateTimeField,org.joda.time.chrono
getAsShortText,repos/Time-27f/src/main/java/org/joda/time/chrono/GJMonthOfYearDateTimeField.java,GJMonthOfYearDateTimeField,org.joda.time.chrono
convertText,repos/Time-27f/src/main/java/org/joda/time/chrono/GJMonthOfYearDateTimeField.java,GJMonthOfYearDateTimeField,org.joda.time.chrono
getMaximumTextLength,repos/Time-27f/src/main/java/org/joda/time/chrono/GJMonthOfYearDateTimeField.java,GJMonthOfYearDateTimeField,org.joda.time.chrono
getMaximumShortTextLength,repos/Time-27f/src/main/java/org/joda/time/chrono/GJMonthOfYearDateTimeField.java,GJMonthOfYearDateTimeField,org.joda.time.chrono
getInstanceUTC,repos/Time-27f/src/main/java/org/joda/time/chrono/CopticChronology.java,CopticChronology,org.joda.time.chrono
getInstance,repos/Time-27f/src/main/java/org/joda/time/chrono/CopticChronology.java,CopticChronology,org.joda.time.chrono
getInstance,repos/Time-27f/src/main/java/org/joda/time/chrono/CopticChronology.java,CopticChronology,org.joda.time.chrono
getInstance,repos/Time-27f/src/main/java/org/joda/time/chrono/CopticChronology.java,CopticChronology,org.joda.time.chrono
readResolve,repos/Time-27f/src/main/java/org/joda/time/chrono/CopticChronology.java,CopticChronology,org.joda.time.chrono
withUTC,repos/Time-27f/src/main/java/org/joda/time/chrono/CopticChronology.java,CopticChronology,org.joda.time.chrono
withZone,repos/Time-27f/src/main/java/org/joda/time/chrono/CopticChronology.java,CopticChronology,org.joda.time.chrono
calculateFirstDayOfYearMillis,repos/Time-27f/src/main/java/org/joda/time/chrono/CopticChronology.java,CopticChronology,org.joda.time.chrono
getMinYear,repos/Time-27f/src/main/java/org/joda/time/chrono/CopticChronology.java,CopticChronology,org.joda.time.chrono
getMaxYear,repos/Time-27f/src/main/java/org/joda/time/chrono/CopticChronology.java,CopticChronology,org.joda.time.chrono
getApproxMillisAtEpochDividedByTwo,repos/Time-27f/src/main/java/org/joda/time/chrono/CopticChronology.java,CopticChronology,org.joda.time.chrono
assemble,repos/Time-27f/src/main/java/org/joda/time/chrono/CopticChronology.java,CopticChronology,org.joda.time.chrono
setYear,repos/Time-27f/src/main/java/org/joda/time/chrono/BasicFixedMonthChronology.java,BasicFixedMonthChronology,org.joda.time.chrono
getYearDifference,repos/Time-27f/src/main/java/org/joda/time/chrono/BasicFixedMonthChronology.java,BasicFixedMonthChronology,org.joda.time.chrono
getTotalMillisByYearMonth,repos/Time-27f/src/main/java/org/joda/time/chrono/BasicFixedMonthChronology.java,BasicFixedMonthChronology,org.joda.time.chrono
getDayOfMonth,repos/Time-27f/src/main/java/org/joda/time/chrono/BasicFixedMonthChronology.java,BasicFixedMonthChronology,org.joda.time.chrono
isLeapYear,repos/Time-27f/src/main/java/org/joda/time/chrono/BasicFixedMonthChronology.java,BasicFixedMonthChronology,org.joda.time.chrono
getDaysInYearMonth,repos/Time-27f/src/main/java/org/joda/time/chrono/BasicFixedMonthChronology.java,BasicFixedMonthChronology,org.joda.time.chrono
getDaysInMonthMax,repos/Time-27f/src/main/java/org/joda/time/chrono/BasicFixedMonthChronology.java,BasicFixedMonthChronology,org.joda.time.chrono
getDaysInMonthMax,repos/Time-27f/src/main/java/org/joda/time/chrono/BasicFixedMonthChronology.java,BasicFixedMonthChronology,org.joda.time.chrono
getMonthOfYear,repos/Time-27f/src/main/java/org/joda/time/chrono/BasicFixedMonthChronology.java,BasicFixedMonthChronology,org.joda.time.chrono
getMonthOfYear,repos/Time-27f/src/main/java/org/joda/time/chrono/BasicFixedMonthChronology.java,BasicFixedMonthChronology,org.joda.time.chrono
getMaxMonth,repos/Time-27f/src/main/java/org/joda/time/chrono/BasicFixedMonthChronology.java,BasicFixedMonthChronology,org.joda.time.chrono
getAverageMillisPerYear,repos/Time-27f/src/main/java/org/joda/time/chrono/BasicFixedMonthChronology.java,BasicFixedMonthChronology,org.joda.time.chrono
getAverageMillisPerYearDividedByTwo,repos/Time-27f/src/main/java/org/joda/time/chrono/BasicFixedMonthChronology.java,BasicFixedMonthChronology,org.joda.time.chrono
getAverageMillisPerMonth,repos/Time-27f/src/main/java/org/joda/time/chrono/BasicFixedMonthChronology.java,BasicFixedMonthChronology,org.joda.time.chrono
getInstanceUTC,repos/Time-27f/src/main/java/org/joda/time/chrono/ISOChronology.java,ISOChronology,org.joda.time.chrono
getInstance,repos/Time-27f/src/main/java/org/joda/time/chrono/ISOChronology.java,ISOChronology,org.joda.time.chrono
getInstance,repos/Time-27f/src/main/java/org/joda/time/chrono/ISOChronology.java,ISOChronology,org.joda.time.chrono
withUTC,repos/Time-27f/src/main/java/org/joda/time/chrono/ISOChronology.java,ISOChronology,org.joda.time.chrono
withZone,repos/Time-27f/src/main/java/org/joda/time/chrono/ISOChronology.java,ISOChronology,org.joda.time.chrono
toString,repos/Time-27f/src/main/java/org/joda/time/chrono/ISOChronology.java,ISOChronology,org.joda.time.chrono
assemble,repos/Time-27f/src/main/java/org/joda/time/chrono/ISOChronology.java,ISOChronology,org.joda.time.chrono
equals,repos/Time-27f/src/main/java/org/joda/time/chrono/ISOChronology.java,ISOChronology,org.joda.time.chrono
hashCode,repos/Time-27f/src/main/java/org/joda/time/chrono/ISOChronology.java,ISOChronology,org.joda.time.chrono
writeReplace,repos/Time-27f/src/main/java/org/joda/time/chrono/ISOChronology.java,ISOChronology,org.joda.time.chrono
readResolve,repos/Time-27f/src/main/java/org/joda/time/chrono/ISOChronology.java,ISOChronology,org.joda.time.chrono
writeObject,repos/Time-27f/src/main/java/org/joda/time/chrono/ISOChronology.java,ISOChronology,org.joda.time.chrono
readObject,repos/Time-27f/src/main/java/org/joda/time/chrono/ISOChronology.java,ISOChronology,org.joda.time.chrono
readResolve,repos/Time-27f/src/main/java/org/joda/time/chrono/ISOChronology.java,Stub,org.joda.time.chrono
writeObject,repos/Time-27f/src/main/java/org/joda/time/chrono/ISOChronology.java,Stub,org.joda.time.chrono
readObject,repos/Time-27f/src/main/java/org/joda/time/chrono/ISOChronology.java,Stub,org.joda.time.chrono
getMonthOfYear,repos/Time-27f/src/main/java/org/joda/time/chrono/BasicGJChronology.java,BasicGJChronology,org.joda.time.chrono
getDaysInYearMonth,repos/Time-27f/src/main/java/org/joda/time/chrono/BasicGJChronology.java,BasicGJChronology,org.joda.time.chrono
getDaysInMonthMax,repos/Time-27f/src/main/java/org/joda/time/chrono/BasicGJChronology.java,BasicGJChronology,org.joda.time.chrono
getDaysInMonthMaxForSet,repos/Time-27f/src/main/java/org/joda/time/chrono/BasicGJChronology.java,BasicGJChronology,org.joda.time.chrono
getTotalMillisByYearMonth,repos/Time-27f/src/main/java/org/joda/time/chrono/BasicGJChronology.java,BasicGJChronology,org.joda.time.chrono
getYearDifference,repos/Time-27f/src/main/java/org/joda/time/chrono/BasicGJChronology.java,BasicGJChronology,org.joda.time.chrono
setYear,repos/Time-27f/src/main/java/org/joda/time/chrono/BasicGJChronology.java,BasicGJChronology,org.joda.time.chrono
convertByYear,repos/Time-27f/src/main/java/org/joda/time/chrono/GJChronology.java,GJChronology,org.joda.time.chrono
convertByWeekyear,repos/Time-27f/src/main/java/org/joda/time/chrono/GJChronology.java,GJChronology,org.joda.time.chrono
getInstanceUTC,repos/Time-27f/src/main/java/org/joda/time/chrono/GJChronology.java,GJChronology,org.joda.time.chrono
getInstance,repos/Time-27f/src/main/java/org/joda/time/chrono/GJChronology.java,GJChronology,org.joda.time.chrono
getInstance,repos/Time-27f/src/main/java/org/joda/time/chrono/GJChronology.java,GJChronology,org.joda.time.chrono
getInstance,repos/Time-27f/src/main/java/org/joda/time/chrono/GJChronology.java,GJChronology,org.joda.time.chrono
getInstance,repos/Time-27f/src/main/java/org/joda/time/chrono/GJChronology.java,GJChronology,org.joda.time.chrono
getInstance,repos/Time-27f/src/main/java/org/joda/time/chrono/GJChronology.java,GJChronology,org.joda.time.chrono
readResolve,repos/Time-27f/src/main/java/org/joda/time/chrono/GJChronology.java,GJChronology,org.joda.time.chrono
getZone,repos/Time-27f/src/main/java/org/joda/time/chrono/GJChronology.java,GJChronology,org.joda.time.chrono
withUTC,repos/Time-27f/src/main/java/org/joda/time/chrono/GJChronology.java,GJChronology,org.joda.time.chrono
withZone,repos/Time-27f/src/main/java/org/joda/time/chrono/GJChronology.java,GJChronology,org.joda.time.chrono
getDateTimeMillis,repos/Time-27f/src/main/java/org/joda/time/chrono/GJChronology.java,GJChronology,org.joda.time.chrono
getDateTimeMillis,repos/Time-27f/src/main/java/org/joda/time/chrono/GJChronology.java,GJChronology,org.joda.time.chrono
getGregorianCutover,repos/Time-27f/src/main/java/org/joda/time/chrono/GJChronology.java,GJChronology,org.joda.time.chrono
getMinimumDaysInFirstWeek,repos/Time-27f/src/main/java/org/joda/time/chrono/GJChronology.java,GJChronology,org.joda.time.chrono
equals,repos/Time-27f/src/main/java/org/joda/time/chrono/GJChronology.java,GJChronology,org.joda.time.chrono
hashCode,repos/Time-27f/src/main/java/org/joda/time/chrono/GJChronology.java,GJChronology,org.joda.time.chrono
toString,repos/Time-27f/src/main/java/org/joda/time/chrono/GJChronology.java,GJChronology,org.joda.time.chrono
assemble,repos/Time-27f/src/main/java/org/joda/time/chrono/GJChronology.java,GJChronology,org.joda.time.chrono
julianToGregorianByYear,repos/Time-27f/src/main/java/org/joda/time/chrono/GJChronology.java,GJChronology,org.joda.time.chrono
gregorianToJulianByYear,repos/Time-27f/src/main/java/org/joda/time/chrono/GJChronology.java,GJChronology,org.joda.time.chrono
julianToGregorianByWeekyear,repos/Time-27f/src/main/java/org/joda/time/chrono/GJChronology.java,GJChronology,org.joda.time.chrono
gregorianToJulianByWeekyear,repos/Time-27f/src/main/java/org/joda/time/chrono/GJChronology.java,GJChronology,org.joda.time.chrono
isLenient,repos/Time-27f/src/main/java/org/joda/time/chrono/GJChronology.java,GJChronology,org.joda.time.chrono
get,repos/Time-27f/src/main/java/org/joda/time/chrono/GJChronology.java,GJChronology,org.joda.time.chrono
getAsText,repos/Time-27f/src/main/java/org/joda/time/chrono/GJChronology.java,GJChronology,org.joda.time.chrono
getAsText,repos/Time-27f/src/main/java/org/joda/time/chrono/GJChronology.java,GJChronology,org.joda.time.chrono
getAsShortText,repos/Time-27f/src/main/java/org/joda/time/chrono/GJChronology.java,GJChronology,org.joda.time.chrono
getAsShortText,repos/Time-27f/src/main/java/org/joda/time/chrono/GJChronology.java,GJChronology,org.joda.time.chrono
add,repos/Time-27f/src/main/java/org/joda/time/chrono/GJChronology.java,GJChronology,org.joda.time.chrono
add,repos/Time-27f/src/main/java/org/joda/time/chrono/GJChronology.java,GJChronology,org.joda.time.chrono
add,repos/Time-27f/src/main/java/org/joda/time/chrono/GJChronology.java,GJChronology,org.joda.time.chrono
getDifference,repos/Time-27f/src/main/java/org/joda/time/chrono/GJChronology.java,GJChronology,org.joda.time.chrono
getDifferenceAsLong,repos/Time-27f/src/main/java/org/joda/time/chrono/GJChronology.java,GJChronology,org.joda.time.chrono
set,repos/Time-27f/src/main/java/org/joda/time/chrono/GJChronology.java,GJChronology,org.joda.time.chrono
set,repos/Time-27f/src/main/java/org/joda/time/chrono/GJChronology.java,GJChronology,org.joda.time.chrono
getDurationField,repos/Time-27f/src/main/java/org/joda/time/chrono/GJChronology.java,GJChronology,org.joda.time.chrono
getRangeDurationField,repos/Time-27f/src/main/java/org/joda/time/chrono/GJChronology.java,GJChronology,org.joda.time.chrono
isLeap,repos/Time-27f/src/main/java/org/joda/time/chrono/GJChronology.java,GJChronology,org.joda.time.chrono
getLeapAmount,repos/Time-27f/src/main/java/org/joda/time/chrono/GJChronology.java,GJChronology,org.joda.time.chrono
getLeapDurationField,repos/Time-27f/src/main/java/org/joda/time/chrono/GJChronology.java,GJChronology,org.joda.time.chrono
getMinimumValue,repos/Time-27f/src/main/java/org/joda/time/chrono/GJChronology.java,GJChronology,org.joda.time.chrono
getMinimumValue,repos/Time-27f/src/main/java/org/joda/time/chrono/GJChronology.java,GJChronology,org.joda.time.chrono
getMinimumValue,repos/Time-27f/src/main/java/org/joda/time/chrono/GJChronology.java,GJChronology,org.joda.time.chrono
getMinimumValue,repos/Time-27f/src/main/java/org/joda/time/chrono/GJChronology.java,GJChronology,org.joda.time.chrono
getMaximumValue,repos/Time-27f/src/main/java/org/joda/time/chrono/GJChronology.java,GJChronology,org.joda.time.chrono
getMaximumValue,repos/Time-27f/src/main/java/org/joda/time/chrono/GJChronology.java,GJChronology,org.joda.time.chrono
getMaximumValue,repos/Time-27f/src/main/java/org/joda/time/chrono/GJChronology.java,GJChronology,org.joda.time.chrono
getMaximumValue,repos/Time-27f/src/main/java/org/joda/time/chrono/GJChronology.java,GJChronology,org.joda.time.chrono
roundFloor,repos/Time-27f/src/main/java/org/joda/time/chrono/GJChronology.java,GJChronology,org.joda.time.chrono
roundCeiling,repos/Time-27f/src/main/java/org/joda/time/chrono/GJChronology.java,GJChronology,org.joda.time.chrono
getMaximumTextLength,repos/Time-27f/src/main/java/org/joda/time/chrono/GJChronology.java,GJChronology,org.joda.time.chrono
getMaximumShortTextLength,repos/Time-27f/src/main/java/org/joda/time/chrono/GJChronology.java,GJChronology,org.joda.time.chrono
julianToGregorian,repos/Time-27f/src/main/java/org/joda/time/chrono/GJChronology.java,GJChronology,org.joda.time.chrono
gregorianToJulian,repos/Time-27f/src/main/java/org/joda/time/chrono/GJChronology.java,GJChronology,org.joda.time.chrono
add,repos/Time-27f/src/main/java/org/joda/time/chrono/GJChronology.java,GJChronology,org.joda.time.chrono
add,repos/Time-27f/src/main/java/org/joda/time/chrono/GJChronology.java,GJChronology,org.joda.time.chrono
getDifference,repos/Time-27f/src/main/java/org/joda/time/chrono/GJChronology.java,GJChronology,org.joda.time.chrono
getDifferenceAsLong,repos/Time-27f/src/main/java/org/joda/time/chrono/GJChronology.java,GJChronology,org.joda.time.chrono
getMinimumValue,repos/Time-27f/src/main/java/org/joda/time/chrono/GJChronology.java,GJChronology,org.joda.time.chrono
getMaximumValue,repos/Time-27f/src/main/java/org/joda/time/chrono/GJChronology.java,GJChronology,org.joda.time.chrono
add,repos/Time-27f/src/main/java/org/joda/time/chrono/GJChronology.java,GJChronology,org.joda.time.chrono
add,repos/Time-27f/src/main/java/org/joda/time/chrono/GJChronology.java,GJChronology,org.joda.time.chrono
getDifference,repos/Time-27f/src/main/java/org/joda/time/chrono/GJChronology.java,GJChronology,org.joda.time.chrono
getDifferenceAsLong,repos/Time-27f/src/main/java/org/joda/time/chrono/GJChronology.java,GJChronology,org.joda.time.chrono
isLenient,repos/Time-27f/src/main/java/org/joda/time/chrono/GJChronology.java,CutoverField,org.joda.time.chrono
get,repos/Time-27f/src/main/java/org/joda/time/chrono/GJChronology.java,CutoverField,org.joda.time.chrono
getAsText,repos/Time-27f/src/main/java/org/joda/time/chrono/GJChronology.java,CutoverField,org.joda.time.chrono
getAsText,repos/Time-27f/src/main/java/org/joda/time/chrono/GJChronology.java,CutoverField,org.joda.time.chrono
getAsShortText,repos/Time-27f/src/main/java/org/joda/time/chrono/GJChronology.java,CutoverField,org.joda.time.chrono
getAsShortText,repos/Time-27f/src/main/java/org/joda/time/chrono/GJChronology.java,CutoverField,org.joda.time.chrono
add,repos/Time-27f/src/main/java/org/joda/time/chrono/GJChronology.java,CutoverField,org.joda.time.chrono
add,repos/Time-27f/src/main/java/org/joda/time/chrono/GJChronology.java,CutoverField,org.joda.time.chrono
add,repos/Time-27f/src/main/java/org/joda/time/chrono/GJChronology.java,CutoverField,org.joda.time.chrono
getDifference,repos/Time-27f/src/main/java/org/joda/time/chrono/GJChronology.java,CutoverField,org.joda.time.chrono
getDifferenceAsLong,repos/Time-27f/src/main/java/org/joda/time/chrono/GJChronology.java,CutoverField,org.joda.time.chrono
set,repos/Time-27f/src/main/java/org/joda/time/chrono/GJChronology.java,CutoverField,org.joda.time.chrono
set,repos/Time-27f/src/main/java/org/joda/time/chrono/GJChronology.java,CutoverField,org.joda.time.chrono
getDurationField,repos/Time-27f/src/main/java/org/joda/time/chrono/GJChronology.java,CutoverField,org.joda.time.chrono
getRangeDurationField,repos/Time-27f/src/main/java/org/joda/time/chrono/GJChronology.java,CutoverField,org.joda.time.chrono
isLeap,repos/Time-27f/src/main/java/org/joda/time/chrono/GJChronology.java,CutoverField,org.joda.time.chrono
getLeapAmount,repos/Time-27f/src/main/java/org/joda/time/chrono/GJChronology.java,CutoverField,org.joda.time.chrono
getLeapDurationField,repos/Time-27f/src/main/java/org/joda/time/chrono/GJChronology.java,CutoverField,org.joda.time.chrono
getMinimumValue,repos/Time-27f/src/main/java/org/joda/time/chrono/GJChronology.java,CutoverField,org.joda.time.chrono
getMinimumValue,repos/Time-27f/src/main/java/org/joda/time/chrono/GJChronology.java,CutoverField,org.joda.time.chrono
getMinimumValue,repos/Time-27f/src/main/java/org/joda/time/chrono/GJChronology.java,CutoverField,org.joda.time.chrono
getMinimumValue,repos/Time-27f/src/main/java/org/joda/time/chrono/GJChronology.java,CutoverField,org.joda.time.chrono
getMaximumValue,repos/Time-27f/src/main/java/org/joda/time/chrono/GJChronology.java,CutoverField,org.joda.time.chrono
getMaximumValue,repos/Time-27f/src/main/java/org/joda/time/chrono/GJChronology.java,CutoverField,org.joda.time.chrono
getMaximumValue,repos/Time-27f/src/main/java/org/joda/time/chrono/GJChronology.java,CutoverField,org.joda.time.chrono
getMaximumValue,repos/Time-27f/src/main/java/org/joda/time/chrono/GJChronology.java,CutoverField,org.joda.time.chrono
roundFloor,repos/Time-27f/src/main/java/org/joda/time/chrono/GJChronology.java,CutoverField,org.joda.time.chrono
roundCeiling,repos/Time-27f/src/main/java/org/joda/time/chrono/GJChronology.java,CutoverField,org.joda.time.chrono
getMaximumTextLength,repos/Time-27f/src/main/java/org/joda/time/chrono/GJChronology.java,CutoverField,org.joda.time.chrono
getMaximumShortTextLength,repos/Time-27f/src/main/java/org/joda/time/chrono/GJChronology.java,CutoverField,org.joda.time.chrono
julianToGregorian,repos/Time-27f/src/main/java/org/joda/time/chrono/GJChronology.java,CutoverField,org.joda.time.chrono
gregorianToJulian,repos/Time-27f/src/main/java/org/joda/time/chrono/GJChronology.java,CutoverField,org.joda.time.chrono
add,repos/Time-27f/src/main/java/org/joda/time/chrono/GJChronology.java,ImpreciseCutoverField,org.joda.time.chrono
add,repos/Time-27f/src/main/java/org/joda/time/chrono/GJChronology.java,ImpreciseCutoverField,org.joda.time.chrono
getDifference,repos/Time-27f/src/main/java/org/joda/time/chrono/GJChronology.java,ImpreciseCutoverField,org.joda.time.chrono
getDifferenceAsLong,repos/Time-27f/src/main/java/org/joda/time/chrono/GJChronology.java,ImpreciseCutoverField,org.joda.time.chrono
getMinimumValue,repos/Time-27f/src/main/java/org/joda/time/chrono/GJChronology.java,ImpreciseCutoverField,org.joda.time.chrono
getMaximumValue,repos/Time-27f/src/main/java/org/joda/time/chrono/GJChronology.java,ImpreciseCutoverField,org.joda.time.chrono
add,repos/Time-27f/src/main/java/org/joda/time/chrono/GJChronology.java,LinkedDurationField,org.joda.time.chrono
add,repos/Time-27f/src/main/java/org/joda/time/chrono/GJChronology.java,LinkedDurationField,org.joda.time.chrono
getDifference,repos/Time-27f/src/main/java/org/joda/time/chrono/GJChronology.java,LinkedDurationField,org.joda.time.chrono
getDifferenceAsLong,repos/Time-27f/src/main/java/org/joda/time/chrono/GJChronology.java,LinkedDurationField,org.joda.time.chrono
getInstance,repos/Time-27f/src/main/java/org/joda/time/chrono/StrictChronology.java,StrictChronology,org.joda.time.chrono
withUTC,repos/Time-27f/src/main/java/org/joda/time/chrono/StrictChronology.java,StrictChronology,org.joda.time.chrono
withZone,repos/Time-27f/src/main/java/org/joda/time/chrono/StrictChronology.java,StrictChronology,org.joda.time.chrono
assemble,repos/Time-27f/src/main/java/org/joda/time/chrono/StrictChronology.java,StrictChronology,org.joda.time.chrono
convertField,repos/Time-27f/src/main/java/org/joda/time/chrono/StrictChronology.java,StrictChronology,org.joda.time.chrono
equals,repos/Time-27f/src/main/java/org/joda/time/chrono/StrictChronology.java,StrictChronology,org.joda.time.chrono
hashCode,repos/Time-27f/src/main/java/org/joda/time/chrono/StrictChronology.java,StrictChronology,org.joda.time.chrono
toString,repos/Time-27f/src/main/java/org/joda/time/chrono/StrictChronology.java,StrictChronology,org.joda.time.chrono
getInstanceUTC,repos/Time-27f/src/main/java/org/joda/time/chrono/BuddhistChronology.java,BuddhistChronology,org.joda.time.chrono
getInstance,repos/Time-27f/src/main/java/org/joda/time/chrono/BuddhistChronology.java,BuddhistChronology,org.joda.time.chrono
getInstance,repos/Time-27f/src/main/java/org/joda/time/chrono/BuddhistChronology.java,BuddhistChronology,org.joda.time.chrono
readResolve,repos/Time-27f/src/main/java/org/joda/time/chrono/BuddhistChronology.java,BuddhistChronology,org.joda.time.chrono
withUTC,repos/Time-27f/src/main/java/org/joda/time/chrono/BuddhistChronology.java,BuddhistChronology,org.joda.time.chrono
withZone,repos/Time-27f/src/main/java/org/joda/time/chrono/BuddhistChronology.java,BuddhistChronology,org.joda.time.chrono
equals,repos/Time-27f/src/main/java/org/joda/time/chrono/BuddhistChronology.java,BuddhistChronology,org.joda.time.chrono
hashCode,repos/Time-27f/src/main/java/org/joda/time/chrono/BuddhistChronology.java,BuddhistChronology,org.joda.time.chrono
toString,repos/Time-27f/src/main/java/org/joda/time/chrono/BuddhistChronology.java,BuddhistChronology,org.joda.time.chrono
assemble,repos/Time-27f/src/main/java/org/joda/time/chrono/BuddhistChronology.java,BuddhistChronology,org.joda.time.chrono
isLenient,repos/Time-27f/src/main/java/org/joda/time/chrono/BasicSingleEraDateTimeField.java,BasicSingleEraDateTimeField,org.joda.time.chrono
get,repos/Time-27f/src/main/java/org/joda/time/chrono/BasicSingleEraDateTimeField.java,BasicSingleEraDateTimeField,org.joda.time.chrono
set,repos/Time-27f/src/main/java/org/joda/time/chrono/BasicSingleEraDateTimeField.java,BasicSingleEraDateTimeField,org.joda.time.chrono
set,repos/Time-27f/src/main/java/org/joda/time/chrono/BasicSingleEraDateTimeField.java,BasicSingleEraDateTimeField,org.joda.time.chrono
roundFloor,repos/Time-27f/src/main/java/org/joda/time/chrono/BasicSingleEraDateTimeField.java,BasicSingleEraDateTimeField,org.joda.time.chrono
roundCeiling,repos/Time-27f/src/main/java/org/joda/time/chrono/BasicSingleEraDateTimeField.java,BasicSingleEraDateTimeField,org.joda.time.chrono
roundHalfFloor,repos/Time-27f/src/main/java/org/joda/time/chrono/BasicSingleEraDateTimeField.java,BasicSingleEraDateTimeField,org.joda.time.chrono
roundHalfCeiling,repos/Time-27f/src/main/java/org/joda/time/chrono/BasicSingleEraDateTimeField.java,BasicSingleEraDateTimeField,org.joda.time.chrono
roundHalfEven,repos/Time-27f/src/main/java/org/joda/time/chrono/BasicSingleEraDateTimeField.java,BasicSingleEraDateTimeField,org.joda.time.chrono
getDurationField,repos/Time-27f/src/main/java/org/joda/time/chrono/BasicSingleEraDateTimeField.java,BasicSingleEraDateTimeField,org.joda.time.chrono
getRangeDurationField,repos/Time-27f/src/main/java/org/joda/time/chrono/BasicSingleEraDateTimeField.java,BasicSingleEraDateTimeField,org.joda.time.chrono
getMinimumValue,repos/Time-27f/src/main/java/org/joda/time/chrono/BasicSingleEraDateTimeField.java,BasicSingleEraDateTimeField,org.joda.time.chrono
getMaximumValue,repos/Time-27f/src/main/java/org/joda/time/chrono/BasicSingleEraDateTimeField.java,BasicSingleEraDateTimeField,org.joda.time.chrono
getAsText,repos/Time-27f/src/main/java/org/joda/time/chrono/BasicSingleEraDateTimeField.java,BasicSingleEraDateTimeField,org.joda.time.chrono
getMaximumTextLength,repos/Time-27f/src/main/java/org/joda/time/chrono/BasicSingleEraDateTimeField.java,BasicSingleEraDateTimeField,org.joda.time.chrono
get,repos/Time-27f/src/main/java/org/joda/time/chrono/GJDayOfWeekDateTimeField.java,GJDayOfWeekDateTimeField,org.joda.time.chrono
getAsText,repos/Time-27f/src/main/java/org/joda/time/chrono/GJDayOfWeekDateTimeField.java,GJDayOfWeekDateTimeField,org.joda.time.chrono
getAsShortText,repos/Time-27f/src/main/java/org/joda/time/chrono/GJDayOfWeekDateTimeField.java,GJDayOfWeekDateTimeField,org.joda.time.chrono
convertText,repos/Time-27f/src/main/java/org/joda/time/chrono/GJDayOfWeekDateTimeField.java,GJDayOfWeekDateTimeField,org.joda.time.chrono
getRangeDurationField,repos/Time-27f/src/main/java/org/joda/time/chrono/GJDayOfWeekDateTimeField.java,GJDayOfWeekDateTimeField,org.joda.time.chrono
getMinimumValue,repos/Time-27f/src/main/java/org/joda/time/chrono/GJDayOfWeekDateTimeField.java,GJDayOfWeekDateTimeField,org.joda.time.chrono
getMaximumValue,repos/Time-27f/src/main/java/org/joda/time/chrono/GJDayOfWeekDateTimeField.java,GJDayOfWeekDateTimeField,org.joda.time.chrono
getMaximumTextLength,repos/Time-27f/src/main/java/org/joda/time/chrono/GJDayOfWeekDateTimeField.java,GJDayOfWeekDateTimeField,org.joda.time.chrono
getMaximumShortTextLength,repos/Time-27f/src/main/java/org/joda/time/chrono/GJDayOfWeekDateTimeField.java,GJDayOfWeekDateTimeField,org.joda.time.chrono
readResolve,repos/Time-27f/src/main/java/org/joda/time/chrono/GJDayOfWeekDateTimeField.java,GJDayOfWeekDateTimeField,org.joda.time.chrono
get,repos/Time-27f/src/main/java/org/joda/time/chrono/BasicDayOfMonthDateTimeField.java,BasicDayOfMonthDateTimeField,org.joda.time.chrono
getRangeDurationField,repos/Time-27f/src/main/java/org/joda/time/chrono/BasicDayOfMonthDateTimeField.java,BasicDayOfMonthDateTimeField,org.joda.time.chrono
getMinimumValue,repos/Time-27f/src/main/java/org/joda/time/chrono/BasicDayOfMonthDateTimeField.java,BasicDayOfMonthDateTimeField,org.joda.time.chrono
getMaximumValue,repos/Time-27f/src/main/java/org/joda/time/chrono/BasicDayOfMonthDateTimeField.java,BasicDayOfMonthDateTimeField,org.joda.time.chrono
getMaximumValue,repos/Time-27f/src/main/java/org/joda/time/chrono/BasicDayOfMonthDateTimeField.java,BasicDayOfMonthDateTimeField,org.joda.time.chrono
getMaximumValue,repos/Time-27f/src/main/java/org/joda/time/chrono/BasicDayOfMonthDateTimeField.java,BasicDayOfMonthDateTimeField,org.joda.time.chrono
getMaximumValue,repos/Time-27f/src/main/java/org/joda/time/chrono/BasicDayOfMonthDateTimeField.java,BasicDayOfMonthDateTimeField,org.joda.time.chrono
getMaximumValueForSet,repos/Time-27f/src/main/java/org/joda/time/chrono/BasicDayOfMonthDateTimeField.java,BasicDayOfMonthDateTimeField,org.joda.time.chrono
readResolve,repos/Time-27f/src/main/java/org/joda/time/chrono/BasicDayOfMonthDateTimeField.java,BasicDayOfMonthDateTimeField,org.joda.time.chrono
toInterval,repos/Time-27f/src/main/java/org/joda/time/Interval.java,Interval,org.joda.time
overlap,repos/Time-27f/src/main/java/org/joda/time/Interval.java,Interval,org.joda.time
gap,repos/Time-27f/src/main/java/org/joda/time/Interval.java,Interval,org.joda.time
abuts,repos/Time-27f/src/main/java/org/joda/time/Interval.java,Interval,org.joda.time
withChronology,repos/Time-27f/src/main/java/org/joda/time/Interval.java,Interval,org.joda.time
withStartMillis,repos/Time-27f/src/main/java/org/joda/time/Interval.java,Interval,org.joda.time
withStart,repos/Time-27f/src/main/java/org/joda/time/Interval.java,Interval,org.joda.time
withEndMillis,repos/Time-27f/src/main/java/org/joda/time/Interval.java,Interval,org.joda.time
withEnd,repos/Time-27f/src/main/java/org/joda/time/Interval.java,Interval,org.joda.time
withDurationAfterStart,repos/Time-27f/src/main/java/org/joda/time/Interval.java,Interval,org.joda.time
withDurationBeforeEnd,repos/Time-27f/src/main/java/org/joda/time/Interval.java,Interval,org.joda.time
withPeriodAfterStart,repos/Time-27f/src/main/java/org/joda/time/Interval.java,Interval,org.joda.time
withPeriodBeforeEnd,repos/Time-27f/src/main/java/org/joda/time/Interval.java,Interval,org.joda.time
clear,repos/Time-27f/src/main/java/org/joda/time/ReadWritablePeriod.java,ReadWritablePeriod,org.joda.time
setValue,repos/Time-27f/src/main/java/org/joda/time/ReadWritablePeriod.java,ReadWritablePeriod,org.joda.time
set,repos/Time-27f/src/main/java/org/joda/time/ReadWritablePeriod.java,ReadWritablePeriod,org.joda.time
setPeriod,repos/Time-27f/src/main/java/org/joda/time/ReadWritablePeriod.java,ReadWritablePeriod,org.joda.time
setPeriod,repos/Time-27f/src/main/java/org/joda/time/ReadWritablePeriod.java,ReadWritablePeriod,org.joda.time
setPeriod,repos/Time-27f/src/main/java/org/joda/time/ReadWritablePeriod.java,ReadWritablePeriod,org.joda.time
add,repos/Time-27f/src/main/java/org/joda/time/ReadWritablePeriod.java,ReadWritablePeriod,org.joda.time
add,repos/Time-27f/src/main/java/org/joda/time/ReadWritablePeriod.java,ReadWritablePeriod,org.joda.time
add,repos/Time-27f/src/main/java/org/joda/time/ReadWritablePeriod.java,ReadWritablePeriod,org.joda.time
add,repos/Time-27f/src/main/java/org/joda/time/ReadWritablePeriod.java,ReadWritablePeriod,org.joda.time
setYears,repos/Time-27f/src/main/java/org/joda/time/ReadWritablePeriod.java,ReadWritablePeriod,org.joda.time
addYears,repos/Time-27f/src/main/java/org/joda/time/ReadWritablePeriod.java,ReadWritablePeriod,org.joda.time
setMonths,repos/Time-27f/src/main/java/org/joda/time/ReadWritablePeriod.java,ReadWritablePeriod,org.joda.time
addMonths,repos/Time-27f/src/main/java/org/joda/time/ReadWritablePeriod.java,ReadWritablePeriod,org.joda.time
setWeeks,repos/Time-27f/src/main/java/org/joda/time/ReadWritablePeriod.java,ReadWritablePeriod,org.joda.time
addWeeks,repos/Time-27f/src/main/java/org/joda/time/ReadWritablePeriod.java,ReadWritablePeriod,org.joda.time
setDays,repos/Time-27f/src/main/java/org/joda/time/ReadWritablePeriod.java,ReadWritablePeriod,org.joda.time
addDays,repos/Time-27f/src/main/java/org/joda/time/ReadWritablePeriod.java,ReadWritablePeriod,org.joda.time
setHours,repos/Time-27f/src/main/java/org/joda/time/ReadWritablePeriod.java,ReadWritablePeriod,org.joda.time
addHours,repos/Time-27f/src/main/java/org/joda/time/ReadWritablePeriod.java,ReadWritablePeriod,org.joda.time
setMinutes,repos/Time-27f/src/main/java/org/joda/time/ReadWritablePeriod.java,ReadWritablePeriod,org.joda.time
addMinutes,repos/Time-27f/src/main/java/org/joda/time/ReadWritablePeriod.java,ReadWritablePeriod,org.joda.time
setSeconds,repos/Time-27f/src/main/java/org/joda/time/ReadWritablePeriod.java,ReadWritablePeriod,org.joda.time
addSeconds,repos/Time-27f/src/main/java/org/joda/time/ReadWritablePeriod.java,ReadWritablePeriod,org.joda.time
setMillis,repos/Time-27f/src/main/java/org/joda/time/ReadWritablePeriod.java,ReadWritablePeriod,org.joda.time
addMillis,repos/Time-27f/src/main/java/org/joda/time/ReadWritablePeriod.java,ReadWritablePeriod,org.joda.time
getInstance,repos/Time-27f/src/main/java/org/joda/time/DateTimeComparator.java,DateTimeComparator,org.joda.time
getInstance,repos/Time-27f/src/main/java/org/joda/time/DateTimeComparator.java,DateTimeComparator,org.joda.time
getInstance,repos/Time-27f/src/main/java/org/joda/time/DateTimeComparator.java,DateTimeComparator,org.joda.time
getDateOnlyInstance,repos/Time-27f/src/main/java/org/joda/time/DateTimeComparator.java,DateTimeComparator,org.joda.time
getTimeOnlyInstance,repos/Time-27f/src/main/java/org/joda/time/DateTimeComparator.java,DateTimeComparator,org.joda.time
getLowerLimit,repos/Time-27f/src/main/java/org/joda/time/DateTimeComparator.java,DateTimeComparator,org.joda.time
getUpperLimit,repos/Time-27f/src/main/java/org/joda/time/DateTimeComparator.java,DateTimeComparator,org.joda.time
compare,repos/Time-27f/src/main/java/org/joda/time/DateTimeComparator.java,DateTimeComparator,org.joda.time
readResolve,repos/Time-27f/src/main/java/org/joda/time/DateTimeComparator.java,DateTimeComparator,org.joda.time
fromCalendarFields,repos/Time-27f/src/main/java/org/joda/time/LocalDateTime.java,LocalDateTime,org.joda.time
fromDateFields,repos/Time-27f/src/main/java/org/joda/time/LocalDateTime.java,LocalDateTime,org.joda.time
size,repos/Time-27f/src/main/java/org/joda/time/LocalDateTime.java,LocalDateTime,org.joda.time
getField,repos/Time-27f/src/main/java/org/joda/time/LocalDateTime.java,LocalDateTime,org.joda.time
getValue,repos/Time-27f/src/main/java/org/joda/time/LocalDateTime.java,LocalDateTime,org.joda.time
get,repos/Time-27f/src/main/java/org/joda/time/LocalDateTime.java,LocalDateTime,org.joda.time
isSupported,repos/Time-27f/src/main/java/org/joda/time/LocalDateTime.java,LocalDateTime,org.joda.time
isSupported,repos/Time-27f/src/main/java/org/joda/time/LocalDateTime.java,LocalDateTime,org.joda.time
getLocalMillis,repos/Time-27f/src/main/java/org/joda/time/LocalDateTime.java,LocalDateTime,org.joda.time
getChronology,repos/Time-27f/src/main/java/org/joda/time/LocalDateTime.java,LocalDateTime,org.joda.time
equals,repos/Time-27f/src/main/java/org/joda/time/LocalDateTime.java,LocalDateTime,org.joda.time
compareTo,repos/Time-27f/src/main/java/org/joda/time/LocalDateTime.java,LocalDateTime,org.joda.time
toDateTime,repos/Time-27f/src/main/java/org/joda/time/LocalDateTime.java,LocalDateTime,org.joda.time
toDateTime,repos/Time-27f/src/main/java/org/joda/time/LocalDateTime.java,LocalDateTime,org.joda.time
toLocalDate,repos/Time-27f/src/main/java/org/joda/time/LocalDateTime.java,LocalDateTime,org.joda.time
toLocalTime,repos/Time-27f/src/main/java/org/joda/time/LocalDateTime.java,LocalDateTime,org.joda.time
toDate,repos/Time-27f/src/main/java/org/joda/time/LocalDateTime.java,LocalDateTime,org.joda.time
withLocalMillis,repos/Time-27f/src/main/java/org/joda/time/LocalDateTime.java,LocalDateTime,org.joda.time
withDate,repos/Time-27f/src/main/java/org/joda/time/LocalDateTime.java,LocalDateTime,org.joda.time
withTime,repos/Time-27f/src/main/java/org/joda/time/LocalDateTime.java,LocalDateTime,org.joda.time
withFields,repos/Time-27f/src/main/java/org/joda/time/LocalDateTime.java,LocalDateTime,org.joda.time
withField,repos/Time-27f/src/main/java/org/joda/time/LocalDateTime.java,LocalDateTime,org.joda.time
withFieldAdded,repos/Time-27f/src/main/java/org/joda/time/LocalDateTime.java,LocalDateTime,org.joda.time
withDurationAdded,repos/Time-27f/src/main/java/org/joda/time/LocalDateTime.java,LocalDateTime,org.joda.time
withPeriodAdded,repos/Time-27f/src/main/java/org/joda/time/LocalDateTime.java,LocalDateTime,org.joda.time
plus,repos/Time-27f/src/main/java/org/joda/time/LocalDateTime.java,LocalDateTime,org.joda.time
plus,repos/Time-27f/src/main/java/org/joda/time/LocalDateTime.java,LocalDateTime,org.joda.time
plusYears,repos/Time-27f/src/main/java/org/joda/time/LocalDateTime.java,LocalDateTime,org.joda.time
plusMonths,repos/Time-27f/src/main/java/org/joda/time/LocalDateTime.java,LocalDateTime,org.joda.time
plusWeeks,repos/Time-27f/src/main/java/org/joda/time/LocalDateTime.java,LocalDateTime,org.joda.time
plusDays,repos/Time-27f/src/main/java/org/joda/time/LocalDateTime.java,LocalDateTime,org.joda.time
plusHours,repos/Time-27f/src/main/java/org/joda/time/LocalDateTime.java,LocalDateTime,org.joda.time
plusMinutes,repos/Time-27f/src/main/java/org/joda/time/LocalDateTime.java,LocalDateTime,org.joda.time
plusSeconds,repos/Time-27f/src/main/java/org/joda/time/LocalDateTime.java,LocalDateTime,org.joda.time
plusMillis,repos/Time-27f/src/main/java/org/joda/time/LocalDateTime.java,LocalDateTime,org.joda.time
minus,repos/Time-27f/src/main/java/org/joda/time/LocalDateTime.java,LocalDateTime,org.joda.time
minus,repos/Time-27f/src/main/java/org/joda/time/LocalDateTime.java,LocalDateTime,org.joda.time
minusYears,repos/Time-27f/src/main/java/org/joda/time/LocalDateTime.java,LocalDateTime,org.joda.time
minusMonths,repos/Time-27f/src/main/java/org/joda/time/LocalDateTime.java,LocalDateTime,org.joda.time
minusWeeks,repos/Time-27f/src/main/java/org/joda/time/LocalDateTime.java,LocalDateTime,org.joda.time
minusDays,repos/Time-27f/src/main/java/org/joda/time/LocalDateTime.java,LocalDateTime,org.joda.time
minusHours,repos/Time-27f/src/main/java/org/joda/time/LocalDateTime.java,LocalDateTime,org.joda.time
minusMinutes,repos/Time-27f/src/main/java/org/joda/time/LocalDateTime.java,LocalDateTime,org.joda.time
minusSeconds,repos/Time-27f/src/main/java/org/joda/time/LocalDateTime.java,LocalDateTime,org.joda.time
minusMillis,repos/Time-27f/src/main/java/org/joda/time/LocalDateTime.java,LocalDateTime,org.joda.time
property,repos/Time-27f/src/main/java/org/joda/time/LocalDateTime.java,LocalDateTime,org.joda.time
getEra,repos/Time-27f/src/main/java/org/joda/time/LocalDateTime.java,LocalDateTime,org.joda.time
getCenturyOfEra,repos/Time-27f/src/main/java/org/joda/time/LocalDateTime.java,LocalDateTime,org.joda.time
getYearOfEra,repos/Time-27f/src/main/java/org/joda/time/LocalDateTime.java,LocalDateTime,org.joda.time
getYearOfCentury,repos/Time-27f/src/main/java/org/joda/time/LocalDateTime.java,LocalDateTime,org.joda.time
getYear,repos/Time-27f/src/main/java/org/joda/time/LocalDateTime.java,LocalDateTime,org.joda.time
getWeekyear,repos/Time-27f/src/main/java/org/joda/time/LocalDateTime.java,LocalDateTime,org.joda.time
getMonthOfYear,repos/Time-27f/src/main/java/org/joda/time/LocalDateTime.java,LocalDateTime,org.joda.time
getWeekOfWeekyear,repos/Time-27f/src/main/java/org/joda/time/LocalDateTime.java,LocalDateTime,org.joda.time
getDayOfYear,repos/Time-27f/src/main/java/org/joda/time/LocalDateTime.java,LocalDateTime,org.joda.time
getDayOfMonth,repos/Time-27f/src/main/java/org/joda/time/LocalDateTime.java,LocalDateTime,org.joda.time
getDayOfWeek,repos/Time-27f/src/main/java/org/joda/time/LocalDateTime.java,LocalDateTime,org.joda.time
getHourOfDay,repos/Time-27f/src/main/java/org/joda/time/LocalDateTime.java,LocalDateTime,org.joda.time
getMinuteOfHour,repos/Time-27f/src/main/java/org/joda/time/LocalDateTime.java,LocalDateTime,org.joda.time
getSecondOfMinute,repos/Time-27f/src/main/java/org/joda/time/LocalDateTime.java,LocalDateTime,org.joda.time
getMillisOfSecond,repos/Time-27f/src/main/java/org/joda/time/LocalDateTime.java,LocalDateTime,org.joda.time
getMillisOfDay,repos/Time-27f/src/main/java/org/joda/time/LocalDateTime.java,LocalDateTime,org.joda.time
withEra,repos/Time-27f/src/main/java/org/joda/time/LocalDateTime.java,LocalDateTime,org.joda.time
withCenturyOfEra,repos/Time-27f/src/main/java/org/joda/time/LocalDateTime.java,LocalDateTime,org.joda.time
withYearOfEra,repos/Time-27f/src/main/java/org/joda/time/LocalDateTime.java,LocalDateTime,org.joda.time
withYearOfCentury,repos/Time-27f/src/main/java/org/joda/time/LocalDateTime.java,LocalDateTime,org.joda.time
withYear,repos/Time-27f/src/main/java/org/joda/time/LocalDateTime.java,LocalDateTime,org.joda.time
withWeekyear,repos/Time-27f/src/main/java/org/joda/time/LocalDateTime.java,LocalDateTime,org.joda.time
withMonthOfYear,repos/Time-27f/src/main/java/org/joda/time/LocalDateTime.java,LocalDateTime,org.joda.time
withWeekOfWeekyear,repos/Time-27f/src/main/java/org/joda/time/LocalDateTime.java,LocalDateTime,org.joda.time
withDayOfYear,repos/Time-27f/src/main/java/org/joda/time/LocalDateTime.java,LocalDateTime,org.joda.time
withDayOfMonth,repos/Time-27f/src/main/java/org/joda/time/LocalDateTime.java,LocalDateTime,org.joda.time
withDayOfWeek,repos/Time-27f/src/main/java/org/joda/time/LocalDateTime.java,LocalDateTime,org.joda.time
withHourOfDay,repos/Time-27f/src/main/java/org/joda/time/LocalDateTime.java,LocalDateTime,org.joda.time
withMinuteOfHour,repos/Time-27f/src/main/java/org/joda/time/LocalDateTime.java,LocalDateTime,org.joda.time
withSecondOfMinute,repos/Time-27f/src/main/java/org/joda/time/LocalDateTime.java,LocalDateTime,org.joda.time
withMillisOfSecond,repos/Time-27f/src/main/java/org/joda/time/LocalDateTime.java,LocalDateTime,org.joda.time
withMillisOfDay,repos/Time-27f/src/main/java/org/joda/time/LocalDateTime.java,LocalDateTime,org.joda.time
era,repos/Time-27f/src/main/java/org/joda/time/LocalDateTime.java,LocalDateTime,org.joda.time
centuryOfEra,repos/Time-27f/src/main/java/org/joda/time/LocalDateTime.java,LocalDateTime,org.joda.time
yearOfCentury,repos/Time-27f/src/main/java/org/joda/time/LocalDateTime.java,LocalDateTime,org.joda.time
yearOfEra,repos/Time-27f/src/main/java/org/joda/time/LocalDateTime.java,LocalDateTime,org.joda.time
year,repos/Time-27f/src/main/java/org/joda/time/LocalDateTime.java,LocalDateTime,org.joda.time
weekyear,repos/Time-27f/src/main/java/org/joda/time/LocalDateTime.java,LocalDateTime,org.joda.time
monthOfYear,repos/Time-27f/src/main/java/org/joda/time/LocalDateTime.java,LocalDateTime,org.joda.time
weekOfWeekyear,repos/Time-27f/src/main/java/org/joda/time/LocalDateTime.java,LocalDateTime,org.joda.time
dayOfYear,repos/Time-27f/src/main/java/org/joda/time/LocalDateTime.java,LocalDateTime,org.joda.time
dayOfMonth,repos/Time-27f/src/main/java/org/joda/time/LocalDateTime.java,LocalDateTime,org.joda.time
dayOfWeek,repos/Time-27f/src/main/java/org/joda/time/LocalDateTime.java,LocalDateTime,org.joda.time
hourOfDay,repos/Time-27f/src/main/java/org/joda/time/LocalDateTime.java,LocalDateTime,org.joda.time
minuteOfHour,repos/Time-27f/src/main/java/org/joda/time/LocalDateTime.java,LocalDateTime,org.joda.time
secondOfMinute,repos/Time-27f/src/main/java/org/joda/time/LocalDateTime.java,LocalDateTime,org.joda.time
millisOfSecond,repos/Time-27f/src/main/java/org/joda/time/LocalDateTime.java,LocalDateTime,org.joda.time
millisOfDay,repos/Time-27f/src/main/java/org/joda/time/LocalDateTime.java,LocalDateTime,org.joda.time
toString,repos/Time-27f/src/main/java/org/joda/time/LocalDateTime.java,LocalDateTime,org.joda.time
toString,repos/Time-27f/src/main/java/org/joda/time/LocalDateTime.java,LocalDateTime,org.joda.time
toString,repos/Time-27f/src/main/java/org/joda/time/LocalDateTime.java,LocalDateTime,org.joda.time
writeObject,repos/Time-27f/src/main/java/org/joda/time/LocalDateTime.java,LocalDateTime,org.joda.time
readObject,repos/Time-27f/src/main/java/org/joda/time/LocalDateTime.java,LocalDateTime,org.joda.time
getField,repos/Time-27f/src/main/java/org/joda/time/LocalDateTime.java,LocalDateTime,org.joda.time
getMillis,repos/Time-27f/src/main/java/org/joda/time/LocalDateTime.java,LocalDateTime,org.joda.time
getChronology,repos/Time-27f/src/main/java/org/joda/time/LocalDateTime.java,LocalDateTime,org.joda.time
getLocalDateTime,repos/Time-27f/src/main/java/org/joda/time/LocalDateTime.java,LocalDateTime,org.joda.time
addToCopy,repos/Time-27f/src/main/java/org/joda/time/LocalDateTime.java,LocalDateTime,org.joda.time
addToCopy,repos/Time-27f/src/main/java/org/joda/time/LocalDateTime.java,LocalDateTime,org.joda.time
addWrapFieldToCopy,repos/Time-27f/src/main/java/org/joda/time/LocalDateTime.java,LocalDateTime,org.joda.time
setCopy,repos/Time-27f/src/main/java/org/joda/time/LocalDateTime.java,LocalDateTime,org.joda.time
setCopy,repos/Time-27f/src/main/java/org/joda/time/LocalDateTime.java,LocalDateTime,org.joda.time
setCopy,repos/Time-27f/src/main/java/org/joda/time/LocalDateTime.java,LocalDateTime,org.joda.time
withMaximumValue,repos/Time-27f/src/main/java/org/joda/time/LocalDateTime.java,LocalDateTime,org.joda.time
withMinimumValue,repos/Time-27f/src/main/java/org/joda/time/LocalDateTime.java,LocalDateTime,org.joda.time
roundFloorCopy,repos/Time-27f/src/main/java/org/joda/time/LocalDateTime.java,LocalDateTime,org.joda.time
roundCeilingCopy,repos/Time-27f/src/main/java/org/joda/time/LocalDateTime.java,LocalDateTime,org.joda.time
roundHalfFloorCopy,repos/Time-27f/src/main/java/org/joda/time/LocalDateTime.java,LocalDateTime,org.joda.time
roundHalfCeilingCopy,repos/Time-27f/src/main/java/org/joda/time/LocalDateTime.java,LocalDateTime,org.joda.time
roundHalfEvenCopy,repos/Time-27f/src/main/java/org/joda/time/LocalDateTime.java,LocalDateTime,org.joda.time
writeObject,repos/Time-27f/src/main/java/org/joda/time/LocalDateTime.java,Property,org.joda.time
readObject,repos/Time-27f/src/main/java/org/joda/time/LocalDateTime.java,Property,org.joda.time
getField,repos/Time-27f/src/main/java/org/joda/time/LocalDateTime.java,Property,org.joda.time
getMillis,repos/Time-27f/src/main/java/org/joda/time/LocalDateTime.java,Property,org.joda.time
getChronology,repos/Time-27f/src/main/java/org/joda/time/LocalDateTime.java,Property,org.joda.time
getLocalDateTime,repos/Time-27f/src/main/java/org/joda/time/LocalDateTime.java,Property,org.joda.time
addToCopy,repos/Time-27f/src/main/java/org/joda/time/LocalDateTime.java,Property,org.joda.time
addToCopy,repos/Time-27f/src/main/java/org/joda/time/LocalDateTime.java,Property,org.joda.time
addWrapFieldToCopy,repos/Time-27f/src/main/java/org/joda/time/LocalDateTime.java,Property,org.joda.time
setCopy,repos/Time-27f/src/main/java/org/joda/time/LocalDateTime.java,Property,org.joda.time
setCopy,repos/Time-27f/src/main/java/org/joda/time/LocalDateTime.java,Property,org.joda.time
setCopy,repos/Time-27f/src/main/java/org/joda/time/LocalDateTime.java,Property,org.joda.time
withMaximumValue,repos/Time-27f/src/main/java/org/joda/time/LocalDateTime.java,Property,org.joda.time
withMinimumValue,repos/Time-27f/src/main/java/org/joda/time/LocalDateTime.java,Property,org.joda.time
roundFloorCopy,repos/Time-27f/src/main/java/org/joda/time/LocalDateTime.java,Property,org.joda.time
roundCeilingCopy,repos/Time-27f/src/main/java/org/joda/time/LocalDateTime.java,Property,org.joda.time
roundHalfFloorCopy,repos/Time-27f/src/main/java/org/joda/time/LocalDateTime.java,Property,org.joda.time
roundHalfCeilingCopy,repos/Time-27f/src/main/java/org/joda/time/LocalDateTime.java,Property,org.joda.time
roundHalfEvenCopy,repos/Time-27f/src/main/java/org/joda/time/LocalDateTime.java,Property,org.joda.time
millisOfSecond,repos/Time-27f/src/main/java/org/joda/time/DateTimeFieldType.java,DateTimeFieldType,org.joda.time
millisOfDay,repos/Time-27f/src/main/java/org/joda/time/DateTimeFieldType.java,DateTimeFieldType,org.joda.time
secondOfMinute,repos/Time-27f/src/main/java/org/joda/time/DateTimeFieldType.java,DateTimeFieldType,org.joda.time
secondOfDay,repos/Time-27f/src/main/java/org/joda/time/DateTimeFieldType.java,DateTimeFieldType,org.joda.time
minuteOfHour,repos/Time-27f/src/main/java/org/joda/time/DateTimeFieldType.java,DateTimeFieldType,org.joda.time
minuteOfDay,repos/Time-27f/src/main/java/org/joda/time/DateTimeFieldType.java,DateTimeFieldType,org.joda.time
hourOfDay,repos/Time-27f/src/main/java/org/joda/time/DateTimeFieldType.java,DateTimeFieldType,org.joda.time
clockhourOfDay,repos/Time-27f/src/main/java/org/joda/time/DateTimeFieldType.java,DateTimeFieldType,org.joda.time
hourOfHalfday,repos/Time-27f/src/main/java/org/joda/time/DateTimeFieldType.java,DateTimeFieldType,org.joda.time
clockhourOfHalfday,repos/Time-27f/src/main/java/org/joda/time/DateTimeFieldType.java,DateTimeFieldType,org.joda.time
halfdayOfDay,repos/Time-27f/src/main/java/org/joda/time/DateTimeFieldType.java,DateTimeFieldType,org.joda.time
dayOfWeek,repos/Time-27f/src/main/java/org/joda/time/DateTimeFieldType.java,DateTimeFieldType,org.joda.time
dayOfMonth,repos/Time-27f/src/main/java/org/joda/time/DateTimeFieldType.java,DateTimeFieldType,org.joda.time
dayOfYear,repos/Time-27f/src/main/java/org/joda/time/DateTimeFieldType.java,DateTimeFieldType,org.joda.time
weekOfWeekyear,repos/Time-27f/src/main/java/org/joda/time/DateTimeFieldType.java,DateTimeFieldType,org.joda.time
weekyear,repos/Time-27f/src/main/java/org/joda/time/DateTimeFieldType.java,DateTimeFieldType,org.joda.time
weekyearOfCentury,repos/Time-27f/src/main/java/org/joda/time/DateTimeFieldType.java,DateTimeFieldType,org.joda.time
monthOfYear,repos/Time-27f/src/main/java/org/joda/time/DateTimeFieldType.java,DateTimeFieldType,org.joda.time
year,repos/Time-27f/src/main/java/org/joda/time/DateTimeFieldType.java,DateTimeFieldType,org.joda.time
yearOfEra,repos/Time-27f/src/main/java/org/joda/time/DateTimeFieldType.java,DateTimeFieldType,org.joda.time
yearOfCentury,repos/Time-27f/src/main/java/org/joda/time/DateTimeFieldType.java,DateTimeFieldType,org.joda.time
centuryOfEra,repos/Time-27f/src/main/java/org/joda/time/DateTimeFieldType.java,DateTimeFieldType,org.joda.time
era,repos/Time-27f/src/main/java/org/joda/time/DateTimeFieldType.java,DateTimeFieldType,org.joda.time
getName,repos/Time-27f/src/main/java/org/joda/time/DateTimeFieldType.java,DateTimeFieldType,org.joda.time
getDurationType,repos/Time-27f/src/main/java/org/joda/time/DateTimeFieldType.java,DateTimeFieldType,org.joda.time
getRangeDurationType,repos/Time-27f/src/main/java/org/joda/time/DateTimeFieldType.java,DateTimeFieldType,org.joda.time
getField,repos/Time-27f/src/main/java/org/joda/time/DateTimeFieldType.java,DateTimeFieldType,org.joda.time
isSupported,repos/Time-27f/src/main/java/org/joda/time/DateTimeFieldType.java,DateTimeFieldType,org.joda.time
getDurationType,repos/Time-27f/src/main/java/org/joda/time/DateTimeFieldType.java,DateTimeFieldType,org.joda.time
getRangeDurationType,repos/Time-27f/src/main/java/org/joda/time/DateTimeFieldType.java,DateTimeFieldType,org.joda.time
getField,repos/Time-27f/src/main/java/org/joda/time/DateTimeFieldType.java,DateTimeFieldType,org.joda.time
readResolve,repos/Time-27f/src/main/java/org/joda/time/DateTimeFieldType.java,DateTimeFieldType,org.joda.time
getDurationType,repos/Time-27f/src/main/java/org/joda/time/DateTimeFieldType.java,StandardDateTimeFieldType,org.joda.time
getRangeDurationType,repos/Time-27f/src/main/java/org/joda/time/DateTimeFieldType.java,StandardDateTimeFieldType,org.joda.time
getField,repos/Time-27f/src/main/java/org/joda/time/DateTimeFieldType.java,StandardDateTimeFieldType,org.joda.time
readResolve,repos/Time-27f/src/main/java/org/joda/time/DateTimeFieldType.java,StandardDateTimeFieldType,org.joda.time
setInterval,repos/Time-27f/src/main/java/org/joda/time/ReadWritableInterval.java,ReadWritableInterval,org.joda.time
setInterval,repos/Time-27f/src/main/java/org/joda/time/ReadWritableInterval.java,ReadWritableInterval,org.joda.time
setInterval,repos/Time-27f/src/main/java/org/joda/time/ReadWritableInterval.java,ReadWritableInterval,org.joda.time
setChronology,repos/Time-27f/src/main/java/org/joda/time/ReadWritableInterval.java,ReadWritableInterval,org.joda.time
setStartMillis,repos/Time-27f/src/main/java/org/joda/time/ReadWritableInterval.java,ReadWritableInterval,org.joda.time
setStart,repos/Time-27f/src/main/java/org/joda/time/ReadWritableInterval.java,ReadWritableInterval,org.joda.time
setEndMillis,repos/Time-27f/src/main/java/org/joda/time/ReadWritableInterval.java,ReadWritableInterval,org.joda.time
setEnd,repos/Time-27f/src/main/java/org/joda/time/ReadWritableInterval.java,ReadWritableInterval,org.joda.time
setDurationAfterStart,repos/Time-27f/src/main/java/org/joda/time/ReadWritableInterval.java,ReadWritableInterval,org.joda.time
setDurationBeforeEnd,repos/Time-27f/src/main/java/org/joda/time/ReadWritableInterval.java,ReadWritableInterval,org.joda.time
setPeriodAfterStart,repos/Time-27f/src/main/java/org/joda/time/ReadWritableInterval.java,ReadWritableInterval,org.joda.time
setPeriodBeforeEnd,repos/Time-27f/src/main/java/org/joda/time/ReadWritableInterval.java,ReadWritableInterval,org.joda.time
months,repos/Time-27f/src/main/java/org/joda/time/Months.java,Months,org.joda.time
monthsBetween,repos/Time-27f/src/main/java/org/joda/time/Months.java,Months,org.joda.time
monthsBetween,repos/Time-27f/src/main/java/org/joda/time/Months.java,Months,org.joda.time
monthsIn,repos/Time-27f/src/main/java/org/joda/time/Months.java,Months,org.joda.time
parseMonths,repos/Time-27f/src/main/java/org/joda/time/Months.java,Months,org.joda.time
readResolve,repos/Time-27f/src/main/java/org/joda/time/Months.java,Months,org.joda.time
getFieldType,repos/Time-27f/src/main/java/org/joda/time/Months.java,Months,org.joda.time
getPeriodType,repos/Time-27f/src/main/java/org/joda/time/Months.java,Months,org.joda.time
getMonths,repos/Time-27f/src/main/java/org/joda/time/Months.java,Months,org.joda.time
plus,repos/Time-27f/src/main/java/org/joda/time/Months.java,Months,org.joda.time
plus,repos/Time-27f/src/main/java/org/joda/time/Months.java,Months,org.joda.time
minus,repos/Time-27f/src/main/java/org/joda/time/Months.java,Months,org.joda.time
minus,repos/Time-27f/src/main/java/org/joda/time/Months.java,Months,org.joda.time
multipliedBy,repos/Time-27f/src/main/java/org/joda/time/Months.java,Months,org.joda.time
dividedBy,repos/Time-27f/src/main/java/org/joda/time/Months.java,Months,org.joda.time
negated,repos/Time-27f/src/main/java/org/joda/time/Months.java,Months,org.joda.time
isGreaterThan,repos/Time-27f/src/main/java/org/joda/time/Months.java,Months,org.joda.time
isLessThan,repos/Time-27f/src/main/java/org/joda/time/Months.java,Months,org.joda.time
toString,repos/Time-27f/src/main/java/org/joda/time/Months.java,Months,org.joda.time
fromMillisOfDay,repos/Time-27f/src/main/java/org/joda/time/LocalTime.java,LocalTime,org.joda.time
fromMillisOfDay,repos/Time-27f/src/main/java/org/joda/time/LocalTime.java,LocalTime,org.joda.time
fromCalendarFields,repos/Time-27f/src/main/java/org/joda/time/LocalTime.java,LocalTime,org.joda.time
fromDateFields,repos/Time-27f/src/main/java/org/joda/time/LocalTime.java,LocalTime,org.joda.time
size,repos/Time-27f/src/main/java/org/joda/time/LocalTime.java,LocalTime,org.joda.time
getField,repos/Time-27f/src/main/java/org/joda/time/LocalTime.java,LocalTime,org.joda.time
getValue,repos/Time-27f/src/main/java/org/joda/time/LocalTime.java,LocalTime,org.joda.time
get,repos/Time-27f/src/main/java/org/joda/time/LocalTime.java,LocalTime,org.joda.time
isSupported,repos/Time-27f/src/main/java/org/joda/time/LocalTime.java,LocalTime,org.joda.time
isSupported,repos/Time-27f/src/main/java/org/joda/time/LocalTime.java,LocalTime,org.joda.time
getLocalMillis,repos/Time-27f/src/main/java/org/joda/time/LocalTime.java,LocalTime,org.joda.time
getChronology,repos/Time-27f/src/main/java/org/joda/time/LocalTime.java,LocalTime,org.joda.time
equals,repos/Time-27f/src/main/java/org/joda/time/LocalTime.java,LocalTime,org.joda.time
compareTo,repos/Time-27f/src/main/java/org/joda/time/LocalTime.java,LocalTime,org.joda.time
withLocalMillis,repos/Time-27f/src/main/java/org/joda/time/LocalTime.java,LocalTime,org.joda.time
withFields,repos/Time-27f/src/main/java/org/joda/time/LocalTime.java,LocalTime,org.joda.time
withField,repos/Time-27f/src/main/java/org/joda/time/LocalTime.java,LocalTime,org.joda.time
withFieldAdded,repos/Time-27f/src/main/java/org/joda/time/LocalTime.java,LocalTime,org.joda.time
withPeriodAdded,repos/Time-27f/src/main/java/org/joda/time/LocalTime.java,LocalTime,org.joda.time
plus,repos/Time-27f/src/main/java/org/joda/time/LocalTime.java,LocalTime,org.joda.time
plusHours,repos/Time-27f/src/main/java/org/joda/time/LocalTime.java,LocalTime,org.joda.time
plusMinutes,repos/Time-27f/src/main/java/org/joda/time/LocalTime.java,LocalTime,org.joda.time
plusSeconds,repos/Time-27f/src/main/java/org/joda/time/LocalTime.java,LocalTime,org.joda.time
plusMillis,repos/Time-27f/src/main/java/org/joda/time/LocalTime.java,LocalTime,org.joda.time
minus,repos/Time-27f/src/main/java/org/joda/time/LocalTime.java,LocalTime,org.joda.time
minusHours,repos/Time-27f/src/main/java/org/joda/time/LocalTime.java,LocalTime,org.joda.time
minusMinutes,repos/Time-27f/src/main/java/org/joda/time/LocalTime.java,LocalTime,org.joda.time
minusSeconds,repos/Time-27f/src/main/java/org/joda/time/LocalTime.java,LocalTime,org.joda.time
minusMillis,repos/Time-27f/src/main/java/org/joda/time/LocalTime.java,LocalTime,org.joda.time
property,repos/Time-27f/src/main/java/org/joda/time/LocalTime.java,LocalTime,org.joda.time
getHourOfDay,repos/Time-27f/src/main/java/org/joda/time/LocalTime.java,LocalTime,org.joda.time
getMinuteOfHour,repos/Time-27f/src/main/java/org/joda/time/LocalTime.java,LocalTime,org.joda.time
getSecondOfMinute,repos/Time-27f/src/main/java/org/joda/time/LocalTime.java,LocalTime,org.joda.time
getMillisOfSecond,repos/Time-27f/src/main/java/org/joda/time/LocalTime.java,LocalTime,org.joda.time
getMillisOfDay,repos/Time-27f/src/main/java/org/joda/time/LocalTime.java,LocalTime,org.joda.time
withHourOfDay,repos/Time-27f/src/main/java/org/joda/time/LocalTime.java,LocalTime,org.joda.time
withMinuteOfHour,repos/Time-27f/src/main/java/org/joda/time/LocalTime.java,LocalTime,org.joda.time
withSecondOfMinute,repos/Time-27f/src/main/java/org/joda/time/LocalTime.java,LocalTime,org.joda.time
withMillisOfSecond,repos/Time-27f/src/main/java/org/joda/time/LocalTime.java,LocalTime,org.joda.time
withMillisOfDay,repos/Time-27f/src/main/java/org/joda/time/LocalTime.java,LocalTime,org.joda.time
hourOfDay,repos/Time-27f/src/main/java/org/joda/time/LocalTime.java,LocalTime,org.joda.time
minuteOfHour,repos/Time-27f/src/main/java/org/joda/time/LocalTime.java,LocalTime,org.joda.time
secondOfMinute,repos/Time-27f/src/main/java/org/joda/time/LocalTime.java,LocalTime,org.joda.time
millisOfSecond,repos/Time-27f/src/main/java/org/joda/time/LocalTime.java,LocalTime,org.joda.time
millisOfDay,repos/Time-27f/src/main/java/org/joda/time/LocalTime.java,LocalTime,org.joda.time
toDateTimeToday,repos/Time-27f/src/main/java/org/joda/time/LocalTime.java,LocalTime,org.joda.time
toDateTimeToday,repos/Time-27f/src/main/java/org/joda/time/LocalTime.java,LocalTime,org.joda.time
toString,repos/Time-27f/src/main/java/org/joda/time/LocalTime.java,LocalTime,org.joda.time
toString,repos/Time-27f/src/main/java/org/joda/time/LocalTime.java,LocalTime,org.joda.time
toString,repos/Time-27f/src/main/java/org/joda/time/LocalTime.java,LocalTime,org.joda.time
writeObject,repos/Time-27f/src/main/java/org/joda/time/LocalTime.java,LocalTime,org.joda.time
readObject,repos/Time-27f/src/main/java/org/joda/time/LocalTime.java,LocalTime,org.joda.time
getField,repos/Time-27f/src/main/java/org/joda/time/LocalTime.java,LocalTime,org.joda.time
getMillis,repos/Time-27f/src/main/java/org/joda/time/LocalTime.java,LocalTime,org.joda.time
getChronology,repos/Time-27f/src/main/java/org/joda/time/LocalTime.java,LocalTime,org.joda.time
getLocalTime,repos/Time-27f/src/main/java/org/joda/time/LocalTime.java,LocalTime,org.joda.time
addCopy,repos/Time-27f/src/main/java/org/joda/time/LocalTime.java,LocalTime,org.joda.time
addCopy,repos/Time-27f/src/main/java/org/joda/time/LocalTime.java,LocalTime,org.joda.time
addNoWrapToCopy,repos/Time-27f/src/main/java/org/joda/time/LocalTime.java,LocalTime,org.joda.time
addWrapFieldToCopy,repos/Time-27f/src/main/java/org/joda/time/LocalTime.java,LocalTime,org.joda.time
setCopy,repos/Time-27f/src/main/java/org/joda/time/LocalTime.java,LocalTime,org.joda.time
setCopy,repos/Time-27f/src/main/java/org/joda/time/LocalTime.java,LocalTime,org.joda.time
setCopy,repos/Time-27f/src/main/java/org/joda/time/LocalTime.java,LocalTime,org.joda.time
withMaximumValue,repos/Time-27f/src/main/java/org/joda/time/LocalTime.java,LocalTime,org.joda.time
withMinimumValue,repos/Time-27f/src/main/java/org/joda/time/LocalTime.java,LocalTime,org.joda.time
roundFloorCopy,repos/Time-27f/src/main/java/org/joda/time/LocalTime.java,LocalTime,org.joda.time
roundCeilingCopy,repos/Time-27f/src/main/java/org/joda/time/LocalTime.java,LocalTime,org.joda.time
roundHalfFloorCopy,repos/Time-27f/src/main/java/org/joda/time/LocalTime.java,LocalTime,org.joda.time
roundHalfCeilingCopy,repos/Time-27f/src/main/java/org/joda/time/LocalTime.java,LocalTime,org.joda.time
roundHalfEvenCopy,repos/Time-27f/src/main/java/org/joda/time/LocalTime.java,LocalTime,org.joda.time
writeObject,repos/Time-27f/src/main/java/org/joda/time/LocalTime.java,Property,org.joda.time
readObject,repos/Time-27f/src/main/java/org/joda/time/LocalTime.java,Property,org.joda.time
getField,repos/Time-27f/src/main/java/org/joda/time/LocalTime.java,Property,org.joda.time
getMillis,repos/Time-27f/src/main/java/org/joda/time/LocalTime.java,Property,org.joda.time
getChronology,repos/Time-27f/src/main/java/org/joda/time/LocalTime.java,Property,org.joda.time
getLocalTime,repos/Time-27f/src/main/java/org/joda/time/LocalTime.java,Property,org.joda.time
addCopy,repos/Time-27f/src/main/java/org/joda/time/LocalTime.java,Property,org.joda.time
addCopy,repos/Time-27f/src/main/java/org/joda/time/LocalTime.java,Property,org.joda.time
addNoWrapToCopy,repos/Time-27f/src/main/java/org/joda/time/LocalTime.java,Property,org.joda.time
addWrapFieldToCopy,repos/Time-27f/src/main/java/org/joda/time/LocalTime.java,Property,org.joda.time
setCopy,repos/Time-27f/src/main/java/org/joda/time/LocalTime.java,Property,org.joda.time
setCopy,repos/Time-27f/src/main/java/org/joda/time/LocalTime.java,Property,org.joda.time
setCopy,repos/Time-27f/src/main/java/org/joda/time/LocalTime.java,Property,org.joda.time
withMaximumValue,repos/Time-27f/src/main/java/org/joda/time/LocalTime.java,Property,org.joda.time
withMinimumValue,repos/Time-27f/src/main/java/org/joda/time/LocalTime.java,Property,org.joda.time
roundFloorCopy,repos/Time-27f/src/main/java/org/joda/time/LocalTime.java,Property,org.joda.time
roundCeilingCopy,repos/Time-27f/src/main/java/org/joda/time/LocalTime.java,Property,org.joda.time
roundHalfFloorCopy,repos/Time-27f/src/main/java/org/joda/time/LocalTime.java,Property,org.joda.time
roundHalfCeilingCopy,repos/Time-27f/src/main/java/org/joda/time/LocalTime.java,Property,org.joda.time
roundHalfEvenCopy,repos/Time-27f/src/main/java/org/joda/time/LocalTime.java,Property,org.joda.time
weeks,repos/Time-27f/src/main/java/org/joda/time/Weeks.java,Weeks,org.joda.time
weeksBetween,repos/Time-27f/src/main/java/org/joda/time/Weeks.java,Weeks,org.joda.time
weeksBetween,repos/Time-27f/src/main/java/org/joda/time/Weeks.java,Weeks,org.joda.time
weeksIn,repos/Time-27f/src/main/java/org/joda/time/Weeks.java,Weeks,org.joda.time
standardWeeksIn,repos/Time-27f/src/main/java/org/joda/time/Weeks.java,Weeks,org.joda.time
parseWeeks,repos/Time-27f/src/main/java/org/joda/time/Weeks.java,Weeks,org.joda.time
readResolve,repos/Time-27f/src/main/java/org/joda/time/Weeks.java,Weeks,org.joda.time
getFieldType,repos/Time-27f/src/main/java/org/joda/time/Weeks.java,Weeks,org.joda.time
getPeriodType,repos/Time-27f/src/main/java/org/joda/time/Weeks.java,Weeks,org.joda.time
toStandardDays,repos/Time-27f/src/main/java/org/joda/time/Weeks.java,Weeks,org.joda.time
toStandardHours,repos/Time-27f/src/main/java/org/joda/time/Weeks.java,Weeks,org.joda.time
toStandardMinutes,repos/Time-27f/src/main/java/org/joda/time/Weeks.java,Weeks,org.joda.time
toStandardSeconds,repos/Time-27f/src/main/java/org/joda/time/Weeks.java,Weeks,org.joda.time
toStandardDuration,repos/Time-27f/src/main/java/org/joda/time/Weeks.java,Weeks,org.joda.time
getWeeks,repos/Time-27f/src/main/java/org/joda/time/Weeks.java,Weeks,org.joda.time
plus,repos/Time-27f/src/main/java/org/joda/time/Weeks.java,Weeks,org.joda.time
plus,repos/Time-27f/src/main/java/org/joda/time/Weeks.java,Weeks,org.joda.time
minus,repos/Time-27f/src/main/java/org/joda/time/Weeks.java,Weeks,org.joda.time
minus,repos/Time-27f/src/main/java/org/joda/time/Weeks.java,Weeks,org.joda.time
multipliedBy,repos/Time-27f/src/main/java/org/joda/time/Weeks.java,Weeks,org.joda.time
dividedBy,repos/Time-27f/src/main/java/org/joda/time/Weeks.java,Weeks,org.joda.time
negated,repos/Time-27f/src/main/java/org/joda/time/Weeks.java,Weeks,org.joda.time
isGreaterThan,repos/Time-27f/src/main/java/org/joda/time/Weeks.java,Weeks,org.joda.time
isLessThan,repos/Time-27f/src/main/java/org/joda/time/Weeks.java,Weeks,org.joda.time
toString,repos/Time-27f/src/main/java/org/joda/time/Weeks.java,Weeks,org.joda.time
hours,repos/Time-27f/src/main/java/org/joda/time/Hours.java,Hours,org.joda.time
hoursBetween,repos/Time-27f/src/main/java/org/joda/time/Hours.java,Hours,org.joda.time
hoursBetween,repos/Time-27f/src/main/java/org/joda/time/Hours.java,Hours,org.joda.time
hoursIn,repos/Time-27f/src/main/java/org/joda/time/Hours.java,Hours,org.joda.time
standardHoursIn,repos/Time-27f/src/main/java/org/joda/time/Hours.java,Hours,org.joda.time
parseHours,repos/Time-27f/src/main/java/org/joda/time/Hours.java,Hours,org.joda.time
readResolve,repos/Time-27f/src/main/java/org/joda/time/Hours.java,Hours,org.joda.time
getFieldType,repos/Time-27f/src/main/java/org/joda/time/Hours.java,Hours,org.joda.time
getPeriodType,repos/Time-27f/src/main/java/org/joda/time/Hours.java,Hours,org.joda.time
toStandardWeeks,repos/Time-27f/src/main/java/org/joda/time/Hours.java,Hours,org.joda.time
toStandardDays,repos/Time-27f/src/main/java/org/joda/time/Hours.java,Hours,org.joda.time
toStandardMinutes,repos/Time-27f/src/main/java/org/joda/time/Hours.java,Hours,org.joda.time
toStandardSeconds,repos/Time-27f/src/main/java/org/joda/time/Hours.java,Hours,org.joda.time
toStandardDuration,repos/Time-27f/src/main/java/org/joda/time/Hours.java,Hours,org.joda.time
getHours,repos/Time-27f/src/main/java/org/joda/time/Hours.java,Hours,org.joda.time
plus,repos/Time-27f/src/main/java/org/joda/time/Hours.java,Hours,org.joda.time
plus,repos/Time-27f/src/main/java/org/joda/time/Hours.java,Hours,org.joda.time
minus,repos/Time-27f/src/main/java/org/joda/time/Hours.java,Hours,org.joda.time
minus,repos/Time-27f/src/main/java/org/joda/time/Hours.java,Hours,org.joda.time
multipliedBy,repos/Time-27f/src/main/java/org/joda/time/Hours.java,Hours,org.joda.time
dividedBy,repos/Time-27f/src/main/java/org/joda/time/Hours.java,Hours,org.joda.time
negated,repos/Time-27f/src/main/java/org/joda/time/Hours.java,Hours,org.joda.time
isGreaterThan,repos/Time-27f/src/main/java/org/joda/time/Hours.java,Hours,org.joda.time
isLessThan,repos/Time-27f/src/main/java/org/joda/time/Hours.java,Hours,org.joda.time
toString,repos/Time-27f/src/main/java/org/joda/time/Hours.java,Hours,org.joda.time
get,repos/Time-27f/src/main/java/org/joda/time/field/OffsetDateTimeField.java,OffsetDateTimeField,org.joda.time.field
add,repos/Time-27f/src/main/java/org/joda/time/field/OffsetDateTimeField.java,OffsetDateTimeField,org.joda.time.field
add,repos/Time-27f/src/main/java/org/joda/time/field/OffsetDateTimeField.java,OffsetDateTimeField,org.joda.time.field
addWrapField,repos/Time-27f/src/main/java/org/joda/time/field/OffsetDateTimeField.java,OffsetDateTimeField,org.joda.time.field
set,repos/Time-27f/src/main/java/org/joda/time/field/OffsetDateTimeField.java,OffsetDateTimeField,org.joda.time.field
isLeap,repos/Time-27f/src/main/java/org/joda/time/field/OffsetDateTimeField.java,OffsetDateTimeField,org.joda.time.field
getLeapAmount,repos/Time-27f/src/main/java/org/joda/time/field/OffsetDateTimeField.java,OffsetDateTimeField,org.joda.time.field
getLeapDurationField,repos/Time-27f/src/main/java/org/joda/time/field/OffsetDateTimeField.java,OffsetDateTimeField,org.joda.time.field
getMinimumValue,repos/Time-27f/src/main/java/org/joda/time/field/OffsetDateTimeField.java,OffsetDateTimeField,org.joda.time.field
getMaximumValue,repos/Time-27f/src/main/java/org/joda/time/field/OffsetDateTimeField.java,OffsetDateTimeField,org.joda.time.field
roundFloor,repos/Time-27f/src/main/java/org/joda/time/field/OffsetDateTimeField.java,OffsetDateTimeField,org.joda.time.field
roundCeiling,repos/Time-27f/src/main/java/org/joda/time/field/OffsetDateTimeField.java,OffsetDateTimeField,org.joda.time.field
roundHalfFloor,repos/Time-27f/src/main/java/org/joda/time/field/OffsetDateTimeField.java,OffsetDateTimeField,org.joda.time.field
roundHalfCeiling,repos/Time-27f/src/main/java/org/joda/time/field/OffsetDateTimeField.java,OffsetDateTimeField,org.joda.time.field
roundHalfEven,repos/Time-27f/src/main/java/org/joda/time/field/OffsetDateTimeField.java,OffsetDateTimeField,org.joda.time.field
remainder,repos/Time-27f/src/main/java/org/joda/time/field/OffsetDateTimeField.java,OffsetDateTimeField,org.joda.time.field
getOffset,repos/Time-27f/src/main/java/org/joda/time/field/OffsetDateTimeField.java,OffsetDateTimeField,org.joda.time.field
get,repos/Time-27f/src/main/java/org/joda/time/field/SkipDateTimeField.java,SkipDateTimeField,org.joda.time.field
set,repos/Time-27f/src/main/java/org/joda/time/field/SkipDateTimeField.java,SkipDateTimeField,org.joda.time.field
getMinimumValue,repos/Time-27f/src/main/java/org/joda/time/field/SkipDateTimeField.java,SkipDateTimeField,org.joda.time.field
readResolve,repos/Time-27f/src/main/java/org/joda/time/field/SkipDateTimeField.java,SkipDateTimeField,org.joda.time.field
get,repos/Time-27f/src/main/java/org/joda/time/field/SkipUndoDateTimeField.java,SkipUndoDateTimeField,org.joda.time.field
set,repos/Time-27f/src/main/java/org/joda/time/field/SkipUndoDateTimeField.java,SkipUndoDateTimeField,org.joda.time.field
getMinimumValue,repos/Time-27f/src/main/java/org/joda/time/field/SkipUndoDateTimeField.java,SkipUndoDateTimeField,org.joda.time.field
readResolve,repos/Time-27f/src/main/java/org/joda/time/field/SkipUndoDateTimeField.java,SkipUndoDateTimeField,org.joda.time.field
getValue,repos/Time-27f/src/main/java/org/joda/time/field/ScaledDurationField.java,ScaledDurationField,org.joda.time.field
getValueAsLong,repos/Time-27f/src/main/java/org/joda/time/field/ScaledDurationField.java,ScaledDurationField,org.joda.time.field
getValue,repos/Time-27f/src/main/java/org/joda/time/field/ScaledDurationField.java,ScaledDurationField,org.joda.time.field
getValueAsLong,repos/Time-27f/src/main/java/org/joda/time/field/ScaledDurationField.java,ScaledDurationField,org.joda.time.field
getMillis,repos/Time-27f/src/main/java/org/joda/time/field/ScaledDurationField.java,ScaledDurationField,org.joda.time.field
getMillis,repos/Time-27f/src/main/java/org/joda/time/field/ScaledDurationField.java,ScaledDurationField,org.joda.time.field
getMillis,repos/Time-27f/src/main/java/org/joda/time/field/ScaledDurationField.java,ScaledDurationField,org.joda.time.field
getMillis,repos/Time-27f/src/main/java/org/joda/time/field/ScaledDurationField.java,ScaledDurationField,org.joda.time.field
add,repos/Time-27f/src/main/java/org/joda/time/field/ScaledDurationField.java,ScaledDurationField,org.joda.time.field
add,repos/Time-27f/src/main/java/org/joda/time/field/ScaledDurationField.java,ScaledDurationField,org.joda.time.field
getDifference,repos/Time-27f/src/main/java/org/joda/time/field/ScaledDurationField.java,ScaledDurationField,org.joda.time.field
getDifferenceAsLong,repos/Time-27f/src/main/java/org/joda/time/field/ScaledDurationField.java,ScaledDurationField,org.joda.time.field
getUnitMillis,repos/Time-27f/src/main/java/org/joda/time/field/ScaledDurationField.java,ScaledDurationField,org.joda.time.field
getScalar,repos/Time-27f/src/main/java/org/joda/time/field/ScaledDurationField.java,ScaledDurationField,org.joda.time.field
equals,repos/Time-27f/src/main/java/org/joda/time/field/ScaledDurationField.java,ScaledDurationField,org.joda.time.field
hashCode,repos/Time-27f/src/main/java/org/joda/time/field/ScaledDurationField.java,ScaledDurationField,org.joda.time.field
get,repos/Time-27f/src/main/java/org/joda/time/field/PreciseDateTimeField.java,PreciseDateTimeField,org.joda.time.field
addWrapField,repos/Time-27f/src/main/java/org/joda/time/field/PreciseDateTimeField.java,PreciseDateTimeField,org.joda.time.field
set,repos/Time-27f/src/main/java/org/joda/time/field/PreciseDateTimeField.java,PreciseDateTimeField,org.joda.time.field
getRangeDurationField,repos/Time-27f/src/main/java/org/joda/time/field/PreciseDateTimeField.java,PreciseDateTimeField,org.joda.time.field
getMaximumValue,repos/Time-27f/src/main/java/org/joda/time/field/PreciseDateTimeField.java,PreciseDateTimeField,org.joda.time.field
getRange,repos/Time-27f/src/main/java/org/joda/time/field/PreciseDateTimeField.java,PreciseDateTimeField,org.joda.time.field
getField,repos/Time-27f/src/main/java/org/joda/time/field/AbstractReadableInstantFieldProperty.java,AbstractReadableInstantFieldProperty,org.joda.time.field
getFieldType,repos/Time-27f/src/main/java/org/joda/time/field/AbstractReadableInstantFieldProperty.java,AbstractReadableInstantFieldProperty,org.joda.time.field
getName,repos/Time-27f/src/main/java/org/joda/time/field/AbstractReadableInstantFieldProperty.java,AbstractReadableInstantFieldProperty,org.joda.time.field
getMillis,repos/Time-27f/src/main/java/org/joda/time/field/AbstractReadableInstantFieldProperty.java,AbstractReadableInstantFieldProperty,org.joda.time.field
getChronology,repos/Time-27f/src/main/java/org/joda/time/field/AbstractReadableInstantFieldProperty.java,AbstractReadableInstantFieldProperty,org.joda.time.field
get,repos/Time-27f/src/main/java/org/joda/time/field/AbstractReadableInstantFieldProperty.java,AbstractReadableInstantFieldProperty,org.joda.time.field
getAsString,repos/Time-27f/src/main/java/org/joda/time/field/AbstractReadableInstantFieldProperty.java,AbstractReadableInstantFieldProperty,org.joda.time.field
getAsText,repos/Time-27f/src/main/java/org/joda/time/field/AbstractReadableInstantFieldProperty.java,AbstractReadableInstantFieldProperty,org.joda.time.field
getAsText,repos/Time-27f/src/main/java/org/joda/time/field/AbstractReadableInstantFieldProperty.java,AbstractReadableInstantFieldProperty,org.joda.time.field
getAsShortText,repos/Time-27f/src/main/java/org/joda/time/field/AbstractReadableInstantFieldProperty.java,AbstractReadableInstantFieldProperty,org.joda.time.field
getAsShortText,repos/Time-27f/src/main/java/org/joda/time/field/AbstractReadableInstantFieldProperty.java,AbstractReadableInstantFieldProperty,org.joda.time.field
getDifference,repos/Time-27f/src/main/java/org/joda/time/field/AbstractReadableInstantFieldProperty.java,AbstractReadableInstantFieldProperty,org.joda.time.field
getDifferenceAsLong,repos/Time-27f/src/main/java/org/joda/time/field/AbstractReadableInstantFieldProperty.java,AbstractReadableInstantFieldProperty,org.joda.time.field
getDurationField,repos/Time-27f/src/main/java/org/joda/time/field/AbstractReadableInstantFieldProperty.java,AbstractReadableInstantFieldProperty,org.joda.time.field
getRangeDurationField,repos/Time-27f/src/main/java/org/joda/time/field/AbstractReadableInstantFieldProperty.java,AbstractReadableInstantFieldProperty,org.joda.time.field
isLeap,repos/Time-27f/src/main/java/org/joda/time/field/AbstractReadableInstantFieldProperty.java,AbstractReadableInstantFieldProperty,org.joda.time.field
getLeapAmount,repos/Time-27f/src/main/java/org/joda/time/field/AbstractReadableInstantFieldProperty.java,AbstractReadableInstantFieldProperty,org.joda.time.field
getLeapDurationField,repos/Time-27f/src/main/java/org/joda/time/field/AbstractReadableInstantFieldProperty.java,AbstractReadableInstantFieldProperty,org.joda.time.field
getMinimumValueOverall,repos/Time-27f/src/main/java/org/joda/time/field/AbstractReadableInstantFieldProperty.java,AbstractReadableInstantFieldProperty,org.joda.time.field
getMinimumValue,repos/Time-27f/src/main/java/org/joda/time/field/AbstractReadableInstantFieldProperty.java,AbstractReadableInstantFieldProperty,org.joda.time.field
getMaximumValueOverall,repos/Time-27f/src/main/java/org/joda/time/field/AbstractReadableInstantFieldProperty.java,AbstractReadableInstantFieldProperty,org.joda.time.field
getMaximumValue,repos/Time-27f/src/main/java/org/joda/time/field/AbstractReadableInstantFieldProperty.java,AbstractReadableInstantFieldProperty,org.joda.time.field
getMaximumTextLength,repos/Time-27f/src/main/java/org/joda/time/field/AbstractReadableInstantFieldProperty.java,AbstractReadableInstantFieldProperty,org.joda.time.field
getMaximumShortTextLength,repos/Time-27f/src/main/java/org/joda/time/field/AbstractReadableInstantFieldProperty.java,AbstractReadableInstantFieldProperty,org.joda.time.field
remainder,repos/Time-27f/src/main/java/org/joda/time/field/AbstractReadableInstantFieldProperty.java,AbstractReadableInstantFieldProperty,org.joda.time.field
toInterval,repos/Time-27f/src/main/java/org/joda/time/field/AbstractReadableInstantFieldProperty.java,AbstractReadableInstantFieldProperty,org.joda.time.field
compareTo,repos/Time-27f/src/main/java/org/joda/time/field/AbstractReadableInstantFieldProperty.java,AbstractReadableInstantFieldProperty,org.joda.time.field
compareTo,repos/Time-27f/src/main/java/org/joda/time/field/AbstractReadableInstantFieldProperty.java,AbstractReadableInstantFieldProperty,org.joda.time.field
getType,repos/Time-27f/src/main/java/org/joda/time/field/MillisDurationField.java,MillisDurationField,org.joda.time.field
getName,repos/Time-27f/src/main/java/org/joda/time/field/MillisDurationField.java,MillisDurationField,org.joda.time.field
isSupported,repos/Time-27f/src/main/java/org/joda/time/field/MillisDurationField.java,MillisDurationField,org.joda.time.field
isPrecise,repos/Time-27f/src/main/java/org/joda/time/field/MillisDurationField.java,MillisDurationField,org.joda.time.field
getUnitMillis,repos/Time-27f/src/main/java/org/joda/time/field/MillisDurationField.java,MillisDurationField,org.joda.time.field
getValue,repos/Time-27f/src/main/java/org/joda/time/field/MillisDurationField.java,MillisDurationField,org.joda.time.field
getValueAsLong,repos/Time-27f/src/main/java/org/joda/time/field/MillisDurationField.java,MillisDurationField,org.joda.time.field
getValue,repos/Time-27f/src/main/java/org/joda/time/field/MillisDurationField.java,MillisDurationField,org.joda.time.field
getValueAsLong,repos/Time-27f/src/main/java/org/joda/time/field/MillisDurationField.java,MillisDurationField,org.joda.time.field
getMillis,repos/Time-27f/src/main/java/org/joda/time/field/MillisDurationField.java,MillisDurationField,org.joda.time.field
getMillis,repos/Time-27f/src/main/java/org/joda/time/field/MillisDurationField.java,MillisDurationField,org.joda.time.field
getMillis,repos/Time-27f/src/main/java/org/joda/time/field/MillisDurationField.java,MillisDurationField,org.joda.time.field
getMillis,repos/Time-27f/src/main/java/org/joda/time/field/MillisDurationField.java,MillisDurationField,org.joda.time.field
add,repos/Time-27f/src/main/java/org/joda/time/field/MillisDurationField.java,MillisDurationField,org.joda.time.field
add,repos/Time-27f/src/main/java/org/joda/time/field/MillisDurationField.java,MillisDurationField,org.joda.time.field
getDifference,repos/Time-27f/src/main/java/org/joda/time/field/MillisDurationField.java,MillisDurationField,org.joda.time.field
getDifferenceAsLong,repos/Time-27f/src/main/java/org/joda/time/field/MillisDurationField.java,MillisDurationField,org.joda.time.field
compareTo,repos/Time-27f/src/main/java/org/joda/time/field/MillisDurationField.java,MillisDurationField,org.joda.time.field
toString,repos/Time-27f/src/main/java/org/joda/time/field/MillisDurationField.java,MillisDurationField,org.joda.time.field
readResolve,repos/Time-27f/src/main/java/org/joda/time/field/MillisDurationField.java,MillisDurationField,org.joda.time.field
isLenient,repos/Time-27f/src/main/java/org/joda/time/field/PreciseDurationDateTimeField.java,PreciseDurationDateTimeField,org.joda.time.field
set,repos/Time-27f/src/main/java/org/joda/time/field/PreciseDurationDateTimeField.java,PreciseDurationDateTimeField,org.joda.time.field
roundFloor,repos/Time-27f/src/main/java/org/joda/time/field/PreciseDurationDateTimeField.java,PreciseDurationDateTimeField,org.joda.time.field
roundCeiling,repos/Time-27f/src/main/java/org/joda/time/field/PreciseDurationDateTimeField.java,PreciseDurationDateTimeField,org.joda.time.field
remainder,repos/Time-27f/src/main/java/org/joda/time/field/PreciseDurationDateTimeField.java,PreciseDurationDateTimeField,org.joda.time.field
getDurationField,repos/Time-27f/src/main/java/org/joda/time/field/PreciseDurationDateTimeField.java,PreciseDurationDateTimeField,org.joda.time.field
getMinimumValue,repos/Time-27f/src/main/java/org/joda/time/field/PreciseDurationDateTimeField.java,PreciseDurationDateTimeField,org.joda.time.field
getUnitMillis,repos/Time-27f/src/main/java/org/joda/time/field/PreciseDurationDateTimeField.java,PreciseDurationDateTimeField,org.joda.time.field
getMaximumValueForSet,repos/Time-27f/src/main/java/org/joda/time/field/PreciseDurationDateTimeField.java,PreciseDurationDateTimeField,org.joda.time.field
getInstance,repos/Time-27f/src/main/java/org/joda/time/field/StrictDateTimeField.java,StrictDateTimeField,org.joda.time.field
isLenient,repos/Time-27f/src/main/java/org/joda/time/field/StrictDateTimeField.java,StrictDateTimeField,org.joda.time.field
set,repos/Time-27f/src/main/java/org/joda/time/field/StrictDateTimeField.java,StrictDateTimeField,org.joda.time.field
isPrecise,repos/Time-27f/src/main/java/org/joda/time/field/PreciseDurationField.java,PreciseDurationField,org.joda.time.field
getUnitMillis,repos/Time-27f/src/main/java/org/joda/time/field/PreciseDurationField.java,PreciseDurationField,org.joda.time.field
getValueAsLong,repos/Time-27f/src/main/java/org/joda/time/field/PreciseDurationField.java,PreciseDurationField,org.joda.time.field
getMillis,repos/Time-27f/src/main/java/org/joda/time/field/PreciseDurationField.java,PreciseDurationField,org.joda.time.field
getMillis,repos/Time-27f/src/main/java/org/joda/time/field/PreciseDurationField.java,PreciseDurationField,org.joda.time.field
add,repos/Time-27f/src/main/java/org/joda/time/field/PreciseDurationField.java,PreciseDurationField,org.joda.time.field
add,repos/Time-27f/src/main/java/org/joda/time/field/PreciseDurationField.java,PreciseDurationField,org.joda.time.field
getDifferenceAsLong,repos/Time-27f/src/main/java/org/joda/time/field/PreciseDurationField.java,PreciseDurationField,org.joda.time.field
equals,repos/Time-27f/src/main/java/org/joda/time/field/PreciseDurationField.java,PreciseDurationField,org.joda.time.field
hashCode,repos/Time-27f/src/main/java/org/joda/time/field/PreciseDurationField.java,PreciseDurationField,org.joda.time.field
get,repos/Time-27f/src/main/java/org/joda/time/field/ZeroIsMaxDateTimeField.java,ZeroIsMaxDateTimeField,org.joda.time.field
add,repos/Time-27f/src/main/java/org/joda/time/field/ZeroIsMaxDateTimeField.java,ZeroIsMaxDateTimeField,org.joda.time.field
add,repos/Time-27f/src/main/java/org/joda/time/field/ZeroIsMaxDateTimeField.java,ZeroIsMaxDateTimeField,org.joda.time.field
addWrapField,repos/Time-27f/src/main/java/org/joda/time/field/ZeroIsMaxDateTimeField.java,ZeroIsMaxDateTimeField,org.joda.time.field
addWrapField,repos/Time-27f/src/main/java/org/joda/time/field/ZeroIsMaxDateTimeField.java,ZeroIsMaxDateTimeField,org.joda.time.field
getDifference,repos/Time-27f/src/main/java/org/joda/time/field/ZeroIsMaxDateTimeField.java,ZeroIsMaxDateTimeField,org.joda.time.field
getDifferenceAsLong,repos/Time-27f/src/main/java/org/joda/time/field/ZeroIsMaxDateTimeField.java,ZeroIsMaxDateTimeField,org.joda.time.field
set,repos/Time-27f/src/main/java/org/joda/time/field/ZeroIsMaxDateTimeField.java,ZeroIsMaxDateTimeField,org.joda.time.field
isLeap,repos/Time-27f/src/main/java/org/joda/time/field/ZeroIsMaxDateTimeField.java,ZeroIsMaxDateTimeField,org.joda.time.field
getLeapAmount,repos/Time-27f/src/main/java/org/joda/time/field/ZeroIsMaxDateTimeField.java,ZeroIsMaxDateTimeField,org.joda.time.field
getLeapDurationField,repos/Time-27f/src/main/java/org/joda/time/field/ZeroIsMaxDateTimeField.java,ZeroIsMaxDateTimeField,org.joda.time.field
getMinimumValue,repos/Time-27f/src/main/java/org/joda/time/field/ZeroIsMaxDateTimeField.java,ZeroIsMaxDateTimeField,org.joda.time.field
getMinimumValue,repos/Time-27f/src/main/java/org/joda/time/field/ZeroIsMaxDateTimeField.java,ZeroIsMaxDateTimeField,org.joda.time.field
getMinimumValue,repos/Time-27f/src/main/java/org/joda/time/field/ZeroIsMaxDateTimeField.java,ZeroIsMaxDateTimeField,org.joda.time.field
getMinimumValue,repos/Time-27f/src/main/java/org/joda/time/field/ZeroIsMaxDateTimeField.java,ZeroIsMaxDateTimeField,org.joda.time.field
getMaximumValue,repos/Time-27f/src/main/java/org/joda/time/field/ZeroIsMaxDateTimeField.java,ZeroIsMaxDateTimeField,org.joda.time.field
getMaximumValue,repos/Time-27f/src/main/java/org/joda/time/field/ZeroIsMaxDateTimeField.java,ZeroIsMaxDateTimeField,org.joda.time.field
getMaximumValue,repos/Time-27f/src/main/java/org/joda/time/field/ZeroIsMaxDateTimeField.java,ZeroIsMaxDateTimeField,org.joda.time.field
getMaximumValue,repos/Time-27f/src/main/java/org/joda/time/field/ZeroIsMaxDateTimeField.java,ZeroIsMaxDateTimeField,org.joda.time.field
roundFloor,repos/Time-27f/src/main/java/org/joda/time/field/ZeroIsMaxDateTimeField.java,ZeroIsMaxDateTimeField,org.joda.time.field
roundCeiling,repos/Time-27f/src/main/java/org/joda/time/field/ZeroIsMaxDateTimeField.java,ZeroIsMaxDateTimeField,org.joda.time.field
roundHalfFloor,repos/Time-27f/src/main/java/org/joda/time/field/ZeroIsMaxDateTimeField.java,ZeroIsMaxDateTimeField,org.joda.time.field
roundHalfCeiling,repos/Time-27f/src/main/java/org/joda/time/field/ZeroIsMaxDateTimeField.java,ZeroIsMaxDateTimeField,org.joda.time.field
roundHalfEven,repos/Time-27f/src/main/java/org/joda/time/field/ZeroIsMaxDateTimeField.java,ZeroIsMaxDateTimeField,org.joda.time.field
remainder,repos/Time-27f/src/main/java/org/joda/time/field/ZeroIsMaxDateTimeField.java,ZeroIsMaxDateTimeField,org.joda.time.field
getWrappedField,repos/Time-27f/src/main/java/org/joda/time/field/DecoratedDurationField.java,DecoratedDurationField,org.joda.time.field
isPrecise,repos/Time-27f/src/main/java/org/joda/time/field/DecoratedDurationField.java,DecoratedDurationField,org.joda.time.field
getValueAsLong,repos/Time-27f/src/main/java/org/joda/time/field/DecoratedDurationField.java,DecoratedDurationField,org.joda.time.field
getMillis,repos/Time-27f/src/main/java/org/joda/time/field/DecoratedDurationField.java,DecoratedDurationField,org.joda.time.field
getMillis,repos/Time-27f/src/main/java/org/joda/time/field/DecoratedDurationField.java,DecoratedDurationField,org.joda.time.field
add,repos/Time-27f/src/main/java/org/joda/time/field/DecoratedDurationField.java,DecoratedDurationField,org.joda.time.field
add,repos/Time-27f/src/main/java/org/joda/time/field/DecoratedDurationField.java,DecoratedDurationField,org.joda.time.field
getDifferenceAsLong,repos/Time-27f/src/main/java/org/joda/time/field/DecoratedDurationField.java,DecoratedDurationField,org.joda.time.field
getUnitMillis,repos/Time-27f/src/main/java/org/joda/time/field/DecoratedDurationField.java,DecoratedDurationField,org.joda.time.field
get,repos/Time-27f/src/main/java/org/joda/time/field/DividedDateTimeField.java,DividedDateTimeField,org.joda.time.field
add,repos/Time-27f/src/main/java/org/joda/time/field/DividedDateTimeField.java,DividedDateTimeField,org.joda.time.field
add,repos/Time-27f/src/main/java/org/joda/time/field/DividedDateTimeField.java,DividedDateTimeField,org.joda.time.field
addWrapField,repos/Time-27f/src/main/java/org/joda/time/field/DividedDateTimeField.java,DividedDateTimeField,org.joda.time.field
getDifference,repos/Time-27f/src/main/java/org/joda/time/field/DividedDateTimeField.java,DividedDateTimeField,org.joda.time.field
getDifferenceAsLong,repos/Time-27f/src/main/java/org/joda/time/field/DividedDateTimeField.java,DividedDateTimeField,org.joda.time.field
set,repos/Time-27f/src/main/java/org/joda/time/field/DividedDateTimeField.java,DividedDateTimeField,org.joda.time.field
getDurationField,repos/Time-27f/src/main/java/org/joda/time/field/DividedDateTimeField.java,DividedDateTimeField,org.joda.time.field
getMinimumValue,repos/Time-27f/src/main/java/org/joda/time/field/DividedDateTimeField.java,DividedDateTimeField,org.joda.time.field
getMaximumValue,repos/Time-27f/src/main/java/org/joda/time/field/DividedDateTimeField.java,DividedDateTimeField,org.joda.time.field
roundFloor,repos/Time-27f/src/main/java/org/joda/time/field/DividedDateTimeField.java,DividedDateTimeField,org.joda.time.field
remainder,repos/Time-27f/src/main/java/org/joda/time/field/DividedDateTimeField.java,DividedDateTimeField,org.joda.time.field
getDivisor,repos/Time-27f/src/main/java/org/joda/time/field/DividedDateTimeField.java,DividedDateTimeField,org.joda.time.field
getRemainder,repos/Time-27f/src/main/java/org/joda/time/field/DividedDateTimeField.java,DividedDateTimeField,org.joda.time.field
get,repos/Time-27f/src/main/java/org/joda/time/field/RemainderDateTimeField.java,RemainderDateTimeField,org.joda.time.field
addWrapField,repos/Time-27f/src/main/java/org/joda/time/field/RemainderDateTimeField.java,RemainderDateTimeField,org.joda.time.field
set,repos/Time-27f/src/main/java/org/joda/time/field/RemainderDateTimeField.java,RemainderDateTimeField,org.joda.time.field
getRangeDurationField,repos/Time-27f/src/main/java/org/joda/time/field/RemainderDateTimeField.java,RemainderDateTimeField,org.joda.time.field
getMinimumValue,repos/Time-27f/src/main/java/org/joda/time/field/RemainderDateTimeField.java,RemainderDateTimeField,org.joda.time.field
getMaximumValue,repos/Time-27f/src/main/java/org/joda/time/field/RemainderDateTimeField.java,RemainderDateTimeField,org.joda.time.field
roundFloor,repos/Time-27f/src/main/java/org/joda/time/field/RemainderDateTimeField.java,RemainderDateTimeField,org.joda.time.field
roundCeiling,repos/Time-27f/src/main/java/org/joda/time/field/RemainderDateTimeField.java,RemainderDateTimeField,org.joda.time.field
roundHalfFloor,repos/Time-27f/src/main/java/org/joda/time/field/RemainderDateTimeField.java,RemainderDateTimeField,org.joda.time.field
roundHalfCeiling,repos/Time-27f/src/main/java/org/joda/time/field/RemainderDateTimeField.java,RemainderDateTimeField,org.joda.time.field
roundHalfEven,repos/Time-27f/src/main/java/org/joda/time/field/RemainderDateTimeField.java,RemainderDateTimeField,org.joda.time.field
remainder,repos/Time-27f/src/main/java/org/joda/time/field/RemainderDateTimeField.java,RemainderDateTimeField,org.joda.time.field
getDivisor,repos/Time-27f/src/main/java/org/joda/time/field/RemainderDateTimeField.java,RemainderDateTimeField,org.joda.time.field
getDivided,repos/Time-27f/src/main/java/org/joda/time/field/RemainderDateTimeField.java,RemainderDateTimeField,org.joda.time.field
getWrappedField,repos/Time-27f/src/main/java/org/joda/time/field/DecoratedDateTimeField.java,DecoratedDateTimeField,org.joda.time.field
isLenient,repos/Time-27f/src/main/java/org/joda/time/field/DecoratedDateTimeField.java,DecoratedDateTimeField,org.joda.time.field
get,repos/Time-27f/src/main/java/org/joda/time/field/DecoratedDateTimeField.java,DecoratedDateTimeField,org.joda.time.field
set,repos/Time-27f/src/main/java/org/joda/time/field/DecoratedDateTimeField.java,DecoratedDateTimeField,org.joda.time.field
getDurationField,repos/Time-27f/src/main/java/org/joda/time/field/DecoratedDateTimeField.java,DecoratedDateTimeField,org.joda.time.field
getRangeDurationField,repos/Time-27f/src/main/java/org/joda/time/field/DecoratedDateTimeField.java,DecoratedDateTimeField,org.joda.time.field
getMinimumValue,repos/Time-27f/src/main/java/org/joda/time/field/DecoratedDateTimeField.java,DecoratedDateTimeField,org.joda.time.field
getMaximumValue,repos/Time-27f/src/main/java/org/joda/time/field/DecoratedDateTimeField.java,DecoratedDateTimeField,org.joda.time.field
roundFloor,repos/Time-27f/src/main/java/org/joda/time/field/DecoratedDateTimeField.java,DecoratedDateTimeField,org.joda.time.field
getInstance,repos/Time-27f/src/main/java/org/joda/time/field/LenientDateTimeField.java,LenientDateTimeField,org.joda.time.field
isLenient,repos/Time-27f/src/main/java/org/joda/time/field/LenientDateTimeField.java,LenientDateTimeField,org.joda.time.field
set,repos/Time-27f/src/main/java/org/joda/time/field/LenientDateTimeField.java,LenientDateTimeField,org.joda.time.field
getWrappedField,repos/Time-27f/src/main/java/org/joda/time/field/DelegatedDurationField.java,DelegatedDurationField,org.joda.time.field
getType,repos/Time-27f/src/main/java/org/joda/time/field/DelegatedDurationField.java,DelegatedDurationField,org.joda.time.field
getName,repos/Time-27f/src/main/java/org/joda/time/field/DelegatedDurationField.java,DelegatedDurationField,org.joda.time.field
isSupported,repos/Time-27f/src/main/java/org/joda/time/field/DelegatedDurationField.java,DelegatedDurationField,org.joda.time.field
isPrecise,repos/Time-27f/src/main/java/org/joda/time/field/DelegatedDurationField.java,DelegatedDurationField,org.joda.time.field
getValue,repos/Time-27f/src/main/java/org/joda/time/field/DelegatedDurationField.java,DelegatedDurationField,org.joda.time.field
getValueAsLong,repos/Time-27f/src/main/java/org/joda/time/field/DelegatedDurationField.java,DelegatedDurationField,org.joda.time.field
getValue,repos/Time-27f/src/main/java/org/joda/time/field/DelegatedDurationField.java,DelegatedDurationField,org.joda.time.field
getValueAsLong,repos/Time-27f/src/main/java/org/joda/time/field/DelegatedDurationField.java,DelegatedDurationField,org.joda.time.field
getMillis,repos/Time-27f/src/main/java/org/joda/time/field/DelegatedDurationField.java,DelegatedDurationField,org.joda.time.field
getMillis,repos/Time-27f/src/main/java/org/joda/time/field/DelegatedDurationField.java,DelegatedDurationField,org.joda.time.field
getMillis,repos/Time-27f/src/main/java/org/joda/time/field/DelegatedDurationField.java,DelegatedDurationField,org.joda.time.field
getMillis,repos/Time-27f/src/main/java/org/joda/time/field/DelegatedDurationField.java,DelegatedDurationField,org.joda.time.field
add,repos/Time-27f/src/main/java/org/joda/time/field/DelegatedDurationField.java,DelegatedDurationField,org.joda.time.field
add,repos/Time-27f/src/main/java/org/joda/time/field/DelegatedDurationField.java,DelegatedDurationField,org.joda.time.field
getDifference,repos/Time-27f/src/main/java/org/joda/time/field/DelegatedDurationField.java,DelegatedDurationField,org.joda.time.field
getDifferenceAsLong,repos/Time-27f/src/main/java/org/joda/time/field/DelegatedDurationField.java,DelegatedDurationField,org.joda.time.field
getUnitMillis,repos/Time-27f/src/main/java/org/joda/time/field/DelegatedDurationField.java,DelegatedDurationField,org.joda.time.field
compareTo,repos/Time-27f/src/main/java/org/joda/time/field/DelegatedDurationField.java,DelegatedDurationField,org.joda.time.field
toString,repos/Time-27f/src/main/java/org/joda/time/field/DelegatedDurationField.java,DelegatedDurationField,org.joda.time.field
getField,repos/Time-27f/src/main/java/org/joda/time/field/AbstractPartialFieldProperty.java,AbstractPartialFieldProperty,org.joda.time.field
getFieldType,repos/Time-27f/src/main/java/org/joda/time/field/AbstractPartialFieldProperty.java,AbstractPartialFieldProperty,org.joda.time.field
getName,repos/Time-27f/src/main/java/org/joda/time/field/AbstractPartialFieldProperty.java,AbstractPartialFieldProperty,org.joda.time.field
getReadablePartial,repos/Time-27f/src/main/java/org/joda/time/field/AbstractPartialFieldProperty.java,AbstractPartialFieldProperty,org.joda.time.field
get,repos/Time-27f/src/main/java/org/joda/time/field/AbstractPartialFieldProperty.java,AbstractPartialFieldProperty,org.joda.time.field
getAsString,repos/Time-27f/src/main/java/org/joda/time/field/AbstractPartialFieldProperty.java,AbstractPartialFieldProperty,org.joda.time.field
getAsText,repos/Time-27f/src/main/java/org/joda/time/field/AbstractPartialFieldProperty.java,AbstractPartialFieldProperty,org.joda.time.field
getAsText,repos/Time-27f/src/main/java/org/joda/time/field/AbstractPartialFieldProperty.java,AbstractPartialFieldProperty,org.joda.time.field
getAsShortText,repos/Time-27f/src/main/java/org/joda/time/field/AbstractPartialFieldProperty.java,AbstractPartialFieldProperty,org.joda.time.field
getAsShortText,repos/Time-27f/src/main/java/org/joda/time/field/AbstractPartialFieldProperty.java,AbstractPartialFieldProperty,org.joda.time.field
getDurationField,repos/Time-27f/src/main/java/org/joda/time/field/AbstractPartialFieldProperty.java,AbstractPartialFieldProperty,org.joda.time.field
getRangeDurationField,repos/Time-27f/src/main/java/org/joda/time/field/AbstractPartialFieldProperty.java,AbstractPartialFieldProperty,org.joda.time.field
getMinimumValueOverall,repos/Time-27f/src/main/java/org/joda/time/field/AbstractPartialFieldProperty.java,AbstractPartialFieldProperty,org.joda.time.field
getMinimumValue,repos/Time-27f/src/main/java/org/joda/time/field/AbstractPartialFieldProperty.java,AbstractPartialFieldProperty,org.joda.time.field
getMaximumValueOverall,repos/Time-27f/src/main/java/org/joda/time/field/AbstractPartialFieldProperty.java,AbstractPartialFieldProperty,org.joda.time.field
getMaximumValue,repos/Time-27f/src/main/java/org/joda/time/field/AbstractPartialFieldProperty.java,AbstractPartialFieldProperty,org.joda.time.field
getMaximumTextLength,repos/Time-27f/src/main/java/org/joda/time/field/AbstractPartialFieldProperty.java,AbstractPartialFieldProperty,org.joda.time.field
getMaximumShortTextLength,repos/Time-27f/src/main/java/org/joda/time/field/AbstractPartialFieldProperty.java,AbstractPartialFieldProperty,org.joda.time.field
compareTo,repos/Time-27f/src/main/java/org/joda/time/field/AbstractPartialFieldProperty.java,AbstractPartialFieldProperty,org.joda.time.field
compareTo,repos/Time-27f/src/main/java/org/joda/time/field/AbstractPartialFieldProperty.java,AbstractPartialFieldProperty,org.joda.time.field
getType,repos/Time-27f/src/main/java/org/joda/time/field/BaseDurationField.java,BaseDurationField,org.joda.time.field
getName,repos/Time-27f/src/main/java/org/joda/time/field/BaseDurationField.java,BaseDurationField,org.joda.time.field
isSupported,repos/Time-27f/src/main/java/org/joda/time/field/BaseDurationField.java,BaseDurationField,org.joda.time.field
getValue,repos/Time-27f/src/main/java/org/joda/time/field/BaseDurationField.java,BaseDurationField,org.joda.time.field
getValueAsLong,repos/Time-27f/src/main/java/org/joda/time/field/BaseDurationField.java,BaseDurationField,org.joda.time.field
getValue,repos/Time-27f/src/main/java/org/joda/time/field/BaseDurationField.java,BaseDurationField,org.joda.time.field
getMillis,repos/Time-27f/src/main/java/org/joda/time/field/BaseDurationField.java,BaseDurationField,org.joda.time.field
getMillis,repos/Time-27f/src/main/java/org/joda/time/field/BaseDurationField.java,BaseDurationField,org.joda.time.field
getDifference,repos/Time-27f/src/main/java/org/joda/time/field/BaseDurationField.java,BaseDurationField,org.joda.time.field
compareTo,repos/Time-27f/src/main/java/org/joda/time/field/BaseDurationField.java,BaseDurationField,org.joda.time.field
toString,repos/Time-27f/src/main/java/org/joda/time/field/BaseDurationField.java,BaseDurationField,org.joda.time.field
getInstance,repos/Time-27f/src/main/java/org/joda/time/field/UnsupportedDurationField.java,UnsupportedDurationField,org.joda.time.field
getType,repos/Time-27f/src/main/java/org/joda/time/field/UnsupportedDurationField.java,UnsupportedDurationField,org.joda.time.field
getName,repos/Time-27f/src/main/java/org/joda/time/field/UnsupportedDurationField.java,UnsupportedDurationField,org.joda.time.field
isSupported,repos/Time-27f/src/main/java/org/joda/time/field/UnsupportedDurationField.java,UnsupportedDurationField,org.joda.time.field
isPrecise,repos/Time-27f/src/main/java/org/joda/time/field/UnsupportedDurationField.java,UnsupportedDurationField,org.joda.time.field
getValue,repos/Time-27f/src/main/java/org/joda/time/field/UnsupportedDurationField.java,UnsupportedDurationField,org.joda.time.field
getValueAsLong,repos/Time-27f/src/main/java/org/joda/time/field/UnsupportedDurationField.java,UnsupportedDurationField,org.joda.time.field
getValue,repos/Time-27f/src/main/java/org/joda/time/field/UnsupportedDurationField.java,UnsupportedDurationField,org.joda.time.field
getValueAsLong,repos/Time-27f/src/main/java/org/joda/time/field/UnsupportedDurationField.java,UnsupportedDurationField,org.joda.time.field
getMillis,repos/Time-27f/src/main/java/org/joda/time/field/UnsupportedDurationField.java,UnsupportedDurationField,org.joda.time.field
getMillis,repos/Time-27f/src/main/java/org/joda/time/field/UnsupportedDurationField.java,UnsupportedDurationField,org.joda.time.field
getMillis,repos/Time-27f/src/main/java/org/joda/time/field/UnsupportedDurationField.java,UnsupportedDurationField,org.joda.time.field
getMillis,repos/Time-27f/src/main/java/org/joda/time/field/UnsupportedDurationField.java,UnsupportedDurationField,org.joda.time.field
add,repos/Time-27f/src/main/java/org/joda/time/field/UnsupportedDurationField.java,UnsupportedDurationField,org.joda.time.field
add,repos/Time-27f/src/main/java/org/joda/time/field/UnsupportedDurationField.java,UnsupportedDurationField,org.joda.time.field
getDifference,repos/Time-27f/src/main/java/org/joda/time/field/UnsupportedDurationField.java,UnsupportedDurationField,org.joda.time.field
getDifferenceAsLong,repos/Time-27f/src/main/java/org/joda/time/field/UnsupportedDurationField.java,UnsupportedDurationField,org.joda.time.field
getUnitMillis,repos/Time-27f/src/main/java/org/joda/time/field/UnsupportedDurationField.java,UnsupportedDurationField,org.joda.time.field
compareTo,repos/Time-27f/src/main/java/org/joda/time/field/UnsupportedDurationField.java,UnsupportedDurationField,org.joda.time.field
equals,repos/Time-27f/src/main/java/org/joda/time/field/UnsupportedDurationField.java,UnsupportedDurationField,org.joda.time.field
hashCode,repos/Time-27f/src/main/java/org/joda/time/field/UnsupportedDurationField.java,UnsupportedDurationField,org.joda.time.field
toString,repos/Time-27f/src/main/java/org/joda/time/field/UnsupportedDurationField.java,UnsupportedDurationField,org.joda.time.field
readResolve,repos/Time-27f/src/main/java/org/joda/time/field/UnsupportedDurationField.java,UnsupportedDurationField,org.joda.time.field
unsupported,repos/Time-27f/src/main/java/org/joda/time/field/UnsupportedDurationField.java,UnsupportedDurationField,org.joda.time.field
getInstance,repos/Time-27f/src/main/java/org/joda/time/field/UnsupportedDateTimeField.java,UnsupportedDateTimeField,org.joda.time.field
getType,repos/Time-27f/src/main/java/org/joda/time/field/UnsupportedDateTimeField.java,UnsupportedDateTimeField,org.joda.time.field
getName,repos/Time-27f/src/main/java/org/joda/time/field/UnsupportedDateTimeField.java,UnsupportedDateTimeField,org.joda.time.field
isSupported,repos/Time-27f/src/main/java/org/joda/time/field/UnsupportedDateTimeField.java,UnsupportedDateTimeField,org.joda.time.field
isLenient,repos/Time-27f/src/main/java/org/joda/time/field/UnsupportedDateTimeField.java,UnsupportedDateTimeField,org.joda.time.field
get,repos/Time-27f/src/main/java/org/joda/time/field/UnsupportedDateTimeField.java,UnsupportedDateTimeField,org.joda.time.field
getAsText,repos/Time-27f/src/main/java/org/joda/time/field/UnsupportedDateTimeField.java,UnsupportedDateTimeField,org.joda.time.field
getAsText,repos/Time-27f/src/main/java/org/joda/time/field/UnsupportedDateTimeField.java,UnsupportedDateTimeField,org.joda.time.field
getAsText,repos/Time-27f/src/main/java/org/joda/time/field/UnsupportedDateTimeField.java,UnsupportedDateTimeField,org.joda.time.field
getAsText,repos/Time-27f/src/main/java/org/joda/time/field/UnsupportedDateTimeField.java,UnsupportedDateTimeField,org.joda.time.field
getAsText,repos/Time-27f/src/main/java/org/joda/time/field/UnsupportedDateTimeField.java,UnsupportedDateTimeField,org.joda.time.field
getAsShortText,repos/Time-27f/src/main/java/org/joda/time/field/UnsupportedDateTimeField.java,UnsupportedDateTimeField,org.joda.time.field
getAsShortText,repos/Time-27f/src/main/java/org/joda/time/field/UnsupportedDateTimeField.java,UnsupportedDateTimeField,org.joda.time.field
getAsShortText,repos/Time-27f/src/main/java/org/joda/time/field/UnsupportedDateTimeField.java,UnsupportedDateTimeField,org.joda.time.field
getAsShortText,repos/Time-27f/src/main/java/org/joda/time/field/UnsupportedDateTimeField.java,UnsupportedDateTimeField,org.joda.time.field
getAsShortText,repos/Time-27f/src/main/java/org/joda/time/field/UnsupportedDateTimeField.java,UnsupportedDateTimeField,org.joda.time.field
add,repos/Time-27f/src/main/java/org/joda/time/field/UnsupportedDateTimeField.java,UnsupportedDateTimeField,org.joda.time.field
add,repos/Time-27f/src/main/java/org/joda/time/field/UnsupportedDateTimeField.java,UnsupportedDateTimeField,org.joda.time.field
add,repos/Time-27f/src/main/java/org/joda/time/field/UnsupportedDateTimeField.java,UnsupportedDateTimeField,org.joda.time.field
addWrapPartial,repos/Time-27f/src/main/java/org/joda/time/field/UnsupportedDateTimeField.java,UnsupportedDateTimeField,org.joda.time.field
addWrapField,repos/Time-27f/src/main/java/org/joda/time/field/UnsupportedDateTimeField.java,UnsupportedDateTimeField,org.joda.time.field
addWrapField,repos/Time-27f/src/main/java/org/joda/time/field/UnsupportedDateTimeField.java,UnsupportedDateTimeField,org.joda.time.field
getDifference,repos/Time-27f/src/main/java/org/joda/time/field/UnsupportedDateTimeField.java,UnsupportedDateTimeField,org.joda.time.field
getDifferenceAsLong,repos/Time-27f/src/main/java/org/joda/time/field/UnsupportedDateTimeField.java,UnsupportedDateTimeField,org.joda.time.field
set,repos/Time-27f/src/main/java/org/joda/time/field/UnsupportedDateTimeField.java,UnsupportedDateTimeField,org.joda.time.field
set,repos/Time-27f/src/main/java/org/joda/time/field/UnsupportedDateTimeField.java,UnsupportedDateTimeField,org.joda.time.field
set,repos/Time-27f/src/main/java/org/joda/time/field/UnsupportedDateTimeField.java,UnsupportedDateTimeField,org.joda.time.field
set,repos/Time-27f/src/main/java/org/joda/time/field/UnsupportedDateTimeField.java,UnsupportedDateTimeField,org.joda.time.field
set,repos/Time-27f/src/main/java/org/joda/time/field/UnsupportedDateTimeField.java,UnsupportedDateTimeField,org.joda.time.field
getDurationField,repos/Time-27f/src/main/java/org/joda/time/field/UnsupportedDateTimeField.java,UnsupportedDateTimeField,org.joda.time.field
getRangeDurationField,repos/Time-27f/src/main/java/org/joda/time/field/UnsupportedDateTimeField.java,UnsupportedDateTimeField,org.joda.time.field
isLeap,repos/Time-27f/src/main/java/org/joda/time/field/UnsupportedDateTimeField.java,UnsupportedDateTimeField,org.joda.time.field
getLeapAmount,repos/Time-27f/src/main/java/org/joda/time/field/UnsupportedDateTimeField.java,UnsupportedDateTimeField,org.joda.time.field
getLeapDurationField,repos/Time-27f/src/main/java/org/joda/time/field/UnsupportedDateTimeField.java,UnsupportedDateTimeField,org.joda.time.field
getMinimumValue,repos/Time-27f/src/main/java/org/joda/time/field/UnsupportedDateTimeField.java,UnsupportedDateTimeField,org.joda.time.field
getMinimumValue,repos/Time-27f/src/main/java/org/joda/time/field/UnsupportedDateTimeField.java,UnsupportedDateTimeField,org.joda.time.field
getMinimumValue,repos/Time-27f/src/main/java/org/joda/time/field/UnsupportedDateTimeField.java,UnsupportedDateTimeField,org.joda.time.field
getMinimumValue,repos/Time-27f/src/main/java/org/joda/time/field/UnsupportedDateTimeField.java,UnsupportedDateTimeField,org.joda.time.field
getMaximumValue,repos/Time-27f/src/main/java/org/joda/time/field/UnsupportedDateTimeField.java,UnsupportedDateTimeField,org.joda.time.field
getMaximumValue,repos/Time-27f/src/main/java/org/joda/time/field/UnsupportedDateTimeField.java,UnsupportedDateTimeField,org.joda.time.field
getMaximumValue,repos/Time-27f/src/main/java/org/joda/time/field/UnsupportedDateTimeField.java,UnsupportedDateTimeField,org.joda.time.field
getMaximumValue,repos/Time-27f/src/main/java/org/joda/time/field/UnsupportedDateTimeField.java,UnsupportedDateTimeField,org.joda.time.field
getMaximumTextLength,repos/Time-27f/src/main/java/org/joda/time/field/UnsupportedDateTimeField.java,UnsupportedDateTimeField,org.joda.time.field
getMaximumShortTextLength,repos/Time-27f/src/main/java/org/joda/time/field/UnsupportedDateTimeField.java,UnsupportedDateTimeField,org.joda.time.field
roundFloor,repos/Time-27f/src/main/java/org/joda/time/field/UnsupportedDateTimeField.java,UnsupportedDateTimeField,org.joda.time.field
roundCeiling,repos/Time-27f/src/main/java/org/joda/time/field/UnsupportedDateTimeField.java,UnsupportedDateTimeField,org.joda.time.field
roundHalfFloor,repos/Time-27f/src/main/java/org/joda/time/field/UnsupportedDateTimeField.java,UnsupportedDateTimeField,org.joda.time.field
roundHalfCeiling,repos/Time-27f/src/main/java/org/joda/time/field/UnsupportedDateTimeField.java,UnsupportedDateTimeField,org.joda.time.field
roundHalfEven,repos/Time-27f/src/main/java/org/joda/time/field/UnsupportedDateTimeField.java,UnsupportedDateTimeField,org.joda.time.field
remainder,repos/Time-27f/src/main/java/org/joda/time/field/UnsupportedDateTimeField.java,UnsupportedDateTimeField,org.joda.time.field
toString,repos/Time-27f/src/main/java/org/joda/time/field/UnsupportedDateTimeField.java,UnsupportedDateTimeField,org.joda.time.field
readResolve,repos/Time-27f/src/main/java/org/joda/time/field/UnsupportedDateTimeField.java,UnsupportedDateTimeField,org.joda.time.field
unsupported,repos/Time-27f/src/main/java/org/joda/time/field/UnsupportedDateTimeField.java,UnsupportedDateTimeField,org.joda.time.field
getType,repos/Time-27f/src/main/java/org/joda/time/field/BaseDateTimeField.java,BaseDateTimeField,org.joda.time.field
getName,repos/Time-27f/src/main/java/org/joda/time/field/BaseDateTimeField.java,BaseDateTimeField,org.joda.time.field
isSupported,repos/Time-27f/src/main/java/org/joda/time/field/BaseDateTimeField.java,BaseDateTimeField,org.joda.time.field
get,repos/Time-27f/src/main/java/org/joda/time/field/BaseDateTimeField.java,BaseDateTimeField,org.joda.time.field
getAsText,repos/Time-27f/src/main/java/org/joda/time/field/BaseDateTimeField.java,BaseDateTimeField,org.joda.time.field
getAsText,repos/Time-27f/src/main/java/org/joda/time/field/BaseDateTimeField.java,BaseDateTimeField,org.joda.time.field
getAsText,repos/Time-27f/src/main/java/org/joda/time/field/BaseDateTimeField.java,BaseDateTimeField,org.joda.time.field
getAsText,repos/Time-27f/src/main/java/org/joda/time/field/BaseDateTimeField.java,BaseDateTimeField,org.joda.time.field
getAsText,repos/Time-27f/src/main/java/org/joda/time/field/BaseDateTimeField.java,BaseDateTimeField,org.joda.time.field
getAsShortText,repos/Time-27f/src/main/java/org/joda/time/field/BaseDateTimeField.java,BaseDateTimeField,org.joda.time.field
getAsShortText,repos/Time-27f/src/main/java/org/joda/time/field/BaseDateTimeField.java,BaseDateTimeField,org.joda.time.field
getAsShortText,repos/Time-27f/src/main/java/org/joda/time/field/BaseDateTimeField.java,BaseDateTimeField,org.joda.time.field
getAsShortText,repos/Time-27f/src/main/java/org/joda/time/field/BaseDateTimeField.java,BaseDateTimeField,org.joda.time.field
getAsShortText,repos/Time-27f/src/main/java/org/joda/time/field/BaseDateTimeField.java,BaseDateTimeField,org.joda.time.field
add,repos/Time-27f/src/main/java/org/joda/time/field/BaseDateTimeField.java,BaseDateTimeField,org.joda.time.field
add,repos/Time-27f/src/main/java/org/joda/time/field/BaseDateTimeField.java,BaseDateTimeField,org.joda.time.field
add,repos/Time-27f/src/main/java/org/joda/time/field/BaseDateTimeField.java,BaseDateTimeField,org.joda.time.field
addWrapPartial,repos/Time-27f/src/main/java/org/joda/time/field/BaseDateTimeField.java,BaseDateTimeField,org.joda.time.field
addWrapField,repos/Time-27f/src/main/java/org/joda/time/field/BaseDateTimeField.java,BaseDateTimeField,org.joda.time.field
addWrapField,repos/Time-27f/src/main/java/org/joda/time/field/BaseDateTimeField.java,BaseDateTimeField,org.joda.time.field
getDifference,repos/Time-27f/src/main/java/org/joda/time/field/BaseDateTimeField.java,BaseDateTimeField,org.joda.time.field
getDifferenceAsLong,repos/Time-27f/src/main/java/org/joda/time/field/BaseDateTimeField.java,BaseDateTimeField,org.joda.time.field
set,repos/Time-27f/src/main/java/org/joda/time/field/BaseDateTimeField.java,BaseDateTimeField,org.joda.time.field
set,repos/Time-27f/src/main/java/org/joda/time/field/BaseDateTimeField.java,BaseDateTimeField,org.joda.time.field
set,repos/Time-27f/src/main/java/org/joda/time/field/BaseDateTimeField.java,BaseDateTimeField,org.joda.time.field
set,repos/Time-27f/src/main/java/org/joda/time/field/BaseDateTimeField.java,BaseDateTimeField,org.joda.time.field
set,repos/Time-27f/src/main/java/org/joda/time/field/BaseDateTimeField.java,BaseDateTimeField,org.joda.time.field
convertText,repos/Time-27f/src/main/java/org/joda/time/field/BaseDateTimeField.java,BaseDateTimeField,org.joda.time.field
getDurationField,repos/Time-27f/src/main/java/org/joda/time/field/BaseDateTimeField.java,BaseDateTimeField,org.joda.time.field
getRangeDurationField,repos/Time-27f/src/main/java/org/joda/time/field/BaseDateTimeField.java,BaseDateTimeField,org.joda.time.field
isLeap,repos/Time-27f/src/main/java/org/joda/time/field/BaseDateTimeField.java,BaseDateTimeField,org.joda.time.field
getLeapAmount,repos/Time-27f/src/main/java/org/joda/time/field/BaseDateTimeField.java,BaseDateTimeField,org.joda.time.field
getLeapDurationField,repos/Time-27f/src/main/java/org/joda/time/field/BaseDateTimeField.java,BaseDateTimeField,org.joda.time.field
getMinimumValue,repos/Time-27f/src/main/java/org/joda/time/field/BaseDateTimeField.java,BaseDateTimeField,org.joda.time.field
getMinimumValue,repos/Time-27f/src/main/java/org/joda/time/field/BaseDateTimeField.java,BaseDateTimeField,org.joda.time.field
getMinimumValue,repos/Time-27f/src/main/java/org/joda/time/field/BaseDateTimeField.java,BaseDateTimeField,org.joda.time.field
getMinimumValue,repos/Time-27f/src/main/java/org/joda/time/field/BaseDateTimeField.java,BaseDateTimeField,org.joda.time.field
getMaximumValue,repos/Time-27f/src/main/java/org/joda/time/field/BaseDateTimeField.java,BaseDateTimeField,org.joda.time.field
getMaximumValue,repos/Time-27f/src/main/java/org/joda/time/field/BaseDateTimeField.java,BaseDateTimeField,org.joda.time.field
getMaximumValue,repos/Time-27f/src/main/java/org/joda/time/field/BaseDateTimeField.java,BaseDateTimeField,org.joda.time.field
getMaximumValue,repos/Time-27f/src/main/java/org/joda/time/field/BaseDateTimeField.java,BaseDateTimeField,org.joda.time.field
getMaximumTextLength,repos/Time-27f/src/main/java/org/joda/time/field/BaseDateTimeField.java,BaseDateTimeField,org.joda.time.field
getMaximumShortTextLength,repos/Time-27f/src/main/java/org/joda/time/field/BaseDateTimeField.java,BaseDateTimeField,org.joda.time.field
roundFloor,repos/Time-27f/src/main/java/org/joda/time/field/BaseDateTimeField.java,BaseDateTimeField,org.joda.time.field
roundCeiling,repos/Time-27f/src/main/java/org/joda/time/field/BaseDateTimeField.java,BaseDateTimeField,org.joda.time.field
roundHalfFloor,repos/Time-27f/src/main/java/org/joda/time/field/BaseDateTimeField.java,BaseDateTimeField,org.joda.time.field
roundHalfCeiling,repos/Time-27f/src/main/java/org/joda/time/field/BaseDateTimeField.java,BaseDateTimeField,org.joda.time.field
roundHalfEven,repos/Time-27f/src/main/java/org/joda/time/field/BaseDateTimeField.java,BaseDateTimeField,org.joda.time.field
remainder,repos/Time-27f/src/main/java/org/joda/time/field/BaseDateTimeField.java,BaseDateTimeField,org.joda.time.field
toString,repos/Time-27f/src/main/java/org/joda/time/field/BaseDateTimeField.java,BaseDateTimeField,org.joda.time.field
get,repos/Time-27f/src/main/java/org/joda/time/field/ImpreciseDateTimeField.java,ImpreciseDateTimeField,org.joda.time.field
set,repos/Time-27f/src/main/java/org/joda/time/field/ImpreciseDateTimeField.java,ImpreciseDateTimeField,org.joda.time.field
add,repos/Time-27f/src/main/java/org/joda/time/field/ImpreciseDateTimeField.java,ImpreciseDateTimeField,org.joda.time.field
add,repos/Time-27f/src/main/java/org/joda/time/field/ImpreciseDateTimeField.java,ImpreciseDateTimeField,org.joda.time.field
getDifference,repos/Time-27f/src/main/java/org/joda/time/field/ImpreciseDateTimeField.java,ImpreciseDateTimeField,org.joda.time.field
getDifferenceAsLong,repos/Time-27f/src/main/java/org/joda/time/field/ImpreciseDateTimeField.java,ImpreciseDateTimeField,org.joda.time.field
getDurationField,repos/Time-27f/src/main/java/org/joda/time/field/ImpreciseDateTimeField.java,ImpreciseDateTimeField,org.joda.time.field
getRangeDurationField,repos/Time-27f/src/main/java/org/joda/time/field/ImpreciseDateTimeField.java,ImpreciseDateTimeField,org.joda.time.field
roundFloor,repos/Time-27f/src/main/java/org/joda/time/field/ImpreciseDateTimeField.java,ImpreciseDateTimeField,org.joda.time.field
getDurationUnitMillis,repos/Time-27f/src/main/java/org/joda/time/field/ImpreciseDateTimeField.java,ImpreciseDateTimeField,org.joda.time.field
isPrecise,repos/Time-27f/src/main/java/org/joda/time/field/ImpreciseDateTimeField.java,ImpreciseDateTimeField,org.joda.time.field
getUnitMillis,repos/Time-27f/src/main/java/org/joda/time/field/ImpreciseDateTimeField.java,ImpreciseDateTimeField,org.joda.time.field
getValue,repos/Time-27f/src/main/java/org/joda/time/field/ImpreciseDateTimeField.java,ImpreciseDateTimeField,org.joda.time.field
getValueAsLong,repos/Time-27f/src/main/java/org/joda/time/field/ImpreciseDateTimeField.java,ImpreciseDateTimeField,org.joda.time.field
getMillis,repos/Time-27f/src/main/java/org/joda/time/field/ImpreciseDateTimeField.java,ImpreciseDateTimeField,org.joda.time.field
getMillis,repos/Time-27f/src/main/java/org/joda/time/field/ImpreciseDateTimeField.java,ImpreciseDateTimeField,org.joda.time.field
add,repos/Time-27f/src/main/java/org/joda/time/field/ImpreciseDateTimeField.java,ImpreciseDateTimeField,org.joda.time.field
add,repos/Time-27f/src/main/java/org/joda/time/field/ImpreciseDateTimeField.java,ImpreciseDateTimeField,org.joda.time.field
getDifference,repos/Time-27f/src/main/java/org/joda/time/field/ImpreciseDateTimeField.java,ImpreciseDateTimeField,org.joda.time.field
getDifferenceAsLong,repos/Time-27f/src/main/java/org/joda/time/field/ImpreciseDateTimeField.java,ImpreciseDateTimeField,org.joda.time.field
isPrecise,repos/Time-27f/src/main/java/org/joda/time/field/ImpreciseDateTimeField.java,LinkedDurationField,org.joda.time.field
getUnitMillis,repos/Time-27f/src/main/java/org/joda/time/field/ImpreciseDateTimeField.java,LinkedDurationField,org.joda.time.field
getValue,repos/Time-27f/src/main/java/org/joda/time/field/ImpreciseDateTimeField.java,LinkedDurationField,org.joda.time.field
getValueAsLong,repos/Time-27f/src/main/java/org/joda/time/field/ImpreciseDateTimeField.java,LinkedDurationField,org.joda.time.field
getMillis,repos/Time-27f/src/main/java/org/joda/time/field/ImpreciseDateTimeField.java,LinkedDurationField,org.joda.time.field
getMillis,repos/Time-27f/src/main/java/org/joda/time/field/ImpreciseDateTimeField.java,LinkedDurationField,org.joda.time.field
add,repos/Time-27f/src/main/java/org/joda/time/field/ImpreciseDateTimeField.java,LinkedDurationField,org.joda.time.field
add,repos/Time-27f/src/main/java/org/joda/time/field/ImpreciseDateTimeField.java,LinkedDurationField,org.joda.time.field
getDifference,repos/Time-27f/src/main/java/org/joda/time/field/ImpreciseDateTimeField.java,LinkedDurationField,org.joda.time.field
getDifferenceAsLong,repos/Time-27f/src/main/java/org/joda/time/field/ImpreciseDateTimeField.java,LinkedDurationField,org.joda.time.field
safeNegate,repos/Time-27f/src/main/java/org/joda/time/field/FieldUtils.java,FieldUtils,org.joda.time.field
safeAdd,repos/Time-27f/src/main/java/org/joda/time/field/FieldUtils.java,FieldUtils,org.joda.time.field
safeAdd,repos/Time-27f/src/main/java/org/joda/time/field/FieldUtils.java,FieldUtils,org.joda.time.field
safeSubtract,repos/Time-27f/src/main/java/org/joda/time/field/FieldUtils.java,FieldUtils,org.joda.time.field
safeMultiply,repos/Time-27f/src/main/java/org/joda/time/field/FieldUtils.java,FieldUtils,org.joda.time.field
safeMultiply,repos/Time-27f/src/main/java/org/joda/time/field/FieldUtils.java,FieldUtils,org.joda.time.field
safeMultiply,repos/Time-27f/src/main/java/org/joda/time/field/FieldUtils.java,FieldUtils,org.joda.time.field
safeToInt,repos/Time-27f/src/main/java/org/joda/time/field/FieldUtils.java,FieldUtils,org.joda.time.field
safeMultiplyToInt,repos/Time-27f/src/main/java/org/joda/time/field/FieldUtils.java,FieldUtils,org.joda.time.field
verifyValueBounds,repos/Time-27f/src/main/java/org/joda/time/field/FieldUtils.java,FieldUtils,org.joda.time.field
verifyValueBounds,repos/Time-27f/src/main/java/org/joda/time/field/FieldUtils.java,FieldUtils,org.joda.time.field
verifyValueBounds,repos/Time-27f/src/main/java/org/joda/time/field/FieldUtils.java,FieldUtils,org.joda.time.field
getWrappedValue,repos/Time-27f/src/main/java/org/joda/time/field/FieldUtils.java,FieldUtils,org.joda.time.field
getWrappedValue,repos/Time-27f/src/main/java/org/joda/time/field/FieldUtils.java,FieldUtils,org.joda.time.field
equals,repos/Time-27f/src/main/java/org/joda/time/field/FieldUtils.java,FieldUtils,org.joda.time.field
getWrappedField,repos/Time-27f/src/main/java/org/joda/time/field/DelegatedDateTimeField.java,DelegatedDateTimeField,org.joda.time.field
getType,repos/Time-27f/src/main/java/org/joda/time/field/DelegatedDateTimeField.java,DelegatedDateTimeField,org.joda.time.field
getName,repos/Time-27f/src/main/java/org/joda/time/field/DelegatedDateTimeField.java,DelegatedDateTimeField,org.joda.time.field
isSupported,repos/Time-27f/src/main/java/org/joda/time/field/DelegatedDateTimeField.java,DelegatedDateTimeField,org.joda.time.field
isLenient,repos/Time-27f/src/main/java/org/joda/time/field/DelegatedDateTimeField.java,DelegatedDateTimeField,org.joda.time.field
get,repos/Time-27f/src/main/java/org/joda/time/field/DelegatedDateTimeField.java,DelegatedDateTimeField,org.joda.time.field
getAsText,repos/Time-27f/src/main/java/org/joda/time/field/DelegatedDateTimeField.java,DelegatedDateTimeField,org.joda.time.field
getAsText,repos/Time-27f/src/main/java/org/joda/time/field/DelegatedDateTimeField.java,DelegatedDateTimeField,org.joda.time.field
getAsText,repos/Time-27f/src/main/java/org/joda/time/field/DelegatedDateTimeField.java,DelegatedDateTimeField,org.joda.time.field
getAsText,repos/Time-27f/src/main/java/org/joda/time/field/DelegatedDateTimeField.java,DelegatedDateTimeField,org.joda.time.field
getAsText,repos/Time-27f/src/main/java/org/joda/time/field/DelegatedDateTimeField.java,DelegatedDateTimeField,org.joda.time.field
getAsShortText,repos/Time-27f/src/main/java/org/joda/time/field/DelegatedDateTimeField.java,DelegatedDateTimeField,org.joda.time.field
getAsShortText,repos/Time-27f/src/main/java/org/joda/time/field/DelegatedDateTimeField.java,DelegatedDateTimeField,org.joda.time.field
getAsShortText,repos/Time-27f/src/main/java/org/joda/time/field/DelegatedDateTimeField.java,DelegatedDateTimeField,org.joda.time.field
getAsShortText,repos/Time-27f/src/main/java/org/joda/time/field/DelegatedDateTimeField.java,DelegatedDateTimeField,org.joda.time.field
getAsShortText,repos/Time-27f/src/main/java/org/joda/time/field/DelegatedDateTimeField.java,DelegatedDateTimeField,org.joda.time.field
add,repos/Time-27f/src/main/java/org/joda/time/field/DelegatedDateTimeField.java,DelegatedDateTimeField,org.joda.time.field
add,repos/Time-27f/src/main/java/org/joda/time/field/DelegatedDateTimeField.java,DelegatedDateTimeField,org.joda.time.field
add,repos/Time-27f/src/main/java/org/joda/time/field/DelegatedDateTimeField.java,DelegatedDateTimeField,org.joda.time.field
addWrapPartial,repos/Time-27f/src/main/java/org/joda/time/field/DelegatedDateTimeField.java,DelegatedDateTimeField,org.joda.time.field
addWrapField,repos/Time-27f/src/main/java/org/joda/time/field/DelegatedDateTimeField.java,DelegatedDateTimeField,org.joda.time.field
addWrapField,repos/Time-27f/src/main/java/org/joda/time/field/DelegatedDateTimeField.java,DelegatedDateTimeField,org.joda.time.field
getDifference,repos/Time-27f/src/main/java/org/joda/time/field/DelegatedDateTimeField.java,DelegatedDateTimeField,org.joda.time.field
getDifferenceAsLong,repos/Time-27f/src/main/java/org/joda/time/field/DelegatedDateTimeField.java,DelegatedDateTimeField,org.joda.time.field
set,repos/Time-27f/src/main/java/org/joda/time/field/DelegatedDateTimeField.java,DelegatedDateTimeField,org.joda.time.field
set,repos/Time-27f/src/main/java/org/joda/time/field/DelegatedDateTimeField.java,DelegatedDateTimeField,org.joda.time.field
set,repos/Time-27f/src/main/java/org/joda/time/field/DelegatedDateTimeField.java,DelegatedDateTimeField,org.joda.time.field
set,repos/Time-27f/src/main/java/org/joda/time/field/DelegatedDateTimeField.java,DelegatedDateTimeField,org.joda.time.field
set,repos/Time-27f/src/main/java/org/joda/time/field/DelegatedDateTimeField.java,DelegatedDateTimeField,org.joda.time.field
getDurationField,repos/Time-27f/src/main/java/org/joda/time/field/DelegatedDateTimeField.java,DelegatedDateTimeField,org.joda.time.field
getRangeDurationField,repos/Time-27f/src/main/java/org/joda/time/field/DelegatedDateTimeField.java,DelegatedDateTimeField,org.joda.time.field
isLeap,repos/Time-27f/src/main/java/org/joda/time/field/DelegatedDateTimeField.java,DelegatedDateTimeField,org.joda.time.field
getLeapAmount,repos/Time-27f/src/main/java/org/joda/time/field/DelegatedDateTimeField.java,DelegatedDateTimeField,org.joda.time.field
getLeapDurationField,repos/Time-27f/src/main/java/org/joda/time/field/DelegatedDateTimeField.java,DelegatedDateTimeField,org.joda.time.field
getMinimumValue,repos/Time-27f/src/main/java/org/joda/time/field/DelegatedDateTimeField.java,DelegatedDateTimeField,org.joda.time.field
getMinimumValue,repos/Time-27f/src/main/java/org/joda/time/field/DelegatedDateTimeField.java,DelegatedDateTimeField,org.joda.time.field
getMinimumValue,repos/Time-27f/src/main/java/org/joda/time/field/DelegatedDateTimeField.java,DelegatedDateTimeField,org.joda.time.field
getMinimumValue,repos/Time-27f/src/main/java/org/joda/time/field/DelegatedDateTimeField.java,DelegatedDateTimeField,org.joda.time.field
getMaximumValue,repos/Time-27f/src/main/java/org/joda/time/field/DelegatedDateTimeField.java,DelegatedDateTimeField,org.joda.time.field
getMaximumValue,repos/Time-27f/src/main/java/org/joda/time/field/DelegatedDateTimeField.java,DelegatedDateTimeField,org.joda.time.field
getMaximumValue,repos/Time-27f/src/main/java/org/joda/time/field/DelegatedDateTimeField.java,DelegatedDateTimeField,org.joda.time.field
getMaximumValue,repos/Time-27f/src/main/java/org/joda/time/field/DelegatedDateTimeField.java,DelegatedDateTimeField,org.joda.time.field
getMaximumTextLength,repos/Time-27f/src/main/java/org/joda/time/field/DelegatedDateTimeField.java,DelegatedDateTimeField,org.joda.time.field
getMaximumShortTextLength,repos/Time-27f/src/main/java/org/joda/time/field/DelegatedDateTimeField.java,DelegatedDateTimeField,org.joda.time.field
roundFloor,repos/Time-27f/src/main/java/org/joda/time/field/DelegatedDateTimeField.java,DelegatedDateTimeField,org.joda.time.field
roundCeiling,repos/Time-27f/src/main/java/org/joda/time/field/DelegatedDateTimeField.java,DelegatedDateTimeField,org.joda.time.field
roundHalfFloor,repos/Time-27f/src/main/java/org/joda/time/field/DelegatedDateTimeField.java,DelegatedDateTimeField,org.joda.time.field
roundHalfCeiling,repos/Time-27f/src/main/java/org/joda/time/field/DelegatedDateTimeField.java,DelegatedDateTimeField,org.joda.time.field
roundHalfEven,repos/Time-27f/src/main/java/org/joda/time/field/DelegatedDateTimeField.java,DelegatedDateTimeField,org.joda.time.field
remainder,repos/Time-27f/src/main/java/org/joda/time/field/DelegatedDateTimeField.java,DelegatedDateTimeField,org.joda.time.field
toString,repos/Time-27f/src/main/java/org/joda/time/field/DelegatedDateTimeField.java,DelegatedDateTimeField,org.joda.time.field
fromCalendarFields,repos/Time-27f/src/main/java/org/joda/time/YearMonth.java,YearMonth,org.joda.time
fromDateFields,repos/Time-27f/src/main/java/org/joda/time/YearMonth.java,YearMonth,org.joda.time
size,repos/Time-27f/src/main/java/org/joda/time/YearMonth.java,YearMonth,org.joda.time
getField,repos/Time-27f/src/main/java/org/joda/time/YearMonth.java,YearMonth,org.joda.time
getFieldType,repos/Time-27f/src/main/java/org/joda/time/YearMonth.java,YearMonth,org.joda.time
getFieldTypes,repos/Time-27f/src/main/java/org/joda/time/YearMonth.java,YearMonth,org.joda.time
withChronologyRetainFields,repos/Time-27f/src/main/java/org/joda/time/YearMonth.java,YearMonth,org.joda.time
withField,repos/Time-27f/src/main/java/org/joda/time/YearMonth.java,YearMonth,org.joda.time
withFieldAdded,repos/Time-27f/src/main/java/org/joda/time/YearMonth.java,YearMonth,org.joda.time
withPeriodAdded,repos/Time-27f/src/main/java/org/joda/time/YearMonth.java,YearMonth,org.joda.time
plus,repos/Time-27f/src/main/java/org/joda/time/YearMonth.java,YearMonth,org.joda.time
plusYears,repos/Time-27f/src/main/java/org/joda/time/YearMonth.java,YearMonth,org.joda.time
plusMonths,repos/Time-27f/src/main/java/org/joda/time/YearMonth.java,YearMonth,org.joda.time
minus,repos/Time-27f/src/main/java/org/joda/time/YearMonth.java,YearMonth,org.joda.time
minusYears,repos/Time-27f/src/main/java/org/joda/time/YearMonth.java,YearMonth,org.joda.time
minusMonths,repos/Time-27f/src/main/java/org/joda/time/YearMonth.java,YearMonth,org.joda.time
toLocalDate,repos/Time-27f/src/main/java/org/joda/time/YearMonth.java,YearMonth,org.joda.time
toInterval,repos/Time-27f/src/main/java/org/joda/time/YearMonth.java,YearMonth,org.joda.time
toInterval,repos/Time-27f/src/main/java/org/joda/time/YearMonth.java,YearMonth,org.joda.time
getYear,repos/Time-27f/src/main/java/org/joda/time/YearMonth.java,YearMonth,org.joda.time
getMonthOfYear,repos/Time-27f/src/main/java/org/joda/time/YearMonth.java,YearMonth,org.joda.time
withYear,repos/Time-27f/src/main/java/org/joda/time/YearMonth.java,YearMonth,org.joda.time
withMonthOfYear,repos/Time-27f/src/main/java/org/joda/time/YearMonth.java,YearMonth,org.joda.time
property,repos/Time-27f/src/main/java/org/joda/time/YearMonth.java,YearMonth,org.joda.time
year,repos/Time-27f/src/main/java/org/joda/time/YearMonth.java,YearMonth,org.joda.time
monthOfYear,repos/Time-27f/src/main/java/org/joda/time/YearMonth.java,YearMonth,org.joda.time
toString,repos/Time-27f/src/main/java/org/joda/time/YearMonth.java,YearMonth,org.joda.time
toString,repos/Time-27f/src/main/java/org/joda/time/YearMonth.java,YearMonth,org.joda.time
toString,repos/Time-27f/src/main/java/org/joda/time/YearMonth.java,YearMonth,org.joda.time
getField,repos/Time-27f/src/main/java/org/joda/time/YearMonth.java,YearMonth,org.joda.time
getReadablePartial,repos/Time-27f/src/main/java/org/joda/time/YearMonth.java,YearMonth,org.joda.time
getYearMonth,repos/Time-27f/src/main/java/org/joda/time/YearMonth.java,YearMonth,org.joda.time
get,repos/Time-27f/src/main/java/org/joda/time/YearMonth.java,YearMonth,org.joda.time
addToCopy,repos/Time-27f/src/main/java/org/joda/time/YearMonth.java,YearMonth,org.joda.time
addWrapFieldToCopy,repos/Time-27f/src/main/java/org/joda/time/YearMonth.java,YearMonth,org.joda.time
setCopy,repos/Time-27f/src/main/java/org/joda/time/YearMonth.java,YearMonth,org.joda.time
setCopy,repos/Time-27f/src/main/java/org/joda/time/YearMonth.java,YearMonth,org.joda.time
setCopy,repos/Time-27f/src/main/java/org/joda/time/YearMonth.java,YearMonth,org.joda.time
getField,repos/Time-27f/src/main/java/org/joda/time/YearMonth.java,Property,org.joda.time
getReadablePartial,repos/Time-27f/src/main/java/org/joda/time/YearMonth.java,Property,org.joda.time
getYearMonth,repos/Time-27f/src/main/java/org/joda/time/YearMonth.java,Property,org.joda.time
get,repos/Time-27f/src/main/java/org/joda/time/YearMonth.java,Property,org.joda.time
addToCopy,repos/Time-27f/src/main/java/org/joda/time/YearMonth.java,Property,org.joda.time
addWrapFieldToCopy,repos/Time-27f/src/main/java/org/joda/time/YearMonth.java,Property,org.joda.time
setCopy,repos/Time-27f/src/main/java/org/joda/time/YearMonth.java,Property,org.joda.time
setCopy,repos/Time-27f/src/main/java/org/joda/time/YearMonth.java,Property,org.joda.time
setCopy,repos/Time-27f/src/main/java/org/joda/time/YearMonth.java,Property,org.joda.time
currentTimeMillis,repos/Time-27f/src/main/java/org/joda/time/DateTimeUtils.java,DateTimeUtils,org.joda.time
setCurrentMillisSystem,repos/Time-27f/src/main/java/org/joda/time/DateTimeUtils.java,DateTimeUtils,org.joda.time
setCurrentMillisFixed,repos/Time-27f/src/main/java/org/joda/time/DateTimeUtils.java,DateTimeUtils,org.joda.time
setCurrentMillisOffset,repos/Time-27f/src/main/java/org/joda/time/DateTimeUtils.java,DateTimeUtils,org.joda.time
setCurrentMillisProvider,repos/Time-27f/src/main/java/org/joda/time/DateTimeUtils.java,DateTimeUtils,org.joda.time
checkPermission,repos/Time-27f/src/main/java/org/joda/time/DateTimeUtils.java,DateTimeUtils,org.joda.time
getInstantMillis,repos/Time-27f/src/main/java/org/joda/time/DateTimeUtils.java,DateTimeUtils,org.joda.time
getInstantChronology,repos/Time-27f/src/main/java/org/joda/time/DateTimeUtils.java,DateTimeUtils,org.joda.time
getIntervalChronology,repos/Time-27f/src/main/java/org/joda/time/DateTimeUtils.java,DateTimeUtils,org.joda.time
getIntervalChronology,repos/Time-27f/src/main/java/org/joda/time/DateTimeUtils.java,DateTimeUtils,org.joda.time
getReadableInterval,repos/Time-27f/src/main/java/org/joda/time/DateTimeUtils.java,DateTimeUtils,org.joda.time
getChronology,repos/Time-27f/src/main/java/org/joda/time/DateTimeUtils.java,DateTimeUtils,org.joda.time
getZone,repos/Time-27f/src/main/java/org/joda/time/DateTimeUtils.java,DateTimeUtils,org.joda.time
getPeriodType,repos/Time-27f/src/main/java/org/joda/time/DateTimeUtils.java,DateTimeUtils,org.joda.time
getDurationMillis,repos/Time-27f/src/main/java/org/joda/time/DateTimeUtils.java,DateTimeUtils,org.joda.time
isContiguous,repos/Time-27f/src/main/java/org/joda/time/DateTimeUtils.java,DateTimeUtils,org.joda.time
getDateFormatSymbols,repos/Time-27f/src/main/java/org/joda/time/DateTimeUtils.java,DateTimeUtils,org.joda.time
getMillis,repos/Time-27f/src/main/java/org/joda/time/DateTimeUtils.java,DateTimeUtils,org.joda.time
getMillis,repos/Time-27f/src/main/java/org/joda/time/DateTimeUtils.java,DateTimeUtils,org.joda.time
getMillis,repos/Time-27f/src/main/java/org/joda/time/DateTimeUtils.java,DateTimeUtils,org.joda.time
getMillis,repos/Time-27f/src/main/java/org/joda/time/DateTimeUtils.java,DateTimeUtils,org.joda.time
getMillis,repos/Time-27f/src/main/java/org/joda/time/DateTimeUtils.java,MillisProvider,org.joda.time
getMillis,repos/Time-27f/src/main/java/org/joda/time/DateTimeUtils.java,SystemMillisProvider,org.joda.time
getMillis,repos/Time-27f/src/main/java/org/joda/time/DateTimeUtils.java,FixedMillisProvider,org.joda.time
getMillis,repos/Time-27f/src/main/java/org/joda/time/DateTimeUtils.java,OffsetMillisProvider,org.joda.time
fromCalendarFields,repos/Time-27f/src/main/java/org/joda/time/MonthDay.java,MonthDay,org.joda.time
fromDateFields,repos/Time-27f/src/main/java/org/joda/time/MonthDay.java,MonthDay,org.joda.time
size,repos/Time-27f/src/main/java/org/joda/time/MonthDay.java,MonthDay,org.joda.time
getField,repos/Time-27f/src/main/java/org/joda/time/MonthDay.java,MonthDay,org.joda.time
getFieldType,repos/Time-27f/src/main/java/org/joda/time/MonthDay.java,MonthDay,org.joda.time
getFieldTypes,repos/Time-27f/src/main/java/org/joda/time/MonthDay.java,MonthDay,org.joda.time
withChronologyRetainFields,repos/Time-27f/src/main/java/org/joda/time/MonthDay.java,MonthDay,org.joda.time
withField,repos/Time-27f/src/main/java/org/joda/time/MonthDay.java,MonthDay,org.joda.time
withFieldAdded,repos/Time-27f/src/main/java/org/joda/time/MonthDay.java,MonthDay,org.joda.time
withPeriodAdded,repos/Time-27f/src/main/java/org/joda/time/MonthDay.java,MonthDay,org.joda.time
plus,repos/Time-27f/src/main/java/org/joda/time/MonthDay.java,MonthDay,org.joda.time
plusMonths,repos/Time-27f/src/main/java/org/joda/time/MonthDay.java,MonthDay,org.joda.time
plusDays,repos/Time-27f/src/main/java/org/joda/time/MonthDay.java,MonthDay,org.joda.time
minus,repos/Time-27f/src/main/java/org/joda/time/MonthDay.java,MonthDay,org.joda.time
minusMonths,repos/Time-27f/src/main/java/org/joda/time/MonthDay.java,MonthDay,org.joda.time
minusDays,repos/Time-27f/src/main/java/org/joda/time/MonthDay.java,MonthDay,org.joda.time
toLocalDate,repos/Time-27f/src/main/java/org/joda/time/MonthDay.java,MonthDay,org.joda.time
getMonthOfYear,repos/Time-27f/src/main/java/org/joda/time/MonthDay.java,MonthDay,org.joda.time
getDayOfMonth,repos/Time-27f/src/main/java/org/joda/time/MonthDay.java,MonthDay,org.joda.time
withMonthOfYear,repos/Time-27f/src/main/java/org/joda/time/MonthDay.java,MonthDay,org.joda.time
withDayOfMonth,repos/Time-27f/src/main/java/org/joda/time/MonthDay.java,MonthDay,org.joda.time
property,repos/Time-27f/src/main/java/org/joda/time/MonthDay.java,MonthDay,org.joda.time
monthOfYear,repos/Time-27f/src/main/java/org/joda/time/MonthDay.java,MonthDay,org.joda.time
dayOfMonth,repos/Time-27f/src/main/java/org/joda/time/MonthDay.java,MonthDay,org.joda.time
toString,repos/Time-27f/src/main/java/org/joda/time/MonthDay.java,MonthDay,org.joda.time
toString,repos/Time-27f/src/main/java/org/joda/time/MonthDay.java,MonthDay,org.joda.time
toString,repos/Time-27f/src/main/java/org/joda/time/MonthDay.java,MonthDay,org.joda.time
getField,repos/Time-27f/src/main/java/org/joda/time/MonthDay.java,MonthDay,org.joda.time
getReadablePartial,repos/Time-27f/src/main/java/org/joda/time/MonthDay.java,MonthDay,org.joda.time
getMonthDay,repos/Time-27f/src/main/java/org/joda/time/MonthDay.java,MonthDay,org.joda.time
get,repos/Time-27f/src/main/java/org/joda/time/MonthDay.java,MonthDay,org.joda.time
addToCopy,repos/Time-27f/src/main/java/org/joda/time/MonthDay.java,MonthDay,org.joda.time
addWrapFieldToCopy,repos/Time-27f/src/main/java/org/joda/time/MonthDay.java,MonthDay,org.joda.time
setCopy,repos/Time-27f/src/main/java/org/joda/time/MonthDay.java,MonthDay,org.joda.time
setCopy,repos/Time-27f/src/main/java/org/joda/time/MonthDay.java,MonthDay,org.joda.time
setCopy,repos/Time-27f/src/main/java/org/joda/time/MonthDay.java,MonthDay,org.joda.time
getField,repos/Time-27f/src/main/java/org/joda/time/MonthDay.java,Property,org.joda.time
getReadablePartial,repos/Time-27f/src/main/java/org/joda/time/MonthDay.java,Property,org.joda.time
getMonthDay,repos/Time-27f/src/main/java/org/joda/time/MonthDay.java,Property,org.joda.time
get,repos/Time-27f/src/main/java/org/joda/time/MonthDay.java,Property,org.joda.time
addToCopy,repos/Time-27f/src/main/java/org/joda/time/MonthDay.java,Property,org.joda.time
addWrapFieldToCopy,repos/Time-27f/src/main/java/org/joda/time/MonthDay.java,Property,org.joda.time
setCopy,repos/Time-27f/src/main/java/org/joda/time/MonthDay.java,Property,org.joda.time
setCopy,repos/Time-27f/src/main/java/org/joda/time/MonthDay.java,Property,org.joda.time
setCopy,repos/Time-27f/src/main/java/org/joda/time/MonthDay.java,Property,org.joda.time
fromCalendarFields,repos/Time-27f/src/main/java/org/joda/time/TimeOfDay.java,TimeOfDay,org.joda.time
fromDateFields,repos/Time-27f/src/main/java/org/joda/time/TimeOfDay.java,TimeOfDay,org.joda.time
fromMillisOfDay,repos/Time-27f/src/main/java/org/joda/time/TimeOfDay.java,TimeOfDay,org.joda.time
fromMillisOfDay,repos/Time-27f/src/main/java/org/joda/time/TimeOfDay.java,TimeOfDay,org.joda.time
size,repos/Time-27f/src/main/java/org/joda/time/TimeOfDay.java,TimeOfDay,org.joda.time
getField,repos/Time-27f/src/main/java/org/joda/time/TimeOfDay.java,TimeOfDay,org.joda.time
getFieldType,repos/Time-27f/src/main/java/org/joda/time/TimeOfDay.java,TimeOfDay,org.joda.time
getFieldTypes,repos/Time-27f/src/main/java/org/joda/time/TimeOfDay.java,TimeOfDay,org.joda.time
withChronologyRetainFields,repos/Time-27f/src/main/java/org/joda/time/TimeOfDay.java,TimeOfDay,org.joda.time
withField,repos/Time-27f/src/main/java/org/joda/time/TimeOfDay.java,TimeOfDay,org.joda.time
withFieldAdded,repos/Time-27f/src/main/java/org/joda/time/TimeOfDay.java,TimeOfDay,org.joda.time
withPeriodAdded,repos/Time-27f/src/main/java/org/joda/time/TimeOfDay.java,TimeOfDay,org.joda.time
plus,repos/Time-27f/src/main/java/org/joda/time/TimeOfDay.java,TimeOfDay,org.joda.time
plusHours,repos/Time-27f/src/main/java/org/joda/time/TimeOfDay.java,TimeOfDay,org.joda.time
plusMinutes,repos/Time-27f/src/main/java/org/joda/time/TimeOfDay.java,TimeOfDay,org.joda.time
plusSeconds,repos/Time-27f/src/main/java/org/joda/time/TimeOfDay.java,TimeOfDay,org.joda.time
plusMillis,repos/Time-27f/src/main/java/org/joda/time/TimeOfDay.java,TimeOfDay,org.joda.time
minus,repos/Time-27f/src/main/java/org/joda/time/TimeOfDay.java,TimeOfDay,org.joda.time
minusHours,repos/Time-27f/src/main/java/org/joda/time/TimeOfDay.java,TimeOfDay,org.joda.time
minusMinutes,repos/Time-27f/src/main/java/org/joda/time/TimeOfDay.java,TimeOfDay,org.joda.time
minusSeconds,repos/Time-27f/src/main/java/org/joda/time/TimeOfDay.java,TimeOfDay,org.joda.time
minusMillis,repos/Time-27f/src/main/java/org/joda/time/TimeOfDay.java,TimeOfDay,org.joda.time
property,repos/Time-27f/src/main/java/org/joda/time/TimeOfDay.java,TimeOfDay,org.joda.time
toLocalTime,repos/Time-27f/src/main/java/org/joda/time/TimeOfDay.java,TimeOfDay,org.joda.time
toDateTimeToday,repos/Time-27f/src/main/java/org/joda/time/TimeOfDay.java,TimeOfDay,org.joda.time
toDateTimeToday,repos/Time-27f/src/main/java/org/joda/time/TimeOfDay.java,TimeOfDay,org.joda.time
getHourOfDay,repos/Time-27f/src/main/java/org/joda/time/TimeOfDay.java,TimeOfDay,org.joda.time
getMinuteOfHour,repos/Time-27f/src/main/java/org/joda/time/TimeOfDay.java,TimeOfDay,org.joda.time
getSecondOfMinute,repos/Time-27f/src/main/java/org/joda/time/TimeOfDay.java,TimeOfDay,org.joda.time
getMillisOfSecond,repos/Time-27f/src/main/java/org/joda/time/TimeOfDay.java,TimeOfDay,org.joda.time
withHourOfDay,repos/Time-27f/src/main/java/org/joda/time/TimeOfDay.java,TimeOfDay,org.joda.time
withMinuteOfHour,repos/Time-27f/src/main/java/org/joda/time/TimeOfDay.java,TimeOfDay,org.joda.time
withSecondOfMinute,repos/Time-27f/src/main/java/org/joda/time/TimeOfDay.java,TimeOfDay,org.joda.time
withMillisOfSecond,repos/Time-27f/src/main/java/org/joda/time/TimeOfDay.java,TimeOfDay,org.joda.time
hourOfDay,repos/Time-27f/src/main/java/org/joda/time/TimeOfDay.java,TimeOfDay,org.joda.time
minuteOfHour,repos/Time-27f/src/main/java/org/joda/time/TimeOfDay.java,TimeOfDay,org.joda.time
secondOfMinute,repos/Time-27f/src/main/java/org/joda/time/TimeOfDay.java,TimeOfDay,org.joda.time
millisOfSecond,repos/Time-27f/src/main/java/org/joda/time/TimeOfDay.java,TimeOfDay,org.joda.time
toString,repos/Time-27f/src/main/java/org/joda/time/TimeOfDay.java,TimeOfDay,org.joda.time
getField,repos/Time-27f/src/main/java/org/joda/time/TimeOfDay.java,TimeOfDay,org.joda.time
getReadablePartial,repos/Time-27f/src/main/java/org/joda/time/TimeOfDay.java,TimeOfDay,org.joda.time
getTimeOfDay,repos/Time-27f/src/main/java/org/joda/time/TimeOfDay.java,TimeOfDay,org.joda.time
get,repos/Time-27f/src/main/java/org/joda/time/TimeOfDay.java,TimeOfDay,org.joda.time
addToCopy,repos/Time-27f/src/main/java/org/joda/time/TimeOfDay.java,TimeOfDay,org.joda.time
addNoWrapToCopy,repos/Time-27f/src/main/java/org/joda/time/TimeOfDay.java,TimeOfDay,org.joda.time
addWrapFieldToCopy,repos/Time-27f/src/main/java/org/joda/time/TimeOfDay.java,TimeOfDay,org.joda.time
setCopy,repos/Time-27f/src/main/java/org/joda/time/TimeOfDay.java,TimeOfDay,org.joda.time
setCopy,repos/Time-27f/src/main/java/org/joda/time/TimeOfDay.java,TimeOfDay,org.joda.time
setCopy,repos/Time-27f/src/main/java/org/joda/time/TimeOfDay.java,TimeOfDay,org.joda.time
withMaximumValue,repos/Time-27f/src/main/java/org/joda/time/TimeOfDay.java,TimeOfDay,org.joda.time
withMinimumValue,repos/Time-27f/src/main/java/org/joda/time/TimeOfDay.java,TimeOfDay,org.joda.time
getField,repos/Time-27f/src/main/java/org/joda/time/TimeOfDay.java,Property,org.joda.time
getReadablePartial,repos/Time-27f/src/main/java/org/joda/time/TimeOfDay.java,Property,org.joda.time
getTimeOfDay,repos/Time-27f/src/main/java/org/joda/time/TimeOfDay.java,Property,org.joda.time
get,repos/Time-27f/src/main/java/org/joda/time/TimeOfDay.java,Property,org.joda.time
addToCopy,repos/Time-27f/src/main/java/org/joda/time/TimeOfDay.java,Property,org.joda.time
addNoWrapToCopy,repos/Time-27f/src/main/java/org/joda/time/TimeOfDay.java,Property,org.joda.time
addWrapFieldToCopy,repos/Time-27f/src/main/java/org/joda/time/TimeOfDay.java,Property,org.joda.time
setCopy,repos/Time-27f/src/main/java/org/joda/time/TimeOfDay.java,Property,org.joda.time
setCopy,repos/Time-27f/src/main/java/org/joda/time/TimeOfDay.java,Property,org.joda.time
setCopy,repos/Time-27f/src/main/java/org/joda/time/TimeOfDay.java,Property,org.joda.time
withMaximumValue,repos/Time-27f/src/main/java/org/joda/time/TimeOfDay.java,Property,org.joda.time
withMinimumValue,repos/Time-27f/src/main/java/org/joda/time/TimeOfDay.java,Property,org.joda.time
getZone,repos/Time-27f/src/main/java/org/joda/time/Chronology.java,Chronology,org.joda.time
withUTC,repos/Time-27f/src/main/java/org/joda/time/Chronology.java,Chronology,org.joda.time
withZone,repos/Time-27f/src/main/java/org/joda/time/Chronology.java,Chronology,org.joda.time
getDateTimeMillis,repos/Time-27f/src/main/java/org/joda/time/Chronology.java,Chronology,org.joda.time
getDateTimeMillis,repos/Time-27f/src/main/java/org/joda/time/Chronology.java,Chronology,org.joda.time
getDateTimeMillis,repos/Time-27f/src/main/java/org/joda/time/Chronology.java,Chronology,org.joda.time
validate,repos/Time-27f/src/main/java/org/joda/time/Chronology.java,Chronology,org.joda.time
get,repos/Time-27f/src/main/java/org/joda/time/Chronology.java,Chronology,org.joda.time
set,repos/Time-27f/src/main/java/org/joda/time/Chronology.java,Chronology,org.joda.time
get,repos/Time-27f/src/main/java/org/joda/time/Chronology.java,Chronology,org.joda.time
get,repos/Time-27f/src/main/java/org/joda/time/Chronology.java,Chronology,org.joda.time
add,repos/Time-27f/src/main/java/org/joda/time/Chronology.java,Chronology,org.joda.time
add,repos/Time-27f/src/main/java/org/joda/time/Chronology.java,Chronology,org.joda.time
millis,repos/Time-27f/src/main/java/org/joda/time/Chronology.java,Chronology,org.joda.time
millisOfSecond,repos/Time-27f/src/main/java/org/joda/time/Chronology.java,Chronology,org.joda.time
millisOfDay,repos/Time-27f/src/main/java/org/joda/time/Chronology.java,Chronology,org.joda.time
seconds,repos/Time-27f/src/main/java/org/joda/time/Chronology.java,Chronology,org.joda.time
secondOfMinute,repos/Time-27f/src/main/java/org/joda/time/Chronology.java,Chronology,org.joda.time
secondOfDay,repos/Time-27f/src/main/java/org/joda/time/Chronology.java,Chronology,org.joda.time
minutes,repos/Time-27f/src/main/java/org/joda/time/Chronology.java,Chronology,org.joda.time
minuteOfHour,repos/Time-27f/src/main/java/org/joda/time/Chronology.java,Chronology,org.joda.time
minuteOfDay,repos/Time-27f/src/main/java/org/joda/time/Chronology.java,Chronology,org.joda.time
hours,repos/Time-27f/src/main/java/org/joda/time/Chronology.java,Chronology,org.joda.time
hourOfDay,repos/Time-27f/src/main/java/org/joda/time/Chronology.java,Chronology,org.joda.time
clockhourOfDay,repos/Time-27f/src/main/java/org/joda/time/Chronology.java,Chronology,org.joda.time
halfdays,repos/Time-27f/src/main/java/org/joda/time/Chronology.java,Chronology,org.joda.time
hourOfHalfday,repos/Time-27f/src/main/java/org/joda/time/Chronology.java,Chronology,org.joda.time
clockhourOfHalfday,repos/Time-27f/src/main/java/org/joda/time/Chronology.java,Chronology,org.joda.time
halfdayOfDay,repos/Time-27f/src/main/java/org/joda/time/Chronology.java,Chronology,org.joda.time
days,repos/Time-27f/src/main/java/org/joda/time/Chronology.java,Chronology,org.joda.time
dayOfWeek,repos/Time-27f/src/main/java/org/joda/time/Chronology.java,Chronology,org.joda.time
dayOfMonth,repos/Time-27f/src/main/java/org/joda/time/Chronology.java,Chronology,org.joda.time
dayOfYear,repos/Time-27f/src/main/java/org/joda/time/Chronology.java,Chronology,org.joda.time
weeks,repos/Time-27f/src/main/java/org/joda/time/Chronology.java,Chronology,org.joda.time
weekOfWeekyear,repos/Time-27f/src/main/java/org/joda/time/Chronology.java,Chronology,org.joda.time
weekyears,repos/Time-27f/src/main/java/org/joda/time/Chronology.java,Chronology,org.joda.time
weekyear,repos/Time-27f/src/main/java/org/joda/time/Chronology.java,Chronology,org.joda.time
weekyearOfCentury,repos/Time-27f/src/main/java/org/joda/time/Chronology.java,Chronology,org.joda.time
months,repos/Time-27f/src/main/java/org/joda/time/Chronology.java,Chronology,org.joda.time
monthOfYear,repos/Time-27f/src/main/java/org/joda/time/Chronology.java,Chronology,org.joda.time
years,repos/Time-27f/src/main/java/org/joda/time/Chronology.java,Chronology,org.joda.time
year,repos/Time-27f/src/main/java/org/joda/time/Chronology.java,Chronology,org.joda.time
yearOfEra,repos/Time-27f/src/main/java/org/joda/time/Chronology.java,Chronology,org.joda.time
yearOfCentury,repos/Time-27f/src/main/java/org/joda/time/Chronology.java,Chronology,org.joda.time
centuries,repos/Time-27f/src/main/java/org/joda/time/Chronology.java,Chronology,org.joda.time
centuryOfEra,repos/Time-27f/src/main/java/org/joda/time/Chronology.java,Chronology,org.joda.time
eras,repos/Time-27f/src/main/java/org/joda/time/Chronology.java,Chronology,org.joda.time
era,repos/Time-27f/src/main/java/org/joda/time/Chronology.java,Chronology,org.joda.time
fromCalendarFields,repos/Time-27f/src/main/java/org/joda/time/YearMonthDay.java,YearMonthDay,org.joda.time
fromDateFields,repos/Time-27f/src/main/java/org/joda/time/YearMonthDay.java,YearMonthDay,org.joda.time
size,repos/Time-27f/src/main/java/org/joda/time/YearMonthDay.java,YearMonthDay,org.joda.time
getField,repos/Time-27f/src/main/java/org/joda/time/YearMonthDay.java,YearMonthDay,org.joda.time
getFieldType,repos/Time-27f/src/main/java/org/joda/time/YearMonthDay.java,YearMonthDay,org.joda.time
getFieldTypes,repos/Time-27f/src/main/java/org/joda/time/YearMonthDay.java,YearMonthDay,org.joda.time
withChronologyRetainFields,repos/Time-27f/src/main/java/org/joda/time/YearMonthDay.java,YearMonthDay,org.joda.time
withField,repos/Time-27f/src/main/java/org/joda/time/YearMonthDay.java,YearMonthDay,org.joda.time
withFieldAdded,repos/Time-27f/src/main/java/org/joda/time/YearMonthDay.java,YearMonthDay,org.joda.time
withPeriodAdded,repos/Time-27f/src/main/java/org/joda/time/YearMonthDay.java,YearMonthDay,org.joda.time
plus,repos/Time-27f/src/main/java/org/joda/time/YearMonthDay.java,YearMonthDay,org.joda.time
plusYears,repos/Time-27f/src/main/java/org/joda/time/YearMonthDay.java,YearMonthDay,org.joda.time
plusMonths,repos/Time-27f/src/main/java/org/joda/time/YearMonthDay.java,YearMonthDay,org.joda.time
plusDays,repos/Time-27f/src/main/java/org/joda/time/YearMonthDay.java,YearMonthDay,org.joda.time
minus,repos/Time-27f/src/main/java/org/joda/time/YearMonthDay.java,YearMonthDay,org.joda.time
minusYears,repos/Time-27f/src/main/java/org/joda/time/YearMonthDay.java,YearMonthDay,org.joda.time
minusMonths,repos/Time-27f/src/main/java/org/joda/time/YearMonthDay.java,YearMonthDay,org.joda.time
minusDays,repos/Time-27f/src/main/java/org/joda/time/YearMonthDay.java,YearMonthDay,org.joda.time
property,repos/Time-27f/src/main/java/org/joda/time/YearMonthDay.java,YearMonthDay,org.joda.time
toLocalDate,repos/Time-27f/src/main/java/org/joda/time/YearMonthDay.java,YearMonthDay,org.joda.time
toDateTimeAtMidnight,repos/Time-27f/src/main/java/org/joda/time/YearMonthDay.java,YearMonthDay,org.joda.time
toDateTimeAtMidnight,repos/Time-27f/src/main/java/org/joda/time/YearMonthDay.java,YearMonthDay,org.joda.time
toDateTimeAtCurrentTime,repos/Time-27f/src/main/java/org/joda/time/YearMonthDay.java,YearMonthDay,org.joda.time
toDateTimeAtCurrentTime,repos/Time-27f/src/main/java/org/joda/time/YearMonthDay.java,YearMonthDay,org.joda.time
toDateMidnight,repos/Time-27f/src/main/java/org/joda/time/YearMonthDay.java,YearMonthDay,org.joda.time
toDateMidnight,repos/Time-27f/src/main/java/org/joda/time/YearMonthDay.java,YearMonthDay,org.joda.time
toDateTime,repos/Time-27f/src/main/java/org/joda/time/YearMonthDay.java,YearMonthDay,org.joda.time
toDateTime,repos/Time-27f/src/main/java/org/joda/time/YearMonthDay.java,YearMonthDay,org.joda.time
toInterval,repos/Time-27f/src/main/java/org/joda/time/YearMonthDay.java,YearMonthDay,org.joda.time
toInterval,repos/Time-27f/src/main/java/org/joda/time/YearMonthDay.java,YearMonthDay,org.joda.time
getYear,repos/Time-27f/src/main/java/org/joda/time/YearMonthDay.java,YearMonthDay,org.joda.time
getMonthOfYear,repos/Time-27f/src/main/java/org/joda/time/YearMonthDay.java,YearMonthDay,org.joda.time
getDayOfMonth,repos/Time-27f/src/main/java/org/joda/time/YearMonthDay.java,YearMonthDay,org.joda.time
withYear,repos/Time-27f/src/main/java/org/joda/time/YearMonthDay.java,YearMonthDay,org.joda.time
withMonthOfYear,repos/Time-27f/src/main/java/org/joda/time/YearMonthDay.java,YearMonthDay,org.joda.time
withDayOfMonth,repos/Time-27f/src/main/java/org/joda/time/YearMonthDay.java,YearMonthDay,org.joda.time
year,repos/Time-27f/src/main/java/org/joda/time/YearMonthDay.java,YearMonthDay,org.joda.time
monthOfYear,repos/Time-27f/src/main/java/org/joda/time/YearMonthDay.java,YearMonthDay,org.joda.time
dayOfMonth,repos/Time-27f/src/main/java/org/joda/time/YearMonthDay.java,YearMonthDay,org.joda.time
toString,repos/Time-27f/src/main/java/org/joda/time/YearMonthDay.java,YearMonthDay,org.joda.time
getField,repos/Time-27f/src/main/java/org/joda/time/YearMonthDay.java,YearMonthDay,org.joda.time
getReadablePartial,repos/Time-27f/src/main/java/org/joda/time/YearMonthDay.java,YearMonthDay,org.joda.time
getYearMonthDay,repos/Time-27f/src/main/java/org/joda/time/YearMonthDay.java,YearMonthDay,org.joda.time
get,repos/Time-27f/src/main/java/org/joda/time/YearMonthDay.java,YearMonthDay,org.joda.time
addToCopy,repos/Time-27f/src/main/java/org/joda/time/YearMonthDay.java,YearMonthDay,org.joda.time
addWrapFieldToCopy,repos/Time-27f/src/main/java/org/joda/time/YearMonthDay.java,YearMonthDay,org.joda.time
setCopy,repos/Time-27f/src/main/java/org/joda/time/YearMonthDay.java,YearMonthDay,org.joda.time
setCopy,repos/Time-27f/src/main/java/org/joda/time/YearMonthDay.java,YearMonthDay,org.joda.time
setCopy,repos/Time-27f/src/main/java/org/joda/time/YearMonthDay.java,YearMonthDay,org.joda.time
withMaximumValue,repos/Time-27f/src/main/java/org/joda/time/YearMonthDay.java,YearMonthDay,org.joda.time
withMinimumValue,repos/Time-27f/src/main/java/org/joda/time/YearMonthDay.java,YearMonthDay,org.joda.time
getField,repos/Time-27f/src/main/java/org/joda/time/YearMonthDay.java,Property,org.joda.time
getReadablePartial,repos/Time-27f/src/main/java/org/joda/time/YearMonthDay.java,Property,org.joda.time
getYearMonthDay,repos/Time-27f/src/main/java/org/joda/time/YearMonthDay.java,Property,org.joda.time
get,repos/Time-27f/src/main/java/org/joda/time/YearMonthDay.java,Property,org.joda.time
addToCopy,repos/Time-27f/src/main/java/org/joda/time/YearMonthDay.java,Property,org.joda.time
addWrapFieldToCopy,repos/Time-27f/src/main/java/org/joda/time/YearMonthDay.java,Property,org.joda.time
setCopy,repos/Time-27f/src/main/java/org/joda/time/YearMonthDay.java,Property,org.joda.time
setCopy,repos/Time-27f/src/main/java/org/joda/time/YearMonthDay.java,Property,org.joda.time
setCopy,repos/Time-27f/src/main/java/org/joda/time/YearMonthDay.java,Property,org.joda.time
withMaximumValue,repos/Time-27f/src/main/java/org/joda/time/YearMonthDay.java,Property,org.joda.time
withMinimumValue,repos/Time-27f/src/main/java/org/joda/time/YearMonthDay.java,Property,org.joda.time
getDefault,repos/Time-27f/src/main/java/org/joda/time/DateTimeZone.java,DateTimeZone,org.joda.time
setDefault,repos/Time-27f/src/main/java/org/joda/time/DateTimeZone.java,DateTimeZone,org.joda.time
forID,repos/Time-27f/src/main/java/org/joda/time/DateTimeZone.java,DateTimeZone,org.joda.time
forOffsetHours,repos/Time-27f/src/main/java/org/joda/time/DateTimeZone.java,DateTimeZone,org.joda.time
forOffsetHoursMinutes,repos/Time-27f/src/main/java/org/joda/time/DateTimeZone.java,DateTimeZone,org.joda.time
forOffsetMillis,repos/Time-27f/src/main/java/org/joda/time/DateTimeZone.java,DateTimeZone,org.joda.time
forTimeZone,repos/Time-27f/src/main/java/org/joda/time/DateTimeZone.java,DateTimeZone,org.joda.time
fixedOffsetZone,repos/Time-27f/src/main/java/org/joda/time/DateTimeZone.java,DateTimeZone,org.joda.time
getAvailableIDs,repos/Time-27f/src/main/java/org/joda/time/DateTimeZone.java,DateTimeZone,org.joda.time
getProvider,repos/Time-27f/src/main/java/org/joda/time/DateTimeZone.java,DateTimeZone,org.joda.time
setProvider,repos/Time-27f/src/main/java/org/joda/time/DateTimeZone.java,DateTimeZone,org.joda.time
setProvider0,repos/Time-27f/src/main/java/org/joda/time/DateTimeZone.java,DateTimeZone,org.joda.time
getDefaultProvider,repos/Time-27f/src/main/java/org/joda/time/DateTimeZone.java,DateTimeZone,org.joda.time
getNameProvider,repos/Time-27f/src/main/java/org/joda/time/DateTimeZone.java,DateTimeZone,org.joda.time
setNameProvider,repos/Time-27f/src/main/java/org/joda/time/DateTimeZone.java,DateTimeZone,org.joda.time
setNameProvider0,repos/Time-27f/src/main/java/org/joda/time/DateTimeZone.java,DateTimeZone,org.joda.time
getDefaultNameProvider,repos/Time-27f/src/main/java/org/joda/time/DateTimeZone.java,DateTimeZone,org.joda.time
getConvertedId,repos/Time-27f/src/main/java/org/joda/time/DateTimeZone.java,DateTimeZone,org.joda.time
parseOffset,repos/Time-27f/src/main/java/org/joda/time/DateTimeZone.java,DateTimeZone,org.joda.time
getZone,repos/Time-27f/src/main/java/org/joda/time/DateTimeZone.java,DateTimeZone,org.joda.time
withUTC,repos/Time-27f/src/main/java/org/joda/time/DateTimeZone.java,DateTimeZone,org.joda.time
withZone,repos/Time-27f/src/main/java/org/joda/time/DateTimeZone.java,DateTimeZone,org.joda.time
toString,repos/Time-27f/src/main/java/org/joda/time/DateTimeZone.java,DateTimeZone,org.joda.time
printOffset,repos/Time-27f/src/main/java/org/joda/time/DateTimeZone.java,DateTimeZone,org.joda.time
offsetFormatter,repos/Time-27f/src/main/java/org/joda/time/DateTimeZone.java,DateTimeZone,org.joda.time
getID,repos/Time-27f/src/main/java/org/joda/time/DateTimeZone.java,DateTimeZone,org.joda.time
getNameKey,repos/Time-27f/src/main/java/org/joda/time/DateTimeZone.java,DateTimeZone,org.joda.time
getShortName,repos/Time-27f/src/main/java/org/joda/time/DateTimeZone.java,DateTimeZone,org.joda.time
getShortName,repos/Time-27f/src/main/java/org/joda/time/DateTimeZone.java,DateTimeZone,org.joda.time
getName,repos/Time-27f/src/main/java/org/joda/time/DateTimeZone.java,DateTimeZone,org.joda.time
getName,repos/Time-27f/src/main/java/org/joda/time/DateTimeZone.java,DateTimeZone,org.joda.time
getOffset,repos/Time-27f/src/main/java/org/joda/time/DateTimeZone.java,DateTimeZone,org.joda.time
getOffset,repos/Time-27f/src/main/java/org/joda/time/DateTimeZone.java,DateTimeZone,org.joda.time
getStandardOffset,repos/Time-27f/src/main/java/org/joda/time/DateTimeZone.java,DateTimeZone,org.joda.time
isStandardOffset,repos/Time-27f/src/main/java/org/joda/time/DateTimeZone.java,DateTimeZone,org.joda.time
getOffsetFromLocal,repos/Time-27f/src/main/java/org/joda/time/DateTimeZone.java,DateTimeZone,org.joda.time
convertUTCToLocal,repos/Time-27f/src/main/java/org/joda/time/DateTimeZone.java,DateTimeZone,org.joda.time
convertLocalToUTC,repos/Time-27f/src/main/java/org/joda/time/DateTimeZone.java,DateTimeZone,org.joda.time
getMillisKeepLocal,repos/Time-27f/src/main/java/org/joda/time/DateTimeZone.java,DateTimeZone,org.joda.time
isLocalDateTimeGap,repos/Time-27f/src/main/java/org/joda/time/DateTimeZone.java,DateTimeZone,org.joda.time
isFixed,repos/Time-27f/src/main/java/org/joda/time/DateTimeZone.java,DateTimeZone,org.joda.time
nextTransition,repos/Time-27f/src/main/java/org/joda/time/DateTimeZone.java,DateTimeZone,org.joda.time
previousTransition,repos/Time-27f/src/main/java/org/joda/time/DateTimeZone.java,DateTimeZone,org.joda.time
toTimeZone,repos/Time-27f/src/main/java/org/joda/time/DateTimeZone.java,DateTimeZone,org.joda.time
writeReplace,repos/Time-27f/src/main/java/org/joda/time/DateTimeZone.java,DateTimeZone,org.joda.time
writeObject,repos/Time-27f/src/main/java/org/joda/time/DateTimeZone.java,DateTimeZone,org.joda.time
readObject,repos/Time-27f/src/main/java/org/joda/time/DateTimeZone.java,DateTimeZone,org.joda.time
readResolve,repos/Time-27f/src/main/java/org/joda/time/DateTimeZone.java,DateTimeZone,org.joda.time
writeObject,repos/Time-27f/src/main/java/org/joda/time/DateTimeZone.java,Stub,org.joda.time
readObject,repos/Time-27f/src/main/java/org/joda/time/DateTimeZone.java,Stub,org.joda.time
readResolve,repos/Time-27f/src/main/java/org/joda/time/DateTimeZone.java,Stub,org.joda.time
days,repos/Time-27f/src/main/java/org/joda/time/Days.java,Days,org.joda.time
daysBetween,repos/Time-27f/src/main/java/org/joda/time/Days.java,Days,org.joda.time
daysBetween,repos/Time-27f/src/main/java/org/joda/time/Days.java,Days,org.joda.time
daysIn,repos/Time-27f/src/main/java/org/joda/time/Days.java,Days,org.joda.time
standardDaysIn,repos/Time-27f/src/main/java/org/joda/time/Days.java,Days,org.joda.time
parseDays,repos/Time-27f/src/main/java/org/joda/time/Days.java,Days,org.joda.time
readResolve,repos/Time-27f/src/main/java/org/joda/time/Days.java,Days,org.joda.time
getFieldType,repos/Time-27f/src/main/java/org/joda/time/Days.java,Days,org.joda.time
getPeriodType,repos/Time-27f/src/main/java/org/joda/time/Days.java,Days,org.joda.time
toStandardWeeks,repos/Time-27f/src/main/java/org/joda/time/Days.java,Days,org.joda.time
toStandardHours,repos/Time-27f/src/main/java/org/joda/time/Days.java,Days,org.joda.time
toStandardMinutes,repos/Time-27f/src/main/java/org/joda/time/Days.java,Days,org.joda.time
toStandardSeconds,repos/Time-27f/src/main/java/org/joda/time/Days.java,Days,org.joda.time
toStandardDuration,repos/Time-27f/src/main/java/org/joda/time/Days.java,Days,org.joda.time
getDays,repos/Time-27f/src/main/java/org/joda/time/Days.java,Days,org.joda.time
plus,repos/Time-27f/src/main/java/org/joda/time/Days.java,Days,org.joda.time
plus,repos/Time-27f/src/main/java/org/joda/time/Days.java,Days,org.joda.time
minus,repos/Time-27f/src/main/java/org/joda/time/Days.java,Days,org.joda.time
minus,repos/Time-27f/src/main/java/org/joda/time/Days.java,Days,org.joda.time
multipliedBy,repos/Time-27f/src/main/java/org/joda/time/Days.java,Days,org.joda.time
dividedBy,repos/Time-27f/src/main/java/org/joda/time/Days.java,Days,org.joda.time
negated,repos/Time-27f/src/main/java/org/joda/time/Days.java,Days,org.joda.time
isGreaterThan,repos/Time-27f/src/main/java/org/joda/time/Days.java,Days,org.joda.time
isLessThan,repos/Time-27f/src/main/java/org/joda/time/Days.java,Days,org.joda.time
toString,repos/Time-27f/src/main/java/org/joda/time/Days.java,Days,org.joda.time
getChronology,repos/Time-27f/src/main/java/org/joda/time/format/DateTimeParserBucket.java,DateTimeParserBucket,org.joda.time.format
getLocale,repos/Time-27f/src/main/java/org/joda/time/format/DateTimeParserBucket.java,DateTimeParserBucket,org.joda.time.format
getZone,repos/Time-27f/src/main/java/org/joda/time/format/DateTimeParserBucket.java,DateTimeParserBucket,org.joda.time.format
setZone,repos/Time-27f/src/main/java/org/joda/time/format/DateTimeParserBucket.java,DateTimeParserBucket,org.joda.time.format
getOffset,repos/Time-27f/src/main/java/org/joda/time/format/DateTimeParserBucket.java,DateTimeParserBucket,org.joda.time.format
setOffset,repos/Time-27f/src/main/java/org/joda/time/format/DateTimeParserBucket.java,DateTimeParserBucket,org.joda.time.format
getPivotYear,repos/Time-27f/src/main/java/org/joda/time/format/DateTimeParserBucket.java,DateTimeParserBucket,org.joda.time.format
setPivotYear,repos/Time-27f/src/main/java/org/joda/time/format/DateTimeParserBucket.java,DateTimeParserBucket,org.joda.time.format
saveField,repos/Time-27f/src/main/java/org/joda/time/format/DateTimeParserBucket.java,DateTimeParserBucket,org.joda.time.format
saveField,repos/Time-27f/src/main/java/org/joda/time/format/DateTimeParserBucket.java,DateTimeParserBucket,org.joda.time.format
saveField,repos/Time-27f/src/main/java/org/joda/time/format/DateTimeParserBucket.java,DateTimeParserBucket,org.joda.time.format
saveField,repos/Time-27f/src/main/java/org/joda/time/format/DateTimeParserBucket.java,DateTimeParserBucket,org.joda.time.format
saveState,repos/Time-27f/src/main/java/org/joda/time/format/DateTimeParserBucket.java,DateTimeParserBucket,org.joda.time.format
restoreState,repos/Time-27f/src/main/java/org/joda/time/format/DateTimeParserBucket.java,DateTimeParserBucket,org.joda.time.format
computeMillis,repos/Time-27f/src/main/java/org/joda/time/format/DateTimeParserBucket.java,DateTimeParserBucket,org.joda.time.format
computeMillis,repos/Time-27f/src/main/java/org/joda/time/format/DateTimeParserBucket.java,DateTimeParserBucket,org.joda.time.format
computeMillis,repos/Time-27f/src/main/java/org/joda/time/format/DateTimeParserBucket.java,DateTimeParserBucket,org.joda.time.format
sort,repos/Time-27f/src/main/java/org/joda/time/format/DateTimeParserBucket.java,DateTimeParserBucket,org.joda.time.format
restoreState,repos/Time-27f/src/main/java/org/joda/time/format/DateTimeParserBucket.java,DateTimeParserBucket,org.joda.time.format
set,repos/Time-27f/src/main/java/org/joda/time/format/DateTimeParserBucket.java,DateTimeParserBucket,org.joda.time.format
compareTo,repos/Time-27f/src/main/java/org/joda/time/format/DateTimeParserBucket.java,DateTimeParserBucket,org.joda.time.format
compareReverse,repos/Time-27f/src/main/java/org/joda/time/format/DateTimeParserBucket.java,DateTimeParserBucket,org.joda.time.format
restoreState,repos/Time-27f/src/main/java/org/joda/time/format/DateTimeParserBucket.java,SavedState,org.joda.time.format
set,repos/Time-27f/src/main/java/org/joda/time/format/DateTimeParserBucket.java,SavedField,org.joda.time.format
compareTo,repos/Time-27f/src/main/java/org/joda/time/format/DateTimeParserBucket.java,SavedField,org.joda.time.format
compareReverse,repos/Time-27f/src/main/java/org/joda/time/format/DateTimeParserBucket.java,SavedField,org.joda.time.format
toFormatter,repos/Time-27f/src/main/java/org/joda/time/format/PeriodFormatterBuilder.java,PeriodFormatterBuilder,org.joda.time.format
toPrinter,repos/Time-27f/src/main/java/org/joda/time/format/PeriodFormatterBuilder.java,PeriodFormatterBuilder,org.joda.time.format
toParser,repos/Time-27f/src/main/java/org/joda/time/format/PeriodFormatterBuilder.java,PeriodFormatterBuilder,org.joda.time.format
clear,repos/Time-27f/src/main/java/org/joda/time/format/PeriodFormatterBuilder.java,PeriodFormatterBuilder,org.joda.time.format
append,repos/Time-27f/src/main/java/org/joda/time/format/PeriodFormatterBuilder.java,PeriodFormatterBuilder,org.joda.time.format
append,repos/Time-27f/src/main/java/org/joda/time/format/PeriodFormatterBuilder.java,PeriodFormatterBuilder,org.joda.time.format
appendLiteral,repos/Time-27f/src/main/java/org/joda/time/format/PeriodFormatterBuilder.java,PeriodFormatterBuilder,org.joda.time.format
minimumPrintedDigits,repos/Time-27f/src/main/java/org/joda/time/format/PeriodFormatterBuilder.java,PeriodFormatterBuilder,org.joda.time.format
maximumParsedDigits,repos/Time-27f/src/main/java/org/joda/time/format/PeriodFormatterBuilder.java,PeriodFormatterBuilder,org.joda.time.format
rejectSignedValues,repos/Time-27f/src/main/java/org/joda/time/format/PeriodFormatterBuilder.java,PeriodFormatterBuilder,org.joda.time.format
printZeroRarelyLast,repos/Time-27f/src/main/java/org/joda/time/format/PeriodFormatterBuilder.java,PeriodFormatterBuilder,org.joda.time.format
printZeroRarelyFirst,repos/Time-27f/src/main/java/org/joda/time/format/PeriodFormatterBuilder.java,PeriodFormatterBuilder,org.joda.time.format
printZeroIfSupported,repos/Time-27f/src/main/java/org/joda/time/format/PeriodFormatterBuilder.java,PeriodFormatterBuilder,org.joda.time.format
printZeroAlways,repos/Time-27f/src/main/java/org/joda/time/format/PeriodFormatterBuilder.java,PeriodFormatterBuilder,org.joda.time.format
printZeroNever,repos/Time-27f/src/main/java/org/joda/time/format/PeriodFormatterBuilder.java,PeriodFormatterBuilder,org.joda.time.format
appendPrefix,repos/Time-27f/src/main/java/org/joda/time/format/PeriodFormatterBuilder.java,PeriodFormatterBuilder,org.joda.time.format
appendPrefix,repos/Time-27f/src/main/java/org/joda/time/format/PeriodFormatterBuilder.java,PeriodFormatterBuilder,org.joda.time.format
appendPrefix,repos/Time-27f/src/main/java/org/joda/time/format/PeriodFormatterBuilder.java,PeriodFormatterBuilder,org.joda.time.format
appendYears,repos/Time-27f/src/main/java/org/joda/time/format/PeriodFormatterBuilder.java,PeriodFormatterBuilder,org.joda.time.format
appendMonths,repos/Time-27f/src/main/java/org/joda/time/format/PeriodFormatterBuilder.java,PeriodFormatterBuilder,org.joda.time.format
appendWeeks,repos/Time-27f/src/main/java/org/joda/time/format/PeriodFormatterBuilder.java,PeriodFormatterBuilder,org.joda.time.format
appendDays,repos/Time-27f/src/main/java/org/joda/time/format/PeriodFormatterBuilder.java,PeriodFormatterBuilder,org.joda.time.format
appendHours,repos/Time-27f/src/main/java/org/joda/time/format/PeriodFormatterBuilder.java,PeriodFormatterBuilder,org.joda.time.format
appendMinutes,repos/Time-27f/src/main/java/org/joda/time/format/PeriodFormatterBuilder.java,PeriodFormatterBuilder,org.joda.time.format
appendSeconds,repos/Time-27f/src/main/java/org/joda/time/format/PeriodFormatterBuilder.java,PeriodFormatterBuilder,org.joda.time.format
appendSecondsWithMillis,repos/Time-27f/src/main/java/org/joda/time/format/PeriodFormatterBuilder.java,PeriodFormatterBuilder,org.joda.time.format
appendSecondsWithOptionalMillis,repos/Time-27f/src/main/java/org/joda/time/format/PeriodFormatterBuilder.java,PeriodFormatterBuilder,org.joda.time.format
appendMillis,repos/Time-27f/src/main/java/org/joda/time/format/PeriodFormatterBuilder.java,PeriodFormatterBuilder,org.joda.time.format
appendMillis3Digit,repos/Time-27f/src/main/java/org/joda/time/format/PeriodFormatterBuilder.java,PeriodFormatterBuilder,org.joda.time.format
appendField,repos/Time-27f/src/main/java/org/joda/time/format/PeriodFormatterBuilder.java,PeriodFormatterBuilder,org.joda.time.format
appendField,repos/Time-27f/src/main/java/org/joda/time/format/PeriodFormatterBuilder.java,PeriodFormatterBuilder,org.joda.time.format
appendSuffix,repos/Time-27f/src/main/java/org/joda/time/format/PeriodFormatterBuilder.java,PeriodFormatterBuilder,org.joda.time.format
appendSuffix,repos/Time-27f/src/main/java/org/joda/time/format/PeriodFormatterBuilder.java,PeriodFormatterBuilder,org.joda.time.format
appendSuffix,repos/Time-27f/src/main/java/org/joda/time/format/PeriodFormatterBuilder.java,PeriodFormatterBuilder,org.joda.time.format
appendSeparator,repos/Time-27f/src/main/java/org/joda/time/format/PeriodFormatterBuilder.java,PeriodFormatterBuilder,org.joda.time.format
appendSeparatorIfFieldsAfter,repos/Time-27f/src/main/java/org/joda/time/format/PeriodFormatterBuilder.java,PeriodFormatterBuilder,org.joda.time.format
appendSeparatorIfFieldsBefore,repos/Time-27f/src/main/java/org/joda/time/format/PeriodFormatterBuilder.java,PeriodFormatterBuilder,org.joda.time.format
appendSeparator,repos/Time-27f/src/main/java/org/joda/time/format/PeriodFormatterBuilder.java,PeriodFormatterBuilder,org.joda.time.format
appendSeparator,repos/Time-27f/src/main/java/org/joda/time/format/PeriodFormatterBuilder.java,PeriodFormatterBuilder,org.joda.time.format
appendSeparator,repos/Time-27f/src/main/java/org/joda/time/format/PeriodFormatterBuilder.java,PeriodFormatterBuilder,org.joda.time.format
clearPrefix,repos/Time-27f/src/main/java/org/joda/time/format/PeriodFormatterBuilder.java,PeriodFormatterBuilder,org.joda.time.format
append0,repos/Time-27f/src/main/java/org/joda/time/format/PeriodFormatterBuilder.java,PeriodFormatterBuilder,org.joda.time.format
toFormatter,repos/Time-27f/src/main/java/org/joda/time/format/PeriodFormatterBuilder.java,PeriodFormatterBuilder,org.joda.time.format
createComposite,repos/Time-27f/src/main/java/org/joda/time/format/PeriodFormatterBuilder.java,PeriodFormatterBuilder,org.joda.time.format
calculatePrintedLength,repos/Time-27f/src/main/java/org/joda/time/format/PeriodFormatterBuilder.java,PeriodFormatterBuilder,org.joda.time.format
printTo,repos/Time-27f/src/main/java/org/joda/time/format/PeriodFormatterBuilder.java,PeriodFormatterBuilder,org.joda.time.format
printTo,repos/Time-27f/src/main/java/org/joda/time/format/PeriodFormatterBuilder.java,PeriodFormatterBuilder,org.joda.time.format
parse,repos/Time-27f/src/main/java/org/joda/time/format/PeriodFormatterBuilder.java,PeriodFormatterBuilder,org.joda.time.format
scan,repos/Time-27f/src/main/java/org/joda/time/format/PeriodFormatterBuilder.java,PeriodFormatterBuilder,org.joda.time.format
calculatePrintedLength,repos/Time-27f/src/main/java/org/joda/time/format/PeriodFormatterBuilder.java,PeriodFormatterBuilder,org.joda.time.format
printTo,repos/Time-27f/src/main/java/org/joda/time/format/PeriodFormatterBuilder.java,PeriodFormatterBuilder,org.joda.time.format
printTo,repos/Time-27f/src/main/java/org/joda/time/format/PeriodFormatterBuilder.java,PeriodFormatterBuilder,org.joda.time.format
parse,repos/Time-27f/src/main/java/org/joda/time/format/PeriodFormatterBuilder.java,PeriodFormatterBuilder,org.joda.time.format
scan,repos/Time-27f/src/main/java/org/joda/time/format/PeriodFormatterBuilder.java,PeriodFormatterBuilder,org.joda.time.format
calculatePrintedLength,repos/Time-27f/src/main/java/org/joda/time/format/PeriodFormatterBuilder.java,PeriodFormatterBuilder,org.joda.time.format
printTo,repos/Time-27f/src/main/java/org/joda/time/format/PeriodFormatterBuilder.java,PeriodFormatterBuilder,org.joda.time.format
printTo,repos/Time-27f/src/main/java/org/joda/time/format/PeriodFormatterBuilder.java,PeriodFormatterBuilder,org.joda.time.format
parse,repos/Time-27f/src/main/java/org/joda/time/format/PeriodFormatterBuilder.java,PeriodFormatterBuilder,org.joda.time.format
scan,repos/Time-27f/src/main/java/org/joda/time/format/PeriodFormatterBuilder.java,PeriodFormatterBuilder,org.joda.time.format
calculatePrintedLength,repos/Time-27f/src/main/java/org/joda/time/format/PeriodFormatterBuilder.java,PeriodFormatterBuilder,org.joda.time.format
printTo,repos/Time-27f/src/main/java/org/joda/time/format/PeriodFormatterBuilder.java,PeriodFormatterBuilder,org.joda.time.format
printTo,repos/Time-27f/src/main/java/org/joda/time/format/PeriodFormatterBuilder.java,PeriodFormatterBuilder,org.joda.time.format
parse,repos/Time-27f/src/main/java/org/joda/time/format/PeriodFormatterBuilder.java,PeriodFormatterBuilder,org.joda.time.format
scan,repos/Time-27f/src/main/java/org/joda/time/format/PeriodFormatterBuilder.java,PeriodFormatterBuilder,org.joda.time.format
countFieldsToPrint,repos/Time-27f/src/main/java/org/joda/time/format/PeriodFormatterBuilder.java,PeriodFormatterBuilder,org.joda.time.format
calculatePrintedLength,repos/Time-27f/src/main/java/org/joda/time/format/PeriodFormatterBuilder.java,PeriodFormatterBuilder,org.joda.time.format
printTo,repos/Time-27f/src/main/java/org/joda/time/format/PeriodFormatterBuilder.java,PeriodFormatterBuilder,org.joda.time.format
printTo,repos/Time-27f/src/main/java/org/joda/time/format/PeriodFormatterBuilder.java,PeriodFormatterBuilder,org.joda.time.format
parseInto,repos/Time-27f/src/main/java/org/joda/time/format/PeriodFormatterBuilder.java,PeriodFormatterBuilder,org.joda.time.format
parseInt,repos/Time-27f/src/main/java/org/joda/time/format/PeriodFormatterBuilder.java,PeriodFormatterBuilder,org.joda.time.format
getFieldValue,repos/Time-27f/src/main/java/org/joda/time/format/PeriodFormatterBuilder.java,PeriodFormatterBuilder,org.joda.time.format
isZero,repos/Time-27f/src/main/java/org/joda/time/format/PeriodFormatterBuilder.java,PeriodFormatterBuilder,org.joda.time.format
isSupported,repos/Time-27f/src/main/java/org/joda/time/format/PeriodFormatterBuilder.java,PeriodFormatterBuilder,org.joda.time.format
setFieldValue,repos/Time-27f/src/main/java/org/joda/time/format/PeriodFormatterBuilder.java,PeriodFormatterBuilder,org.joda.time.format
getFieldType,repos/Time-27f/src/main/java/org/joda/time/format/PeriodFormatterBuilder.java,PeriodFormatterBuilder,org.joda.time.format
countFieldsToPrint,repos/Time-27f/src/main/java/org/joda/time/format/PeriodFormatterBuilder.java,PeriodFormatterBuilder,org.joda.time.format
calculatePrintedLength,repos/Time-27f/src/main/java/org/joda/time/format/PeriodFormatterBuilder.java,PeriodFormatterBuilder,org.joda.time.format
printTo,repos/Time-27f/src/main/java/org/joda/time/format/PeriodFormatterBuilder.java,PeriodFormatterBuilder,org.joda.time.format
printTo,repos/Time-27f/src/main/java/org/joda/time/format/PeriodFormatterBuilder.java,PeriodFormatterBuilder,org.joda.time.format
parseInto,repos/Time-27f/src/main/java/org/joda/time/format/PeriodFormatterBuilder.java,PeriodFormatterBuilder,org.joda.time.format
countFieldsToPrint,repos/Time-27f/src/main/java/org/joda/time/format/PeriodFormatterBuilder.java,PeriodFormatterBuilder,org.joda.time.format
calculatePrintedLength,repos/Time-27f/src/main/java/org/joda/time/format/PeriodFormatterBuilder.java,PeriodFormatterBuilder,org.joda.time.format
printTo,repos/Time-27f/src/main/java/org/joda/time/format/PeriodFormatterBuilder.java,PeriodFormatterBuilder,org.joda.time.format
printTo,repos/Time-27f/src/main/java/org/joda/time/format/PeriodFormatterBuilder.java,PeriodFormatterBuilder,org.joda.time.format
parseInto,repos/Time-27f/src/main/java/org/joda/time/format/PeriodFormatterBuilder.java,PeriodFormatterBuilder,org.joda.time.format
finish,repos/Time-27f/src/main/java/org/joda/time/format/PeriodFormatterBuilder.java,PeriodFormatterBuilder,org.joda.time.format
countFieldsToPrint,repos/Time-27f/src/main/java/org/joda/time/format/PeriodFormatterBuilder.java,PeriodFormatterBuilder,org.joda.time.format
calculatePrintedLength,repos/Time-27f/src/main/java/org/joda/time/format/PeriodFormatterBuilder.java,PeriodFormatterBuilder,org.joda.time.format
printTo,repos/Time-27f/src/main/java/org/joda/time/format/PeriodFormatterBuilder.java,PeriodFormatterBuilder,org.joda.time.format
printTo,repos/Time-27f/src/main/java/org/joda/time/format/PeriodFormatterBuilder.java,PeriodFormatterBuilder,org.joda.time.format
parseInto,repos/Time-27f/src/main/java/org/joda/time/format/PeriodFormatterBuilder.java,PeriodFormatterBuilder,org.joda.time.format
decompose,repos/Time-27f/src/main/java/org/joda/time/format/PeriodFormatterBuilder.java,PeriodFormatterBuilder,org.joda.time.format
addArrayToList,repos/Time-27f/src/main/java/org/joda/time/format/PeriodFormatterBuilder.java,PeriodFormatterBuilder,org.joda.time.format
calculatePrintedLength,repos/Time-27f/src/main/java/org/joda/time/format/PeriodFormatterBuilder.java,PeriodFieldAffix,org.joda.time.format
printTo,repos/Time-27f/src/main/java/org/joda/time/format/PeriodFormatterBuilder.java,PeriodFieldAffix,org.joda.time.format
printTo,repos/Time-27f/src/main/java/org/joda/time/format/PeriodFormatterBuilder.java,PeriodFieldAffix,org.joda.time.format
parse,repos/Time-27f/src/main/java/org/joda/time/format/PeriodFormatterBuilder.java,PeriodFieldAffix,org.joda.time.format
scan,repos/Time-27f/src/main/java/org/joda/time/format/PeriodFormatterBuilder.java,PeriodFieldAffix,org.joda.time.format
calculatePrintedLength,repos/Time-27f/src/main/java/org/joda/time/format/PeriodFormatterBuilder.java,SimpleAffix,org.joda.time.format
printTo,repos/Time-27f/src/main/java/org/joda/time/format/PeriodFormatterBuilder.java,SimpleAffix,org.joda.time.format
printTo,repos/Time-27f/src/main/java/org/joda/time/format/PeriodFormatterBuilder.java,SimpleAffix,org.joda.time.format
parse,repos/Time-27f/src/main/java/org/joda/time/format/PeriodFormatterBuilder.java,SimpleAffix,org.joda.time.format
scan,repos/Time-27f/src/main/java/org/joda/time/format/PeriodFormatterBuilder.java,SimpleAffix,org.joda.time.format
calculatePrintedLength,repos/Time-27f/src/main/java/org/joda/time/format/PeriodFormatterBuilder.java,PluralAffix,org.joda.time.format
printTo,repos/Time-27f/src/main/java/org/joda/time/format/PeriodFormatterBuilder.java,PluralAffix,org.joda.time.format
printTo,repos/Time-27f/src/main/java/org/joda/time/format/PeriodFormatterBuilder.java,PluralAffix,org.joda.time.format
parse,repos/Time-27f/src/main/java/org/joda/time/format/PeriodFormatterBuilder.java,PluralAffix,org.joda.time.format
scan,repos/Time-27f/src/main/java/org/joda/time/format/PeriodFormatterBuilder.java,PluralAffix,org.joda.time.format
calculatePrintedLength,repos/Time-27f/src/main/java/org/joda/time/format/PeriodFormatterBuilder.java,CompositeAffix,org.joda.time.format
printTo,repos/Time-27f/src/main/java/org/joda/time/format/PeriodFormatterBuilder.java,CompositeAffix,org.joda.time.format
printTo,repos/Time-27f/src/main/java/org/joda/time/format/PeriodFormatterBuilder.java,CompositeAffix,org.joda.time.format
parse,repos/Time-27f/src/main/java/org/joda/time/format/PeriodFormatterBuilder.java,CompositeAffix,org.joda.time.format
scan,repos/Time-27f/src/main/java/org/joda/time/format/PeriodFormatterBuilder.java,CompositeAffix,org.joda.time.format
countFieldsToPrint,repos/Time-27f/src/main/java/org/joda/time/format/PeriodFormatterBuilder.java,FieldFormatter,org.joda.time.format
calculatePrintedLength,repos/Time-27f/src/main/java/org/joda/time/format/PeriodFormatterBuilder.java,FieldFormatter,org.joda.time.format
printTo,repos/Time-27f/src/main/java/org/joda/time/format/PeriodFormatterBuilder.java,FieldFormatter,org.joda.time.format
printTo,repos/Time-27f/src/main/java/org/joda/time/format/PeriodFormatterBuilder.java,FieldFormatter,org.joda.time.format
parseInto,repos/Time-27f/src/main/java/org/joda/time/format/PeriodFormatterBuilder.java,FieldFormatter,org.joda.time.format
parseInt,repos/Time-27f/src/main/java/org/joda/time/format/PeriodFormatterBuilder.java,FieldFormatter,org.joda.time.format
getFieldValue,repos/Time-27f/src/main/java/org/joda/time/format/PeriodFormatterBuilder.java,FieldFormatter,org.joda.time.format
isZero,repos/Time-27f/src/main/java/org/joda/time/format/PeriodFormatterBuilder.java,FieldFormatter,org.joda.time.format
isSupported,repos/Time-27f/src/main/java/org/joda/time/format/PeriodFormatterBuilder.java,FieldFormatter,org.joda.time.format
setFieldValue,repos/Time-27f/src/main/java/org/joda/time/format/PeriodFormatterBuilder.java,FieldFormatter,org.joda.time.format
getFieldType,repos/Time-27f/src/main/java/org/joda/time/format/PeriodFormatterBuilder.java,FieldFormatter,org.joda.time.format
countFieldsToPrint,repos/Time-27f/src/main/java/org/joda/time/format/PeriodFormatterBuilder.java,Literal,org.joda.time.format
calculatePrintedLength,repos/Time-27f/src/main/java/org/joda/time/format/PeriodFormatterBuilder.java,Literal,org.joda.time.format
printTo,repos/Time-27f/src/main/java/org/joda/time/format/PeriodFormatterBuilder.java,Literal,org.joda.time.format
printTo,repos/Time-27f/src/main/java/org/joda/time/format/PeriodFormatterBuilder.java,Literal,org.joda.time.format
parseInto,repos/Time-27f/src/main/java/org/joda/time/format/PeriodFormatterBuilder.java,Literal,org.joda.time.format
countFieldsToPrint,repos/Time-27f/src/main/java/org/joda/time/format/PeriodFormatterBuilder.java,Separator,org.joda.time.format
calculatePrintedLength,repos/Time-27f/src/main/java/org/joda/time/format/PeriodFormatterBuilder.java,Separator,org.joda.time.format
printTo,repos/Time-27f/src/main/java/org/joda/time/format/PeriodFormatterBuilder.java,Separator,org.joda.time.format
printTo,repos/Time-27f/src/main/java/org/joda/time/format/PeriodFormatterBuilder.java,Separator,org.joda.time.format
parseInto,repos/Time-27f/src/main/java/org/joda/time/format/PeriodFormatterBuilder.java,Separator,org.joda.time.format
finish,repos/Time-27f/src/main/java/org/joda/time/format/PeriodFormatterBuilder.java,Separator,org.joda.time.format
countFieldsToPrint,repos/Time-27f/src/main/java/org/joda/time/format/PeriodFormatterBuilder.java,Composite,org.joda.time.format
calculatePrintedLength,repos/Time-27f/src/main/java/org/joda/time/format/PeriodFormatterBuilder.java,Composite,org.joda.time.format
printTo,repos/Time-27f/src/main/java/org/joda/time/format/PeriodFormatterBuilder.java,Composite,org.joda.time.format
printTo,repos/Time-27f/src/main/java/org/joda/time/format/PeriodFormatterBuilder.java,Composite,org.joda.time.format
parseInto,repos/Time-27f/src/main/java/org/joda/time/format/PeriodFormatterBuilder.java,Composite,org.joda.time.format
decompose,repos/Time-27f/src/main/java/org/joda/time/format/PeriodFormatterBuilder.java,Composite,org.joda.time.format
addArrayToList,repos/Time-27f/src/main/java/org/joda/time/format/PeriodFormatterBuilder.java,Composite,org.joda.time.format
appendPaddedInteger,repos/Time-27f/src/main/java/org/joda/time/format/FormatUtils.java,FormatUtils,org.joda.time.format
appendPaddedInteger,repos/Time-27f/src/main/java/org/joda/time/format/FormatUtils.java,FormatUtils,org.joda.time.format
writePaddedInteger,repos/Time-27f/src/main/java/org/joda/time/format/FormatUtils.java,FormatUtils,org.joda.time.format
writePaddedInteger,repos/Time-27f/src/main/java/org/joda/time/format/FormatUtils.java,FormatUtils,org.joda.time.format
appendUnpaddedInteger,repos/Time-27f/src/main/java/org/joda/time/format/FormatUtils.java,FormatUtils,org.joda.time.format
appendUnpaddedInteger,repos/Time-27f/src/main/java/org/joda/time/format/FormatUtils.java,FormatUtils,org.joda.time.format
writeUnpaddedInteger,repos/Time-27f/src/main/java/org/joda/time/format/FormatUtils.java,FormatUtils,org.joda.time.format
writeUnpaddedInteger,repos/Time-27f/src/main/java/org/joda/time/format/FormatUtils.java,FormatUtils,org.joda.time.format
calculateDigitCount,repos/Time-27f/src/main/java/org/joda/time/format/FormatUtils.java,FormatUtils,org.joda.time.format
parseTwoDigits,repos/Time-27f/src/main/java/org/joda/time/format/FormatUtils.java,FormatUtils,org.joda.time.format
createErrorMessage,repos/Time-27f/src/main/java/org/joda/time/format/FormatUtils.java,FormatUtils,org.joda.time.format
toFormatter,repos/Time-27f/src/main/java/org/joda/time/format/DateTimeFormatterBuilder.java,DateTimeFormatterBuilder,org.joda.time.format
toPrinter,repos/Time-27f/src/main/java/org/joda/time/format/DateTimeFormatterBuilder.java,DateTimeFormatterBuilder,org.joda.time.format
toParser,repos/Time-27f/src/main/java/org/joda/time/format/DateTimeFormatterBuilder.java,DateTimeFormatterBuilder,org.joda.time.format
canBuildFormatter,repos/Time-27f/src/main/java/org/joda/time/format/DateTimeFormatterBuilder.java,DateTimeFormatterBuilder,org.joda.time.format
canBuildPrinter,repos/Time-27f/src/main/java/org/joda/time/format/DateTimeFormatterBuilder.java,DateTimeFormatterBuilder,org.joda.time.format
canBuildParser,repos/Time-27f/src/main/java/org/joda/time/format/DateTimeFormatterBuilder.java,DateTimeFormatterBuilder,org.joda.time.format
clear,repos/Time-27f/src/main/java/org/joda/time/format/DateTimeFormatterBuilder.java,DateTimeFormatterBuilder,org.joda.time.format
append,repos/Time-27f/src/main/java/org/joda/time/format/DateTimeFormatterBuilder.java,DateTimeFormatterBuilder,org.joda.time.format
append,repos/Time-27f/src/main/java/org/joda/time/format/DateTimeFormatterBuilder.java,DateTimeFormatterBuilder,org.joda.time.format
append,repos/Time-27f/src/main/java/org/joda/time/format/DateTimeFormatterBuilder.java,DateTimeFormatterBuilder,org.joda.time.format
append,repos/Time-27f/src/main/java/org/joda/time/format/DateTimeFormatterBuilder.java,DateTimeFormatterBuilder,org.joda.time.format
append,repos/Time-27f/src/main/java/org/joda/time/format/DateTimeFormatterBuilder.java,DateTimeFormatterBuilder,org.joda.time.format
appendOptional,repos/Time-27f/src/main/java/org/joda/time/format/DateTimeFormatterBuilder.java,DateTimeFormatterBuilder,org.joda.time.format
checkParser,repos/Time-27f/src/main/java/org/joda/time/format/DateTimeFormatterBuilder.java,DateTimeFormatterBuilder,org.joda.time.format
checkPrinter,repos/Time-27f/src/main/java/org/joda/time/format/DateTimeFormatterBuilder.java,DateTimeFormatterBuilder,org.joda.time.format
append0,repos/Time-27f/src/main/java/org/joda/time/format/DateTimeFormatterBuilder.java,DateTimeFormatterBuilder,org.joda.time.format
append0,repos/Time-27f/src/main/java/org/joda/time/format/DateTimeFormatterBuilder.java,DateTimeFormatterBuilder,org.joda.time.format
appendLiteral,repos/Time-27f/src/main/java/org/joda/time/format/DateTimeFormatterBuilder.java,DateTimeFormatterBuilder,org.joda.time.format
appendLiteral,repos/Time-27f/src/main/java/org/joda/time/format/DateTimeFormatterBuilder.java,DateTimeFormatterBuilder,org.joda.time.format
appendDecimal,repos/Time-27f/src/main/java/org/joda/time/format/DateTimeFormatterBuilder.java,DateTimeFormatterBuilder,org.joda.time.format
appendFixedDecimal,repos/Time-27f/src/main/java/org/joda/time/format/DateTimeFormatterBuilder.java,DateTimeFormatterBuilder,org.joda.time.format
appendSignedDecimal,repos/Time-27f/src/main/java/org/joda/time/format/DateTimeFormatterBuilder.java,DateTimeFormatterBuilder,org.joda.time.format
appendFixedSignedDecimal,repos/Time-27f/src/main/java/org/joda/time/format/DateTimeFormatterBuilder.java,DateTimeFormatterBuilder,org.joda.time.format
appendText,repos/Time-27f/src/main/java/org/joda/time/format/DateTimeFormatterBuilder.java,DateTimeFormatterBuilder,org.joda.time.format
appendShortText,repos/Time-27f/src/main/java/org/joda/time/format/DateTimeFormatterBuilder.java,DateTimeFormatterBuilder,org.joda.time.format
appendFraction,repos/Time-27f/src/main/java/org/joda/time/format/DateTimeFormatterBuilder.java,DateTimeFormatterBuilder,org.joda.time.format
appendFractionOfSecond,repos/Time-27f/src/main/java/org/joda/time/format/DateTimeFormatterBuilder.java,DateTimeFormatterBuilder,org.joda.time.format
appendFractionOfMinute,repos/Time-27f/src/main/java/org/joda/time/format/DateTimeFormatterBuilder.java,DateTimeFormatterBuilder,org.joda.time.format
appendFractionOfHour,repos/Time-27f/src/main/java/org/joda/time/format/DateTimeFormatterBuilder.java,DateTimeFormatterBuilder,org.joda.time.format
appendFractionOfDay,repos/Time-27f/src/main/java/org/joda/time/format/DateTimeFormatterBuilder.java,DateTimeFormatterBuilder,org.joda.time.format
appendMillisOfSecond,repos/Time-27f/src/main/java/org/joda/time/format/DateTimeFormatterBuilder.java,DateTimeFormatterBuilder,org.joda.time.format
appendMillisOfDay,repos/Time-27f/src/main/java/org/joda/time/format/DateTimeFormatterBuilder.java,DateTimeFormatterBuilder,org.joda.time.format
appendSecondOfMinute,repos/Time-27f/src/main/java/org/joda/time/format/DateTimeFormatterBuilder.java,DateTimeFormatterBuilder,org.joda.time.format
appendSecondOfDay,repos/Time-27f/src/main/java/org/joda/time/format/DateTimeFormatterBuilder.java,DateTimeFormatterBuilder,org.joda.time.format
appendMinuteOfHour,repos/Time-27f/src/main/java/org/joda/time/format/DateTimeFormatterBuilder.java,DateTimeFormatterBuilder,org.joda.time.format
appendMinuteOfDay,repos/Time-27f/src/main/java/org/joda/time/format/DateTimeFormatterBuilder.java,DateTimeFormatterBuilder,org.joda.time.format
appendHourOfDay,repos/Time-27f/src/main/java/org/joda/time/format/DateTimeFormatterBuilder.java,DateTimeFormatterBuilder,org.joda.time.format
appendClockhourOfDay,repos/Time-27f/src/main/java/org/joda/time/format/DateTimeFormatterBuilder.java,DateTimeFormatterBuilder,org.joda.time.format
appendHourOfHalfday,repos/Time-27f/src/main/java/org/joda/time/format/DateTimeFormatterBuilder.java,DateTimeFormatterBuilder,org.joda.time.format
appendClockhourOfHalfday,repos/Time-27f/src/main/java/org/joda/time/format/DateTimeFormatterBuilder.java,DateTimeFormatterBuilder,org.joda.time.format
appendDayOfWeek,repos/Time-27f/src/main/java/org/joda/time/format/DateTimeFormatterBuilder.java,DateTimeFormatterBuilder,org.joda.time.format
appendDayOfMonth,repos/Time-27f/src/main/java/org/joda/time/format/DateTimeFormatterBuilder.java,DateTimeFormatterBuilder,org.joda.time.format
appendDayOfYear,repos/Time-27f/src/main/java/org/joda/time/format/DateTimeFormatterBuilder.java,DateTimeFormatterBuilder,org.joda.time.format
appendWeekOfWeekyear,repos/Time-27f/src/main/java/org/joda/time/format/DateTimeFormatterBuilder.java,DateTimeFormatterBuilder,org.joda.time.format
appendWeekyear,repos/Time-27f/src/main/java/org/joda/time/format/DateTimeFormatterBuilder.java,DateTimeFormatterBuilder,org.joda.time.format
appendMonthOfYear,repos/Time-27f/src/main/java/org/joda/time/format/DateTimeFormatterBuilder.java,DateTimeFormatterBuilder,org.joda.time.format
appendYear,repos/Time-27f/src/main/java/org/joda/time/format/DateTimeFormatterBuilder.java,DateTimeFormatterBuilder,org.joda.time.format
appendTwoDigitYear,repos/Time-27f/src/main/java/org/joda/time/format/DateTimeFormatterBuilder.java,DateTimeFormatterBuilder,org.joda.time.format
appendTwoDigitYear,repos/Time-27f/src/main/java/org/joda/time/format/DateTimeFormatterBuilder.java,DateTimeFormatterBuilder,org.joda.time.format
appendTwoDigitWeekyear,repos/Time-27f/src/main/java/org/joda/time/format/DateTimeFormatterBuilder.java,DateTimeFormatterBuilder,org.joda.time.format
appendTwoDigitWeekyear,repos/Time-27f/src/main/java/org/joda/time/format/DateTimeFormatterBuilder.java,DateTimeFormatterBuilder,org.joda.time.format
appendYearOfEra,repos/Time-27f/src/main/java/org/joda/time/format/DateTimeFormatterBuilder.java,DateTimeFormatterBuilder,org.joda.time.format
appendYearOfCentury,repos/Time-27f/src/main/java/org/joda/time/format/DateTimeFormatterBuilder.java,DateTimeFormatterBuilder,org.joda.time.format
appendCenturyOfEra,repos/Time-27f/src/main/java/org/joda/time/format/DateTimeFormatterBuilder.java,DateTimeFormatterBuilder,org.joda.time.format
appendHalfdayOfDayText,repos/Time-27f/src/main/java/org/joda/time/format/DateTimeFormatterBuilder.java,DateTimeFormatterBuilder,org.joda.time.format
appendDayOfWeekText,repos/Time-27f/src/main/java/org/joda/time/format/DateTimeFormatterBuilder.java,DateTimeFormatterBuilder,org.joda.time.format
appendDayOfWeekShortText,repos/Time-27f/src/main/java/org/joda/time/format/DateTimeFormatterBuilder.java,DateTimeFormatterBuilder,org.joda.time.format
appendMonthOfYearText,repos/Time-27f/src/main/java/org/joda/time/format/DateTimeFormatterBuilder.java,DateTimeFormatterBuilder,org.joda.time.format
appendMonthOfYearShortText,repos/Time-27f/src/main/java/org/joda/time/format/DateTimeFormatterBuilder.java,DateTimeFormatterBuilder,org.joda.time.format
appendEraText,repos/Time-27f/src/main/java/org/joda/time/format/DateTimeFormatterBuilder.java,DateTimeFormatterBuilder,org.joda.time.format
appendTimeZoneName,repos/Time-27f/src/main/java/org/joda/time/format/DateTimeFormatterBuilder.java,DateTimeFormatterBuilder,org.joda.time.format
appendTimeZoneShortName,repos/Time-27f/src/main/java/org/joda/time/format/DateTimeFormatterBuilder.java,DateTimeFormatterBuilder,org.joda.time.format
appendTimeZoneId,repos/Time-27f/src/main/java/org/joda/time/format/DateTimeFormatterBuilder.java,DateTimeFormatterBuilder,org.joda.time.format
appendTimeZoneOffset,repos/Time-27f/src/main/java/org/joda/time/format/DateTimeFormatterBuilder.java,DateTimeFormatterBuilder,org.joda.time.format
appendTimeZoneOffset,repos/Time-27f/src/main/java/org/joda/time/format/DateTimeFormatterBuilder.java,DateTimeFormatterBuilder,org.joda.time.format
appendPattern,repos/Time-27f/src/main/java/org/joda/time/format/DateTimeFormatterBuilder.java,DateTimeFormatterBuilder,org.joda.time.format
getFormatter,repos/Time-27f/src/main/java/org/joda/time/format/DateTimeFormatterBuilder.java,DateTimeFormatterBuilder,org.joda.time.format
isPrinter,repos/Time-27f/src/main/java/org/joda/time/format/DateTimeFormatterBuilder.java,DateTimeFormatterBuilder,org.joda.time.format
isParser,repos/Time-27f/src/main/java/org/joda/time/format/DateTimeFormatterBuilder.java,DateTimeFormatterBuilder,org.joda.time.format
isFormatter,repos/Time-27f/src/main/java/org/joda/time/format/DateTimeFormatterBuilder.java,DateTimeFormatterBuilder,org.joda.time.format
appendUnknownString,repos/Time-27f/src/main/java/org/joda/time/format/DateTimeFormatterBuilder.java,DateTimeFormatterBuilder,org.joda.time.format
printUnknownString,repos/Time-27f/src/main/java/org/joda/time/format/DateTimeFormatterBuilder.java,DateTimeFormatterBuilder,org.joda.time.format
estimatePrintedLength,repos/Time-27f/src/main/java/org/joda/time/format/DateTimeFormatterBuilder.java,DateTimeFormatterBuilder,org.joda.time.format
printTo,repos/Time-27f/src/main/java/org/joda/time/format/DateTimeFormatterBuilder.java,DateTimeFormatterBuilder,org.joda.time.format
printTo,repos/Time-27f/src/main/java/org/joda/time/format/DateTimeFormatterBuilder.java,DateTimeFormatterBuilder,org.joda.time.format
printTo,repos/Time-27f/src/main/java/org/joda/time/format/DateTimeFormatterBuilder.java,DateTimeFormatterBuilder,org.joda.time.format
printTo,repos/Time-27f/src/main/java/org/joda/time/format/DateTimeFormatterBuilder.java,DateTimeFormatterBuilder,org.joda.time.format
estimateParsedLength,repos/Time-27f/src/main/java/org/joda/time/format/DateTimeFormatterBuilder.java,DateTimeFormatterBuilder,org.joda.time.format
parseInto,repos/Time-27f/src/main/java/org/joda/time/format/DateTimeFormatterBuilder.java,DateTimeFormatterBuilder,org.joda.time.format
estimatePrintedLength,repos/Time-27f/src/main/java/org/joda/time/format/DateTimeFormatterBuilder.java,DateTimeFormatterBuilder,org.joda.time.format
printTo,repos/Time-27f/src/main/java/org/joda/time/format/DateTimeFormatterBuilder.java,DateTimeFormatterBuilder,org.joda.time.format
printTo,repos/Time-27f/src/main/java/org/joda/time/format/DateTimeFormatterBuilder.java,DateTimeFormatterBuilder,org.joda.time.format
printTo,repos/Time-27f/src/main/java/org/joda/time/format/DateTimeFormatterBuilder.java,DateTimeFormatterBuilder,org.joda.time.format
printTo,repos/Time-27f/src/main/java/org/joda/time/format/DateTimeFormatterBuilder.java,DateTimeFormatterBuilder,org.joda.time.format
estimateParsedLength,repos/Time-27f/src/main/java/org/joda/time/format/DateTimeFormatterBuilder.java,DateTimeFormatterBuilder,org.joda.time.format
parseInto,repos/Time-27f/src/main/java/org/joda/time/format/DateTimeFormatterBuilder.java,DateTimeFormatterBuilder,org.joda.time.format
estimateParsedLength,repos/Time-27f/src/main/java/org/joda/time/format/DateTimeFormatterBuilder.java,DateTimeFormatterBuilder,org.joda.time.format
parseInto,repos/Time-27f/src/main/java/org/joda/time/format/DateTimeFormatterBuilder.java,DateTimeFormatterBuilder,org.joda.time.format
estimatePrintedLength,repos/Time-27f/src/main/java/org/joda/time/format/DateTimeFormatterBuilder.java,DateTimeFormatterBuilder,org.joda.time.format
printTo,repos/Time-27f/src/main/java/org/joda/time/format/DateTimeFormatterBuilder.java,DateTimeFormatterBuilder,org.joda.time.format
printTo,repos/Time-27f/src/main/java/org/joda/time/format/DateTimeFormatterBuilder.java,DateTimeFormatterBuilder,org.joda.time.format
printTo,repos/Time-27f/src/main/java/org/joda/time/format/DateTimeFormatterBuilder.java,DateTimeFormatterBuilder,org.joda.time.format
printTo,repos/Time-27f/src/main/java/org/joda/time/format/DateTimeFormatterBuilder.java,DateTimeFormatterBuilder,org.joda.time.format
estimatePrintedLength,repos/Time-27f/src/main/java/org/joda/time/format/DateTimeFormatterBuilder.java,DateTimeFormatterBuilder,org.joda.time.format
printTo,repos/Time-27f/src/main/java/org/joda/time/format/DateTimeFormatterBuilder.java,DateTimeFormatterBuilder,org.joda.time.format
printTo,repos/Time-27f/src/main/java/org/joda/time/format/DateTimeFormatterBuilder.java,DateTimeFormatterBuilder,org.joda.time.format
printTo,repos/Time-27f/src/main/java/org/joda/time/format/DateTimeFormatterBuilder.java,DateTimeFormatterBuilder,org.joda.time.format
printTo,repos/Time-27f/src/main/java/org/joda/time/format/DateTimeFormatterBuilder.java,DateTimeFormatterBuilder,org.joda.time.format
parseInto,repos/Time-27f/src/main/java/org/joda/time/format/DateTimeFormatterBuilder.java,DateTimeFormatterBuilder,org.joda.time.format
estimateParsedLength,repos/Time-27f/src/main/java/org/joda/time/format/DateTimeFormatterBuilder.java,DateTimeFormatterBuilder,org.joda.time.format
parseInto,repos/Time-27f/src/main/java/org/joda/time/format/DateTimeFormatterBuilder.java,DateTimeFormatterBuilder,org.joda.time.format
estimatePrintedLength,repos/Time-27f/src/main/java/org/joda/time/format/DateTimeFormatterBuilder.java,DateTimeFormatterBuilder,org.joda.time.format
printTo,repos/Time-27f/src/main/java/org/joda/time/format/DateTimeFormatterBuilder.java,DateTimeFormatterBuilder,org.joda.time.format
printTo,repos/Time-27f/src/main/java/org/joda/time/format/DateTimeFormatterBuilder.java,DateTimeFormatterBuilder,org.joda.time.format
getTwoDigitYear,repos/Time-27f/src/main/java/org/joda/time/format/DateTimeFormatterBuilder.java,DateTimeFormatterBuilder,org.joda.time.format
printTo,repos/Time-27f/src/main/java/org/joda/time/format/DateTimeFormatterBuilder.java,DateTimeFormatterBuilder,org.joda.time.format
printTo,repos/Time-27f/src/main/java/org/joda/time/format/DateTimeFormatterBuilder.java,DateTimeFormatterBuilder,org.joda.time.format
getTwoDigitYear,repos/Time-27f/src/main/java/org/joda/time/format/DateTimeFormatterBuilder.java,DateTimeFormatterBuilder,org.joda.time.format
estimatePrintedLength,repos/Time-27f/src/main/java/org/joda/time/format/DateTimeFormatterBuilder.java,DateTimeFormatterBuilder,org.joda.time.format
printTo,repos/Time-27f/src/main/java/org/joda/time/format/DateTimeFormatterBuilder.java,DateTimeFormatterBuilder,org.joda.time.format
printTo,repos/Time-27f/src/main/java/org/joda/time/format/DateTimeFormatterBuilder.java,DateTimeFormatterBuilder,org.joda.time.format
printTo,repos/Time-27f/src/main/java/org/joda/time/format/DateTimeFormatterBuilder.java,DateTimeFormatterBuilder,org.joda.time.format
printTo,repos/Time-27f/src/main/java/org/joda/time/format/DateTimeFormatterBuilder.java,DateTimeFormatterBuilder,org.joda.time.format
print,repos/Time-27f/src/main/java/org/joda/time/format/DateTimeFormatterBuilder.java,DateTimeFormatterBuilder,org.joda.time.format
print,repos/Time-27f/src/main/java/org/joda/time/format/DateTimeFormatterBuilder.java,DateTimeFormatterBuilder,org.joda.time.format
estimateParsedLength,repos/Time-27f/src/main/java/org/joda/time/format/DateTimeFormatterBuilder.java,DateTimeFormatterBuilder,org.joda.time.format
parseInto,repos/Time-27f/src/main/java/org/joda/time/format/DateTimeFormatterBuilder.java,DateTimeFormatterBuilder,org.joda.time.format
estimatePrintedLength,repos/Time-27f/src/main/java/org/joda/time/format/DateTimeFormatterBuilder.java,DateTimeFormatterBuilder,org.joda.time.format
printTo,repos/Time-27f/src/main/java/org/joda/time/format/DateTimeFormatterBuilder.java,DateTimeFormatterBuilder,org.joda.time.format
printTo,repos/Time-27f/src/main/java/org/joda/time/format/DateTimeFormatterBuilder.java,DateTimeFormatterBuilder,org.joda.time.format
printTo,repos/Time-27f/src/main/java/org/joda/time/format/DateTimeFormatterBuilder.java,DateTimeFormatterBuilder,org.joda.time.format
printTo,repos/Time-27f/src/main/java/org/joda/time/format/DateTimeFormatterBuilder.java,DateTimeFormatterBuilder,org.joda.time.format
printTo,repos/Time-27f/src/main/java/org/joda/time/format/DateTimeFormatterBuilder.java,DateTimeFormatterBuilder,org.joda.time.format
getFractionData,repos/Time-27f/src/main/java/org/joda/time/format/DateTimeFormatterBuilder.java,DateTimeFormatterBuilder,org.joda.time.format
estimateParsedLength,repos/Time-27f/src/main/java/org/joda/time/format/DateTimeFormatterBuilder.java,DateTimeFormatterBuilder,org.joda.time.format
parseInto,repos/Time-27f/src/main/java/org/joda/time/format/DateTimeFormatterBuilder.java,DateTimeFormatterBuilder,org.joda.time.format
estimatePrintedLength,repos/Time-27f/src/main/java/org/joda/time/format/DateTimeFormatterBuilder.java,DateTimeFormatterBuilder,org.joda.time.format
printTo,repos/Time-27f/src/main/java/org/joda/time/format/DateTimeFormatterBuilder.java,DateTimeFormatterBuilder,org.joda.time.format
printTo,repos/Time-27f/src/main/java/org/joda/time/format/DateTimeFormatterBuilder.java,DateTimeFormatterBuilder,org.joda.time.format
printTo,repos/Time-27f/src/main/java/org/joda/time/format/DateTimeFormatterBuilder.java,DateTimeFormatterBuilder,org.joda.time.format
printTo,repos/Time-27f/src/main/java/org/joda/time/format/DateTimeFormatterBuilder.java,DateTimeFormatterBuilder,org.joda.time.format
estimateParsedLength,repos/Time-27f/src/main/java/org/joda/time/format/DateTimeFormatterBuilder.java,DateTimeFormatterBuilder,org.joda.time.format
parseInto,repos/Time-27f/src/main/java/org/joda/time/format/DateTimeFormatterBuilder.java,DateTimeFormatterBuilder,org.joda.time.format
digitCount,repos/Time-27f/src/main/java/org/joda/time/format/DateTimeFormatterBuilder.java,DateTimeFormatterBuilder,org.joda.time.format
estimatePrintedLength,repos/Time-27f/src/main/java/org/joda/time/format/DateTimeFormatterBuilder.java,DateTimeFormatterBuilder,org.joda.time.format
printTo,repos/Time-27f/src/main/java/org/joda/time/format/DateTimeFormatterBuilder.java,DateTimeFormatterBuilder,org.joda.time.format
printTo,repos/Time-27f/src/main/java/org/joda/time/format/DateTimeFormatterBuilder.java,DateTimeFormatterBuilder,org.joda.time.format
print,repos/Time-27f/src/main/java/org/joda/time/format/DateTimeFormatterBuilder.java,DateTimeFormatterBuilder,org.joda.time.format
printTo,repos/Time-27f/src/main/java/org/joda/time/format/DateTimeFormatterBuilder.java,DateTimeFormatterBuilder,org.joda.time.format
printTo,repos/Time-27f/src/main/java/org/joda/time/format/DateTimeFormatterBuilder.java,DateTimeFormatterBuilder,org.joda.time.format
estimatePrintedLength,repos/Time-27f/src/main/java/org/joda/time/format/DateTimeFormatterBuilder.java,DateTimeFormatterBuilder,org.joda.time.format
printTo,repos/Time-27f/src/main/java/org/joda/time/format/DateTimeFormatterBuilder.java,DateTimeFormatterBuilder,org.joda.time.format
printTo,repos/Time-27f/src/main/java/org/joda/time/format/DateTimeFormatterBuilder.java,DateTimeFormatterBuilder,org.joda.time.format
printTo,repos/Time-27f/src/main/java/org/joda/time/format/DateTimeFormatterBuilder.java,DateTimeFormatterBuilder,org.joda.time.format
printTo,repos/Time-27f/src/main/java/org/joda/time/format/DateTimeFormatterBuilder.java,DateTimeFormatterBuilder,org.joda.time.format
estimateParsedLength,repos/Time-27f/src/main/java/org/joda/time/format/DateTimeFormatterBuilder.java,DateTimeFormatterBuilder,org.joda.time.format
parseInto,repos/Time-27f/src/main/java/org/joda/time/format/DateTimeFormatterBuilder.java,DateTimeFormatterBuilder,org.joda.time.format
isPrinter,repos/Time-27f/src/main/java/org/joda/time/format/DateTimeFormatterBuilder.java,DateTimeFormatterBuilder,org.joda.time.format
isParser,repos/Time-27f/src/main/java/org/joda/time/format/DateTimeFormatterBuilder.java,DateTimeFormatterBuilder,org.joda.time.format
decompose,repos/Time-27f/src/main/java/org/joda/time/format/DateTimeFormatterBuilder.java,DateTimeFormatterBuilder,org.joda.time.format
addArrayToList,repos/Time-27f/src/main/java/org/joda/time/format/DateTimeFormatterBuilder.java,DateTimeFormatterBuilder,org.joda.time.format
estimateParsedLength,repos/Time-27f/src/main/java/org/joda/time/format/DateTimeFormatterBuilder.java,DateTimeFormatterBuilder,org.joda.time.format
parseInto,repos/Time-27f/src/main/java/org/joda/time/format/DateTimeFormatterBuilder.java,DateTimeFormatterBuilder,org.joda.time.format
estimatePrintedLength,repos/Time-27f/src/main/java/org/joda/time/format/DateTimeFormatterBuilder.java,CharacterLiteral,org.joda.time.format
printTo,repos/Time-27f/src/main/java/org/joda/time/format/DateTimeFormatterBuilder.java,CharacterLiteral,org.joda.time.format
printTo,repos/Time-27f/src/main/java/org/joda/time/format/DateTimeFormatterBuilder.java,CharacterLiteral,org.joda.time.format
printTo,repos/Time-27f/src/main/java/org/joda/time/format/DateTimeFormatterBuilder.java,CharacterLiteral,org.joda.time.format
printTo,repos/Time-27f/src/main/java/org/joda/time/format/DateTimeFormatterBuilder.java,CharacterLiteral,org.joda.time.format
estimateParsedLength,repos/Time-27f/src/main/java/org/joda/time/format/DateTimeFormatterBuilder.java,CharacterLiteral,org.joda.time.format
parseInto,repos/Time-27f/src/main/java/org/joda/time/format/DateTimeFormatterBuilder.java,CharacterLiteral,org.joda.time.format
estimatePrintedLength,repos/Time-27f/src/main/java/org/joda/time/format/DateTimeFormatterBuilder.java,StringLiteral,org.joda.time.format
printTo,repos/Time-27f/src/main/java/org/joda/time/format/DateTimeFormatterBuilder.java,StringLiteral,org.joda.time.format
printTo,repos/Time-27f/src/main/java/org/joda/time/format/DateTimeFormatterBuilder.java,StringLiteral,org.joda.time.format
printTo,repos/Time-27f/src/main/java/org/joda/time/format/DateTimeFormatterBuilder.java,StringLiteral,org.joda.time.format
printTo,repos/Time-27f/src/main/java/org/joda/time/format/DateTimeFormatterBuilder.java,StringLiteral,org.joda.time.format
estimateParsedLength,repos/Time-27f/src/main/java/org/joda/time/format/DateTimeFormatterBuilder.java,StringLiteral,org.joda.time.format
parseInto,repos/Time-27f/src/main/java/org/joda/time/format/DateTimeFormatterBuilder.java,StringLiteral,org.joda.time.format
estimateParsedLength,repos/Time-27f/src/main/java/org/joda/time/format/DateTimeFormatterBuilder.java,NumberFormatter,org.joda.time.format
parseInto,repos/Time-27f/src/main/java/org/joda/time/format/DateTimeFormatterBuilder.java,NumberFormatter,org.joda.time.format
estimatePrintedLength,repos/Time-27f/src/main/java/org/joda/time/format/DateTimeFormatterBuilder.java,UnpaddedNumber,org.joda.time.format
printTo,repos/Time-27f/src/main/java/org/joda/time/format/DateTimeFormatterBuilder.java,UnpaddedNumber,org.joda.time.format
printTo,repos/Time-27f/src/main/java/org/joda/time/format/DateTimeFormatterBuilder.java,UnpaddedNumber,org.joda.time.format
printTo,repos/Time-27f/src/main/java/org/joda/time/format/DateTimeFormatterBuilder.java,UnpaddedNumber,org.joda.time.format
printTo,repos/Time-27f/src/main/java/org/joda/time/format/DateTimeFormatterBuilder.java,UnpaddedNumber,org.joda.time.format
estimatePrintedLength,repos/Time-27f/src/main/java/org/joda/time/format/DateTimeFormatterBuilder.java,PaddedNumber,org.joda.time.format
printTo,repos/Time-27f/src/main/java/org/joda/time/format/DateTimeFormatterBuilder.java,PaddedNumber,org.joda.time.format
printTo,repos/Time-27f/src/main/java/org/joda/time/format/DateTimeFormatterBuilder.java,PaddedNumber,org.joda.time.format
printTo,repos/Time-27f/src/main/java/org/joda/time/format/DateTimeFormatterBuilder.java,PaddedNumber,org.joda.time.format
printTo,repos/Time-27f/src/main/java/org/joda/time/format/DateTimeFormatterBuilder.java,PaddedNumber,org.joda.time.format
parseInto,repos/Time-27f/src/main/java/org/joda/time/format/DateTimeFormatterBuilder.java,FixedNumber,org.joda.time.format
estimateParsedLength,repos/Time-27f/src/main/java/org/joda/time/format/DateTimeFormatterBuilder.java,TwoDigitYear,org.joda.time.format
parseInto,repos/Time-27f/src/main/java/org/joda/time/format/DateTimeFormatterBuilder.java,TwoDigitYear,org.joda.time.format
estimatePrintedLength,repos/Time-27f/src/main/java/org/joda/time/format/DateTimeFormatterBuilder.java,TwoDigitYear,org.joda.time.format
printTo,repos/Time-27f/src/main/java/org/joda/time/format/DateTimeFormatterBuilder.java,TwoDigitYear,org.joda.time.format
printTo,repos/Time-27f/src/main/java/org/joda/time/format/DateTimeFormatterBuilder.java,TwoDigitYear,org.joda.time.format
getTwoDigitYear,repos/Time-27f/src/main/java/org/joda/time/format/DateTimeFormatterBuilder.java,TwoDigitYear,org.joda.time.format
printTo,repos/Time-27f/src/main/java/org/joda/time/format/DateTimeFormatterBuilder.java,TwoDigitYear,org.joda.time.format
printTo,repos/Time-27f/src/main/java/org/joda/time/format/DateTimeFormatterBuilder.java,TwoDigitYear,org.joda.time.format
getTwoDigitYear,repos/Time-27f/src/main/java/org/joda/time/format/DateTimeFormatterBuilder.java,TwoDigitYear,org.joda.time.format
estimatePrintedLength,repos/Time-27f/src/main/java/org/joda/time/format/DateTimeFormatterBuilder.java,TextField,org.joda.time.format
printTo,repos/Time-27f/src/main/java/org/joda/time/format/DateTimeFormatterBuilder.java,TextField,org.joda.time.format
printTo,repos/Time-27f/src/main/java/org/joda/time/format/DateTimeFormatterBuilder.java,TextField,org.joda.time.format
printTo,repos/Time-27f/src/main/java/org/joda/time/format/DateTimeFormatterBuilder.java,TextField,org.joda.time.format
printTo,repos/Time-27f/src/main/java/org/joda/time/format/DateTimeFormatterBuilder.java,TextField,org.joda.time.format
print,repos/Time-27f/src/main/java/org/joda/time/format/DateTimeFormatterBuilder.java,TextField,org.joda.time.format
print,repos/Time-27f/src/main/java/org/joda/time/format/DateTimeFormatterBuilder.java,TextField,org.joda.time.format
estimateParsedLength,repos/Time-27f/src/main/java/org/joda/time/format/DateTimeFormatterBuilder.java,TextField,org.joda.time.format
parseInto,repos/Time-27f/src/main/java/org/joda/time/format/DateTimeFormatterBuilder.java,TextField,org.joda.time.format
estimatePrintedLength,repos/Time-27f/src/main/java/org/joda/time/format/DateTimeFormatterBuilder.java,Fraction,org.joda.time.format
printTo,repos/Time-27f/src/main/java/org/joda/time/format/DateTimeFormatterBuilder.java,Fraction,org.joda.time.format
printTo,repos/Time-27f/src/main/java/org/joda/time/format/DateTimeFormatterBuilder.java,Fraction,org.joda.time.format
printTo,repos/Time-27f/src/main/java/org/joda/time/format/DateTimeFormatterBuilder.java,Fraction,org.joda.time.format
printTo,repos/Time-27f/src/main/java/org/joda/time/format/DateTimeFormatterBuilder.java,Fraction,org.joda.time.format
printTo,repos/Time-27f/src/main/java/org/joda/time/format/DateTimeFormatterBuilder.java,Fraction,org.joda.time.format
getFractionData,repos/Time-27f/src/main/java/org/joda/time/format/DateTimeFormatterBuilder.java,Fraction,org.joda.time.format
estimateParsedLength,repos/Time-27f/src/main/java/org/joda/time/format/DateTimeFormatterBuilder.java,Fraction,org.joda.time.format
parseInto,repos/Time-27f/src/main/java/org/joda/time/format/DateTimeFormatterBuilder.java,Fraction,org.joda.time.format
estimatePrintedLength,repos/Time-27f/src/main/java/org/joda/time/format/DateTimeFormatterBuilder.java,TimeZoneOffset,org.joda.time.format
printTo,repos/Time-27f/src/main/java/org/joda/time/format/DateTimeFormatterBuilder.java,TimeZoneOffset,org.joda.time.format
printTo,repos/Time-27f/src/main/java/org/joda/time/format/DateTimeFormatterBuilder.java,TimeZoneOffset,org.joda.time.format
printTo,repos/Time-27f/src/main/java/org/joda/time/format/DateTimeFormatterBuilder.java,TimeZoneOffset,org.joda.time.format
printTo,repos/Time-27f/src/main/java/org/joda/time/format/DateTimeFormatterBuilder.java,TimeZoneOffset,org.joda.time.format
estimateParsedLength,repos/Time-27f/src/main/java/org/joda/time/format/DateTimeFormatterBuilder.java,TimeZoneOffset,org.joda.time.format
parseInto,repos/Time-27f/src/main/java/org/joda/time/format/DateTimeFormatterBuilder.java,TimeZoneOffset,org.joda.time.format
digitCount,repos/Time-27f/src/main/java/org/joda/time/format/DateTimeFormatterBuilder.java,TimeZoneOffset,org.joda.time.format
estimatePrintedLength,repos/Time-27f/src/main/java/org/joda/time/format/DateTimeFormatterBuilder.java,TimeZoneName,org.joda.time.format
printTo,repos/Time-27f/src/main/java/org/joda/time/format/DateTimeFormatterBuilder.java,TimeZoneName,org.joda.time.format
printTo,repos/Time-27f/src/main/java/org/joda/time/format/DateTimeFormatterBuilder.java,TimeZoneName,org.joda.time.format
print,repos/Time-27f/src/main/java/org/joda/time/format/DateTimeFormatterBuilder.java,TimeZoneName,org.joda.time.format
printTo,repos/Time-27f/src/main/java/org/joda/time/format/DateTimeFormatterBuilder.java,TimeZoneName,org.joda.time.format
printTo,repos/Time-27f/src/main/java/org/joda/time/format/DateTimeFormatterBuilder.java,TimeZoneName,org.joda.time.format
estimatePrintedLength,repos/Time-27f/src/main/java/org/joda/time/format/DateTimeFormatterBuilder.java,Composite,org.joda.time.format
printTo,repos/Time-27f/src/main/java/org/joda/time/format/DateTimeFormatterBuilder.java,Composite,org.joda.time.format
printTo,repos/Time-27f/src/main/java/org/joda/time/format/DateTimeFormatterBuilder.java,Composite,org.joda.time.format
printTo,repos/Time-27f/src/main/java/org/joda/time/format/DateTimeFormatterBuilder.java,Composite,org.joda.time.format
printTo,repos/Time-27f/src/main/java/org/joda/time/format/DateTimeFormatterBuilder.java,Composite,org.joda.time.format
estimateParsedLength,repos/Time-27f/src/main/java/org/joda/time/format/DateTimeFormatterBuilder.java,Composite,org.joda.time.format
parseInto,repos/Time-27f/src/main/java/org/joda/time/format/DateTimeFormatterBuilder.java,Composite,org.joda.time.format
isPrinter,repos/Time-27f/src/main/java/org/joda/time/format/DateTimeFormatterBuilder.java,Composite,org.joda.time.format
isParser,repos/Time-27f/src/main/java/org/joda/time/format/DateTimeFormatterBuilder.java,Composite,org.joda.time.format
decompose,repos/Time-27f/src/main/java/org/joda/time/format/DateTimeFormatterBuilder.java,Composite,org.joda.time.format
addArrayToList,repos/Time-27f/src/main/java/org/joda/time/format/DateTimeFormatterBuilder.java,Composite,org.joda.time.format
estimateParsedLength,repos/Time-27f/src/main/java/org/joda/time/format/DateTimeFormatterBuilder.java,MatchingParser,org.joda.time.format
parseInto,repos/Time-27f/src/main/java/org/joda/time/format/DateTimeFormatterBuilder.java,MatchingParser,org.joda.time.format
estimatePrintedLength,repos/Time-27f/src/main/java/org/joda/time/format/DateTimePrinter.java,DateTimePrinter,org.joda.time.format
printTo,repos/Time-27f/src/main/java/org/joda/time/format/DateTimePrinter.java,DateTimePrinter,org.joda.time.format
printTo,repos/Time-27f/src/main/java/org/joda/time/format/DateTimePrinter.java,DateTimePrinter,org.joda.time.format
printTo,repos/Time-27f/src/main/java/org/joda/time/format/DateTimePrinter.java,DateTimePrinter,org.joda.time.format
printTo,repos/Time-27f/src/main/java/org/joda/time/format/DateTimePrinter.java,DateTimePrinter,org.joda.time.format
standard,repos/Time-27f/src/main/java/org/joda/time/format/ISOPeriodFormat.java,ISOPeriodFormat,org.joda.time.format
alternate,repos/Time-27f/src/main/java/org/joda/time/format/ISOPeriodFormat.java,ISOPeriodFormat,org.joda.time.format
alternateExtended,repos/Time-27f/src/main/java/org/joda/time/format/ISOPeriodFormat.java,ISOPeriodFormat,org.joda.time.format
alternateWithWeeks,repos/Time-27f/src/main/java/org/joda/time/format/ISOPeriodFormat.java,ISOPeriodFormat,org.joda.time.format
alternateExtendedWithWeeks,repos/Time-27f/src/main/java/org/joda/time/format/ISOPeriodFormat.java,ISOPeriodFormat,org.joda.time.format
getDefault,repos/Time-27f/src/main/java/org/joda/time/format/PeriodFormat.java,PeriodFormat,org.joda.time.format
wordBased,repos/Time-27f/src/main/java/org/joda/time/format/PeriodFormat.java,PeriodFormat,org.joda.time.format
wordBased,repos/Time-27f/src/main/java/org/joda/time/format/PeriodFormat.java,PeriodFormat,org.joda.time.format
isPrinter,repos/Time-27f/src/main/java/org/joda/time/format/DateTimeFormatter.java,DateTimeFormatter,org.joda.time.format
getPrinter,repos/Time-27f/src/main/java/org/joda/time/format/DateTimeFormatter.java,DateTimeFormatter,org.joda.time.format
isParser,repos/Time-27f/src/main/java/org/joda/time/format/DateTimeFormatter.java,DateTimeFormatter,org.joda.time.format
getParser,repos/Time-27f/src/main/java/org/joda/time/format/DateTimeFormatter.java,DateTimeFormatter,org.joda.time.format
withLocale,repos/Time-27f/src/main/java/org/joda/time/format/DateTimeFormatter.java,DateTimeFormatter,org.joda.time.format
getLocale,repos/Time-27f/src/main/java/org/joda/time/format/DateTimeFormatter.java,DateTimeFormatter,org.joda.time.format
withOffsetParsed,repos/Time-27f/src/main/java/org/joda/time/format/DateTimeFormatter.java,DateTimeFormatter,org.joda.time.format
isOffsetParsed,repos/Time-27f/src/main/java/org/joda/time/format/DateTimeFormatter.java,DateTimeFormatter,org.joda.time.format
withChronology,repos/Time-27f/src/main/java/org/joda/time/format/DateTimeFormatter.java,DateTimeFormatter,org.joda.time.format
getChronology,repos/Time-27f/src/main/java/org/joda/time/format/DateTimeFormatter.java,DateTimeFormatter,org.joda.time.format
getChronolgy,repos/Time-27f/src/main/java/org/joda/time/format/DateTimeFormatter.java,DateTimeFormatter,org.joda.time.format
withZoneUTC,repos/Time-27f/src/main/java/org/joda/time/format/DateTimeFormatter.java,DateTimeFormatter,org.joda.time.format
withZone,repos/Time-27f/src/main/java/org/joda/time/format/DateTimeFormatter.java,DateTimeFormatter,org.joda.time.format
getZone,repos/Time-27f/src/main/java/org/joda/time/format/DateTimeFormatter.java,DateTimeFormatter,org.joda.time.format
withPivotYear,repos/Time-27f/src/main/java/org/joda/time/format/DateTimeFormatter.java,DateTimeFormatter,org.joda.time.format
withPivotYear,repos/Time-27f/src/main/java/org/joda/time/format/DateTimeFormatter.java,DateTimeFormatter,org.joda.time.format
getPivotYear,repos/Time-27f/src/main/java/org/joda/time/format/DateTimeFormatter.java,DateTimeFormatter,org.joda.time.format
printTo,repos/Time-27f/src/main/java/org/joda/time/format/DateTimeFormatter.java,DateTimeFormatter,org.joda.time.format
printTo,repos/Time-27f/src/main/java/org/joda/time/format/DateTimeFormatter.java,DateTimeFormatter,org.joda.time.format
printTo,repos/Time-27f/src/main/java/org/joda/time/format/DateTimeFormatter.java,DateTimeFormatter,org.joda.time.format
printTo,repos/Time-27f/src/main/java/org/joda/time/format/DateTimeFormatter.java,DateTimeFormatter,org.joda.time.format
printTo,repos/Time-27f/src/main/java/org/joda/time/format/DateTimeFormatter.java,DateTimeFormatter,org.joda.time.format
printTo,repos/Time-27f/src/main/java/org/joda/time/format/DateTimeFormatter.java,DateTimeFormatter,org.joda.time.format
printTo,repos/Time-27f/src/main/java/org/joda/time/format/DateTimeFormatter.java,DateTimeFormatter,org.joda.time.format
printTo,repos/Time-27f/src/main/java/org/joda/time/format/DateTimeFormatter.java,DateTimeFormatter,org.joda.time.format
printTo,repos/Time-27f/src/main/java/org/joda/time/format/DateTimeFormatter.java,DateTimeFormatter,org.joda.time.format
print,repos/Time-27f/src/main/java/org/joda/time/format/DateTimeFormatter.java,DateTimeFormatter,org.joda.time.format
print,repos/Time-27f/src/main/java/org/joda/time/format/DateTimeFormatter.java,DateTimeFormatter,org.joda.time.format
print,repos/Time-27f/src/main/java/org/joda/time/format/DateTimeFormatter.java,DateTimeFormatter,org.joda.time.format
printTo,repos/Time-27f/src/main/java/org/joda/time/format/DateTimeFormatter.java,DateTimeFormatter,org.joda.time.format
printTo,repos/Time-27f/src/main/java/org/joda/time/format/DateTimeFormatter.java,DateTimeFormatter,org.joda.time.format
requirePrinter,repos/Time-27f/src/main/java/org/joda/time/format/DateTimeFormatter.java,DateTimeFormatter,org.joda.time.format
parseInto,repos/Time-27f/src/main/java/org/joda/time/format/DateTimeFormatter.java,DateTimeFormatter,org.joda.time.format
parseMillis,repos/Time-27f/src/main/java/org/joda/time/format/DateTimeFormatter.java,DateTimeFormatter,org.joda.time.format
parseLocalDate,repos/Time-27f/src/main/java/org/joda/time/format/DateTimeFormatter.java,DateTimeFormatter,org.joda.time.format
parseLocalTime,repos/Time-27f/src/main/java/org/joda/time/format/DateTimeFormatter.java,DateTimeFormatter,org.joda.time.format
parseLocalDateTime,repos/Time-27f/src/main/java/org/joda/time/format/DateTimeFormatter.java,DateTimeFormatter,org.joda.time.format
parseDateTime,repos/Time-27f/src/main/java/org/joda/time/format/DateTimeFormatter.java,DateTimeFormatter,org.joda.time.format
parseMutableDateTime,repos/Time-27f/src/main/java/org/joda/time/format/DateTimeFormatter.java,DateTimeFormatter,org.joda.time.format
requireParser,repos/Time-27f/src/main/java/org/joda/time/format/DateTimeFormatter.java,DateTimeFormatter,org.joda.time.format
selectChronology,repos/Time-27f/src/main/java/org/joda/time/format/DateTimeFormatter.java,DateTimeFormatter,org.joda.time.format
parseInto,repos/Time-27f/src/main/java/org/joda/time/format/PeriodParser.java,PeriodParser,org.joda.time.format
estimateParsedLength,repos/Time-27f/src/main/java/org/joda/time/format/DateTimeParser.java,DateTimeParser,org.joda.time.format
parseInto,repos/Time-27f/src/main/java/org/joda/time/format/DateTimeParser.java,DateTimeParser,org.joda.time.format
forFields,repos/Time-27f/src/main/java/org/joda/time/format/ISODateTimeFormat.java,ISODateTimeFormat,org.joda.time.format
dateByMonth,repos/Time-27f/src/main/java/org/joda/time/format/ISODateTimeFormat.java,ISODateTimeFormat,org.joda.time.format
dateByOrdinal,repos/Time-27f/src/main/java/org/joda/time/format/ISODateTimeFormat.java,ISODateTimeFormat,org.joda.time.format
dateByWeek,repos/Time-27f/src/main/java/org/joda/time/format/ISODateTimeFormat.java,ISODateTimeFormat,org.joda.time.format
time,repos/Time-27f/src/main/java/org/joda/time/format/ISODateTimeFormat.java,ISODateTimeFormat,org.joda.time.format
checkNotStrictISO,repos/Time-27f/src/main/java/org/joda/time/format/ISODateTimeFormat.java,ISODateTimeFormat,org.joda.time.format
appendSeparator,repos/Time-27f/src/main/java/org/joda/time/format/ISODateTimeFormat.java,ISODateTimeFormat,org.joda.time.format
dateParser,repos/Time-27f/src/main/java/org/joda/time/format/ISODateTimeFormat.java,ISODateTimeFormat,org.joda.time.format
localDateParser,repos/Time-27f/src/main/java/org/joda/time/format/ISODateTimeFormat.java,ISODateTimeFormat,org.joda.time.format
dateElementParser,repos/Time-27f/src/main/java/org/joda/time/format/ISODateTimeFormat.java,ISODateTimeFormat,org.joda.time.format
timeParser,repos/Time-27f/src/main/java/org/joda/time/format/ISODateTimeFormat.java,ISODateTimeFormat,org.joda.time.format
localTimeParser,repos/Time-27f/src/main/java/org/joda/time/format/ISODateTimeFormat.java,ISODateTimeFormat,org.joda.time.format
timeElementParser,repos/Time-27f/src/main/java/org/joda/time/format/ISODateTimeFormat.java,ISODateTimeFormat,org.joda.time.format
dateTimeParser,repos/Time-27f/src/main/java/org/joda/time/format/ISODateTimeFormat.java,ISODateTimeFormat,org.joda.time.format
dateOptionalTimeParser,repos/Time-27f/src/main/java/org/joda/time/format/ISODateTimeFormat.java,ISODateTimeFormat,org.joda.time.format
localDateOptionalTimeParser,repos/Time-27f/src/main/java/org/joda/time/format/ISODateTimeFormat.java,ISODateTimeFormat,org.joda.time.format
date,repos/Time-27f/src/main/java/org/joda/time/format/ISODateTimeFormat.java,ISODateTimeFormat,org.joda.time.format
time,repos/Time-27f/src/main/java/org/joda/time/format/ISODateTimeFormat.java,ISODateTimeFormat,org.joda.time.format
timeNoMillis,repos/Time-27f/src/main/java/org/joda/time/format/ISODateTimeFormat.java,ISODateTimeFormat,org.joda.time.format
tTime,repos/Time-27f/src/main/java/org/joda/time/format/ISODateTimeFormat.java,ISODateTimeFormat,org.joda.time.format
tTimeNoMillis,repos/Time-27f/src/main/java/org/joda/time/format/ISODateTimeFormat.java,ISODateTimeFormat,org.joda.time.format
dateTime,repos/Time-27f/src/main/java/org/joda/time/format/ISODateTimeFormat.java,ISODateTimeFormat,org.joda.time.format
dateTimeNoMillis,repos/Time-27f/src/main/java/org/joda/time/format/ISODateTimeFormat.java,ISODateTimeFormat,org.joda.time.format
ordinalDate,repos/Time-27f/src/main/java/org/joda/time/format/ISODateTimeFormat.java,ISODateTimeFormat,org.joda.time.format
ordinalDateTime,repos/Time-27f/src/main/java/org/joda/time/format/ISODateTimeFormat.java,ISODateTimeFormat,org.joda.time.format
ordinalDateTimeNoMillis,repos/Time-27f/src/main/java/org/joda/time/format/ISODateTimeFormat.java,ISODateTimeFormat,org.joda.time.format
weekDate,repos/Time-27f/src/main/java/org/joda/time/format/ISODateTimeFormat.java,ISODateTimeFormat,org.joda.time.format
weekDateTime,repos/Time-27f/src/main/java/org/joda/time/format/ISODateTimeFormat.java,ISODateTimeFormat,org.joda.time.format
weekDateTimeNoMillis,repos/Time-27f/src/main/java/org/joda/time/format/ISODateTimeFormat.java,ISODateTimeFormat,org.joda.time.format
basicDate,repos/Time-27f/src/main/java/org/joda/time/format/ISODateTimeFormat.java,ISODateTimeFormat,org.joda.time.format
basicTime,repos/Time-27f/src/main/java/org/joda/time/format/ISODateTimeFormat.java,ISODateTimeFormat,org.joda.time.format
basicTimeNoMillis,repos/Time-27f/src/main/java/org/joda/time/format/ISODateTimeFormat.java,ISODateTimeFormat,org.joda.time.format
basicTTime,repos/Time-27f/src/main/java/org/joda/time/format/ISODateTimeFormat.java,ISODateTimeFormat,org.joda.time.format
basicTTimeNoMillis,repos/Time-27f/src/main/java/org/joda/time/format/ISODateTimeFormat.java,ISODateTimeFormat,org.joda.time.format
basicDateTime,repos/Time-27f/src/main/java/org/joda/time/format/ISODateTimeFormat.java,ISODateTimeFormat,org.joda.time.format
basicDateTimeNoMillis,repos/Time-27f/src/main/java/org/joda/time/format/ISODateTimeFormat.java,ISODateTimeFormat,org.joda.time.format
basicOrdinalDate,repos/Time-27f/src/main/java/org/joda/time/format/ISODateTimeFormat.java,ISODateTimeFormat,org.joda.time.format
basicOrdinalDateTime,repos/Time-27f/src/main/java/org/joda/time/format/ISODateTimeFormat.java,ISODateTimeFormat,org.joda.time.format
basicOrdinalDateTimeNoMillis,repos/Time-27f/src/main/java/org/joda/time/format/ISODateTimeFormat.java,ISODateTimeFormat,org.joda.time.format
basicWeekDate,repos/Time-27f/src/main/java/org/joda/time/format/ISODateTimeFormat.java,ISODateTimeFormat,org.joda.time.format
basicWeekDateTime,repos/Time-27f/src/main/java/org/joda/time/format/ISODateTimeFormat.java,ISODateTimeFormat,org.joda.time.format
basicWeekDateTimeNoMillis,repos/Time-27f/src/main/java/org/joda/time/format/ISODateTimeFormat.java,ISODateTimeFormat,org.joda.time.format
year,repos/Time-27f/src/main/java/org/joda/time/format/ISODateTimeFormat.java,ISODateTimeFormat,org.joda.time.format
yearMonth,repos/Time-27f/src/main/java/org/joda/time/format/ISODateTimeFormat.java,ISODateTimeFormat,org.joda.time.format
yearMonthDay,repos/Time-27f/src/main/java/org/joda/time/format/ISODateTimeFormat.java,ISODateTimeFormat,org.joda.time.format
weekyear,repos/Time-27f/src/main/java/org/joda/time/format/ISODateTimeFormat.java,ISODateTimeFormat,org.joda.time.format
weekyearWeek,repos/Time-27f/src/main/java/org/joda/time/format/ISODateTimeFormat.java,ISODateTimeFormat,org.joda.time.format
weekyearWeekDay,repos/Time-27f/src/main/java/org/joda/time/format/ISODateTimeFormat.java,ISODateTimeFormat,org.joda.time.format
hour,repos/Time-27f/src/main/java/org/joda/time/format/ISODateTimeFormat.java,ISODateTimeFormat,org.joda.time.format
hourMinute,repos/Time-27f/src/main/java/org/joda/time/format/ISODateTimeFormat.java,ISODateTimeFormat,org.joda.time.format
hourMinuteSecond,repos/Time-27f/src/main/java/org/joda/time/format/ISODateTimeFormat.java,ISODateTimeFormat,org.joda.time.format
hourMinuteSecondMillis,repos/Time-27f/src/main/java/org/joda/time/format/ISODateTimeFormat.java,ISODateTimeFormat,org.joda.time.format
hourMinuteSecondFraction,repos/Time-27f/src/main/java/org/joda/time/format/ISODateTimeFormat.java,ISODateTimeFormat,org.joda.time.format
dateHour,repos/Time-27f/src/main/java/org/joda/time/format/ISODateTimeFormat.java,ISODateTimeFormat,org.joda.time.format
dateHourMinute,repos/Time-27f/src/main/java/org/joda/time/format/ISODateTimeFormat.java,ISODateTimeFormat,org.joda.time.format
dateHourMinuteSecond,repos/Time-27f/src/main/java/org/joda/time/format/ISODateTimeFormat.java,ISODateTimeFormat,org.joda.time.format
dateHourMinuteSecondMillis,repos/Time-27f/src/main/java/org/joda/time/format/ISODateTimeFormat.java,ISODateTimeFormat,org.joda.time.format
dateHourMinuteSecondFraction,repos/Time-27f/src/main/java/org/joda/time/format/ISODateTimeFormat.java,ISODateTimeFormat,org.joda.time.format
yearElement,repos/Time-27f/src/main/java/org/joda/time/format/ISODateTimeFormat.java,ISODateTimeFormat,org.joda.time.format
monthElement,repos/Time-27f/src/main/java/org/joda/time/format/ISODateTimeFormat.java,ISODateTimeFormat,org.joda.time.format
dayOfMonthElement,repos/Time-27f/src/main/java/org/joda/time/format/ISODateTimeFormat.java,ISODateTimeFormat,org.joda.time.format
weekyearElement,repos/Time-27f/src/main/java/org/joda/time/format/ISODateTimeFormat.java,ISODateTimeFormat,org.joda.time.format
weekElement,repos/Time-27f/src/main/java/org/joda/time/format/ISODateTimeFormat.java,ISODateTimeFormat,org.joda.time.format
dayOfWeekElement,repos/Time-27f/src/main/java/org/joda/time/format/ISODateTimeFormat.java,ISODateTimeFormat,org.joda.time.format
dayOfYearElement,repos/Time-27f/src/main/java/org/joda/time/format/ISODateTimeFormat.java,ISODateTimeFormat,org.joda.time.format
literalTElement,repos/Time-27f/src/main/java/org/joda/time/format/ISODateTimeFormat.java,ISODateTimeFormat,org.joda.time.format
hourElement,repos/Time-27f/src/main/java/org/joda/time/format/ISODateTimeFormat.java,ISODateTimeFormat,org.joda.time.format
minuteElement,repos/Time-27f/src/main/java/org/joda/time/format/ISODateTimeFormat.java,ISODateTimeFormat,org.joda.time.format
secondElement,repos/Time-27f/src/main/java/org/joda/time/format/ISODateTimeFormat.java,ISODateTimeFormat,org.joda.time.format
fractionElement,repos/Time-27f/src/main/java/org/joda/time/format/ISODateTimeFormat.java,ISODateTimeFormat,org.joda.time.format
offsetElement,repos/Time-27f/src/main/java/org/joda/time/format/ISODateTimeFormat.java,ISODateTimeFormat,org.joda.time.format
calculatePrintedLength,repos/Time-27f/src/main/java/org/joda/time/format/PeriodPrinter.java,PeriodPrinter,org.joda.time.format
countFieldsToPrint,repos/Time-27f/src/main/java/org/joda/time/format/PeriodPrinter.java,PeriodPrinter,org.joda.time.format
printTo,repos/Time-27f/src/main/java/org/joda/time/format/PeriodPrinter.java,PeriodPrinter,org.joda.time.format
printTo,repos/Time-27f/src/main/java/org/joda/time/format/PeriodPrinter.java,PeriodPrinter,org.joda.time.format
forPattern,repos/Time-27f/src/main/java/org/joda/time/format/DateTimeFormat.java,DateTimeFormat,org.joda.time.format
forStyle,repos/Time-27f/src/main/java/org/joda/time/format/DateTimeFormat.java,DateTimeFormat,org.joda.time.format
patternForStyle,repos/Time-27f/src/main/java/org/joda/time/format/DateTimeFormat.java,DateTimeFormat,org.joda.time.format
shortDate,repos/Time-27f/src/main/java/org/joda/time/format/DateTimeFormat.java,DateTimeFormat,org.joda.time.format
shortTime,repos/Time-27f/src/main/java/org/joda/time/format/DateTimeFormat.java,DateTimeFormat,org.joda.time.format
shortDateTime,repos/Time-27f/src/main/java/org/joda/time/format/DateTimeFormat.java,DateTimeFormat,org.joda.time.format
mediumDate,repos/Time-27f/src/main/java/org/joda/time/format/DateTimeFormat.java,DateTimeFormat,org.joda.time.format
mediumTime,repos/Time-27f/src/main/java/org/joda/time/format/DateTimeFormat.java,DateTimeFormat,org.joda.time.format
mediumDateTime,repos/Time-27f/src/main/java/org/joda/time/format/DateTimeFormat.java,DateTimeFormat,org.joda.time.format
longDate,repos/Time-27f/src/main/java/org/joda/time/format/DateTimeFormat.java,DateTimeFormat,org.joda.time.format
longTime,repos/Time-27f/src/main/java/org/joda/time/format/DateTimeFormat.java,DateTimeFormat,org.joda.time.format
longDateTime,repos/Time-27f/src/main/java/org/joda/time/format/DateTimeFormat.java,DateTimeFormat,org.joda.time.format
fullDate,repos/Time-27f/src/main/java/org/joda/time/format/DateTimeFormat.java,DateTimeFormat,org.joda.time.format
fullTime,repos/Time-27f/src/main/java/org/joda/time/format/DateTimeFormat.java,DateTimeFormat,org.joda.time.format
fullDateTime,repos/Time-27f/src/main/java/org/joda/time/format/DateTimeFormat.java,DateTimeFormat,org.joda.time.format
appendPatternTo,repos/Time-27f/src/main/java/org/joda/time/format/DateTimeFormat.java,DateTimeFormat,org.joda.time.format
parsePatternTo,repos/Time-27f/src/main/java/org/joda/time/format/DateTimeFormat.java,DateTimeFormat,org.joda.time.format
parseToken,repos/Time-27f/src/main/java/org/joda/time/format/DateTimeFormat.java,DateTimeFormat,org.joda.time.format
isNumericToken,repos/Time-27f/src/main/java/org/joda/time/format/DateTimeFormat.java,DateTimeFormat,org.joda.time.format
createFormatterForPattern,repos/Time-27f/src/main/java/org/joda/time/format/DateTimeFormat.java,DateTimeFormat,org.joda.time.format
createFormatterForStyle,repos/Time-27f/src/main/java/org/joda/time/format/DateTimeFormat.java,DateTimeFormat,org.joda.time.format
createFormatterForStyleIndex,repos/Time-27f/src/main/java/org/joda/time/format/DateTimeFormat.java,DateTimeFormat,org.joda.time.format
selectStyle,repos/Time-27f/src/main/java/org/joda/time/format/DateTimeFormat.java,DateTimeFormat,org.joda.time.format
estimatePrintedLength,repos/Time-27f/src/main/java/org/joda/time/format/DateTimeFormat.java,DateTimeFormat,org.joda.time.format
printTo,repos/Time-27f/src/main/java/org/joda/time/format/DateTimeFormat.java,DateTimeFormat,org.joda.time.format
printTo,repos/Time-27f/src/main/java/org/joda/time/format/DateTimeFormat.java,DateTimeFormat,org.joda.time.format
printTo,repos/Time-27f/src/main/java/org/joda/time/format/DateTimeFormat.java,DateTimeFormat,org.joda.time.format
printTo,repos/Time-27f/src/main/java/org/joda/time/format/DateTimeFormat.java,DateTimeFormat,org.joda.time.format
estimateParsedLength,repos/Time-27f/src/main/java/org/joda/time/format/DateTimeFormat.java,DateTimeFormat,org.joda.time.format
parseInto,repos/Time-27f/src/main/java/org/joda/time/format/DateTimeFormat.java,DateTimeFormat,org.joda.time.format
getFormatter,repos/Time-27f/src/main/java/org/joda/time/format/DateTimeFormat.java,DateTimeFormat,org.joda.time.format
getPattern,repos/Time-27f/src/main/java/org/joda/time/format/DateTimeFormat.java,DateTimeFormat,org.joda.time.format
estimatePrintedLength,repos/Time-27f/src/main/java/org/joda/time/format/DateTimeFormat.java,StyleFormatter,org.joda.time.format
printTo,repos/Time-27f/src/main/java/org/joda/time/format/DateTimeFormat.java,StyleFormatter,org.joda.time.format
printTo,repos/Time-27f/src/main/java/org/joda/time/format/DateTimeFormat.java,StyleFormatter,org.joda.time.format
printTo,repos/Time-27f/src/main/java/org/joda/time/format/DateTimeFormat.java,StyleFormatter,org.joda.time.format
printTo,repos/Time-27f/src/main/java/org/joda/time/format/DateTimeFormat.java,StyleFormatter,org.joda.time.format
estimateParsedLength,repos/Time-27f/src/main/java/org/joda/time/format/DateTimeFormat.java,StyleFormatter,org.joda.time.format
parseInto,repos/Time-27f/src/main/java/org/joda/time/format/DateTimeFormat.java,StyleFormatter,org.joda.time.format
getFormatter,repos/Time-27f/src/main/java/org/joda/time/format/DateTimeFormat.java,StyleFormatter,org.joda.time.format
getPattern,repos/Time-27f/src/main/java/org/joda/time/format/DateTimeFormat.java,StyleFormatter,org.joda.time.format
isPrinter,repos/Time-27f/src/main/java/org/joda/time/format/PeriodFormatter.java,PeriodFormatter,org.joda.time.format
getPrinter,repos/Time-27f/src/main/java/org/joda/time/format/PeriodFormatter.java,PeriodFormatter,org.joda.time.format
isParser,repos/Time-27f/src/main/java/org/joda/time/format/PeriodFormatter.java,PeriodFormatter,org.joda.time.format
getParser,repos/Time-27f/src/main/java/org/joda/time/format/PeriodFormatter.java,PeriodFormatter,org.joda.time.format
withLocale,repos/Time-27f/src/main/java/org/joda/time/format/PeriodFormatter.java,PeriodFormatter,org.joda.time.format
getLocale,repos/Time-27f/src/main/java/org/joda/time/format/PeriodFormatter.java,PeriodFormatter,org.joda.time.format
withParseType,repos/Time-27f/src/main/java/org/joda/time/format/PeriodFormatter.java,PeriodFormatter,org.joda.time.format
getParseType,repos/Time-27f/src/main/java/org/joda/time/format/PeriodFormatter.java,PeriodFormatter,org.joda.time.format
printTo,repos/Time-27f/src/main/java/org/joda/time/format/PeriodFormatter.java,PeriodFormatter,org.joda.time.format
printTo,repos/Time-27f/src/main/java/org/joda/time/format/PeriodFormatter.java,PeriodFormatter,org.joda.time.format
print,repos/Time-27f/src/main/java/org/joda/time/format/PeriodFormatter.java,PeriodFormatter,org.joda.time.format
checkPrinter,repos/Time-27f/src/main/java/org/joda/time/format/PeriodFormatter.java,PeriodFormatter,org.joda.time.format
checkPeriod,repos/Time-27f/src/main/java/org/joda/time/format/PeriodFormatter.java,PeriodFormatter,org.joda.time.format
parseInto,repos/Time-27f/src/main/java/org/joda/time/format/PeriodFormatter.java,PeriodFormatter,org.joda.time.format
parsePeriod,repos/Time-27f/src/main/java/org/joda/time/format/PeriodFormatter.java,PeriodFormatter,org.joda.time.format
parseMutablePeriod,repos/Time-27f/src/main/java/org/joda/time/format/PeriodFormatter.java,PeriodFormatter,org.joda.time.format
checkParser,repos/Time-27f/src/main/java/org/joda/time/format/PeriodFormatter.java,PeriodFormatter,org.joda.time.format
setYear,repos/Time-27f/src/main/java/org/joda/time/ReadWritableDateTime.java,ReadWritableDateTime,org.joda.time
addYears,repos/Time-27f/src/main/java/org/joda/time/ReadWritableDateTime.java,ReadWritableDateTime,org.joda.time
setWeekyear,repos/Time-27f/src/main/java/org/joda/time/ReadWritableDateTime.java,ReadWritableDateTime,org.joda.time
addWeekyears,repos/Time-27f/src/main/java/org/joda/time/ReadWritableDateTime.java,ReadWritableDateTime,org.joda.time
setMonthOfYear,repos/Time-27f/src/main/java/org/joda/time/ReadWritableDateTime.java,ReadWritableDateTime,org.joda.time
addMonths,repos/Time-27f/src/main/java/org/joda/time/ReadWritableDateTime.java,ReadWritableDateTime,org.joda.time
setWeekOfWeekyear,repos/Time-27f/src/main/java/org/joda/time/ReadWritableDateTime.java,ReadWritableDateTime,org.joda.time
addWeeks,repos/Time-27f/src/main/java/org/joda/time/ReadWritableDateTime.java,ReadWritableDateTime,org.joda.time
setDayOfYear,repos/Time-27f/src/main/java/org/joda/time/ReadWritableDateTime.java,ReadWritableDateTime,org.joda.time
setDayOfMonth,repos/Time-27f/src/main/java/org/joda/time/ReadWritableDateTime.java,ReadWritableDateTime,org.joda.time
setDayOfWeek,repos/Time-27f/src/main/java/org/joda/time/ReadWritableDateTime.java,ReadWritableDateTime,org.joda.time
addDays,repos/Time-27f/src/main/java/org/joda/time/ReadWritableDateTime.java,ReadWritableDateTime,org.joda.time
setHourOfDay,repos/Time-27f/src/main/java/org/joda/time/ReadWritableDateTime.java,ReadWritableDateTime,org.joda.time
addHours,repos/Time-27f/src/main/java/org/joda/time/ReadWritableDateTime.java,ReadWritableDateTime,org.joda.time
setMinuteOfDay,repos/Time-27f/src/main/java/org/joda/time/ReadWritableDateTime.java,ReadWritableDateTime,org.joda.time
setMinuteOfHour,repos/Time-27f/src/main/java/org/joda/time/ReadWritableDateTime.java,ReadWritableDateTime,org.joda.time
addMinutes,repos/Time-27f/src/main/java/org/joda/time/ReadWritableDateTime.java,ReadWritableDateTime,org.joda.time
setSecondOfDay,repos/Time-27f/src/main/java/org/joda/time/ReadWritableDateTime.java,ReadWritableDateTime,org.joda.time
setSecondOfMinute,repos/Time-27f/src/main/java/org/joda/time/ReadWritableDateTime.java,ReadWritableDateTime,org.joda.time
addSeconds,repos/Time-27f/src/main/java/org/joda/time/ReadWritableDateTime.java,ReadWritableDateTime,org.joda.time
setMillisOfDay,repos/Time-27f/src/main/java/org/joda/time/ReadWritableDateTime.java,ReadWritableDateTime,org.joda.time
setMillisOfSecond,repos/Time-27f/src/main/java/org/joda/time/ReadWritableDateTime.java,ReadWritableDateTime,org.joda.time
addMillis,repos/Time-27f/src/main/java/org/joda/time/ReadWritableDateTime.java,ReadWritableDateTime,org.joda.time
setDate,repos/Time-27f/src/main/java/org/joda/time/ReadWritableDateTime.java,ReadWritableDateTime,org.joda.time
setTime,repos/Time-27f/src/main/java/org/joda/time/ReadWritableDateTime.java,ReadWritableDateTime,org.joda.time
setDateTime,repos/Time-27f/src/main/java/org/joda/time/ReadWritableDateTime.java,ReadWritableDateTime,org.joda.time
setMillis,repos/Time-27f/src/main/java/org/joda/time/ReadWritableInstant.java,ReadWritableInstant,org.joda.time
setMillis,repos/Time-27f/src/main/java/org/joda/time/ReadWritableInstant.java,ReadWritableInstant,org.joda.time
setChronology,repos/Time-27f/src/main/java/org/joda/time/ReadWritableInstant.java,ReadWritableInstant,org.joda.time
setZone,repos/Time-27f/src/main/java/org/joda/time/ReadWritableInstant.java,ReadWritableInstant,org.joda.time
setZoneRetainFields,repos/Time-27f/src/main/java/org/joda/time/ReadWritableInstant.java,ReadWritableInstant,org.joda.time
add,repos/Time-27f/src/main/java/org/joda/time/ReadWritableInstant.java,ReadWritableInstant,org.joda.time
add,repos/Time-27f/src/main/java/org/joda/time/ReadWritableInstant.java,ReadWritableInstant,org.joda.time
add,repos/Time-27f/src/main/java/org/joda/time/ReadWritableInstant.java,ReadWritableInstant,org.joda.time
add,repos/Time-27f/src/main/java/org/joda/time/ReadWritableInstant.java,ReadWritableInstant,org.joda.time
add,repos/Time-27f/src/main/java/org/joda/time/ReadWritableInstant.java,ReadWritableInstant,org.joda.time
set,repos/Time-27f/src/main/java/org/joda/time/ReadWritableInstant.java,ReadWritableInstant,org.joda.time
add,repos/Time-27f/src/main/java/org/joda/time/ReadWritableInstant.java,ReadWritableInstant,org.joda.time
createMessage,repos/Time-27f/src/main/java/org/joda/time/IllegalFieldValueException.java,IllegalFieldValueException,org.joda.time
createMessage,repos/Time-27f/src/main/java/org/joda/time/IllegalFieldValueException.java,IllegalFieldValueException,org.joda.time
getDateTimeFieldType,repos/Time-27f/src/main/java/org/joda/time/IllegalFieldValueException.java,IllegalFieldValueException,org.joda.time
getDurationFieldType,repos/Time-27f/src/main/java/org/joda/time/IllegalFieldValueException.java,IllegalFieldValueException,org.joda.time
getFieldName,repos/Time-27f/src/main/java/org/joda/time/IllegalFieldValueException.java,IllegalFieldValueException,org.joda.time
getIllegalNumberValue,repos/Time-27f/src/main/java/org/joda/time/IllegalFieldValueException.java,IllegalFieldValueException,org.joda.time
getIllegalStringValue,repos/Time-27f/src/main/java/org/joda/time/IllegalFieldValueException.java,IllegalFieldValueException,org.joda.time
getIllegalValueAsString,repos/Time-27f/src/main/java/org/joda/time/IllegalFieldValueException.java,IllegalFieldValueException,org.joda.time
getLowerBound,repos/Time-27f/src/main/java/org/joda/time/IllegalFieldValueException.java,IllegalFieldValueException,org.joda.time
getUpperBound,repos/Time-27f/src/main/java/org/joda/time/IllegalFieldValueException.java,IllegalFieldValueException,org.joda.time
prependMessage,repos/Time-27f/src/main/java/org/joda/time/IllegalFieldValueException.java,IllegalFieldValueException,org.joda.time
millis,repos/Time-27f/src/main/java/org/joda/time/DurationFieldType.java,DurationFieldType,org.joda.time
seconds,repos/Time-27f/src/main/java/org/joda/time/DurationFieldType.java,DurationFieldType,org.joda.time
minutes,repos/Time-27f/src/main/java/org/joda/time/DurationFieldType.java,DurationFieldType,org.joda.time
hours,repos/Time-27f/src/main/java/org/joda/time/DurationFieldType.java,DurationFieldType,org.joda.time
halfdays,repos/Time-27f/src/main/java/org/joda/time/DurationFieldType.java,DurationFieldType,org.joda.time
days,repos/Time-27f/src/main/java/org/joda/time/DurationFieldType.java,DurationFieldType,org.joda.time
weeks,repos/Time-27f/src/main/java/org/joda/time/DurationFieldType.java,DurationFieldType,org.joda.time
weekyears,repos/Time-27f/src/main/java/org/joda/time/DurationFieldType.java,DurationFieldType,org.joda.time
months,repos/Time-27f/src/main/java/org/joda/time/DurationFieldType.java,DurationFieldType,org.joda.time
years,repos/Time-27f/src/main/java/org/joda/time/DurationFieldType.java,DurationFieldType,org.joda.time
centuries,repos/Time-27f/src/main/java/org/joda/time/DurationFieldType.java,DurationFieldType,org.joda.time
eras,repos/Time-27f/src/main/java/org/joda/time/DurationFieldType.java,DurationFieldType,org.joda.time
getName,repos/Time-27f/src/main/java/org/joda/time/DurationFieldType.java,DurationFieldType,org.joda.time
getField,repos/Time-27f/src/main/java/org/joda/time/DurationFieldType.java,DurationFieldType,org.joda.time
isSupported,repos/Time-27f/src/main/java/org/joda/time/DurationFieldType.java,DurationFieldType,org.joda.time
getField,repos/Time-27f/src/main/java/org/joda/time/DurationFieldType.java,DurationFieldType,org.joda.time
readResolve,repos/Time-27f/src/main/java/org/joda/time/DurationFieldType.java,DurationFieldType,org.joda.time
getField,repos/Time-27f/src/main/java/org/joda/time/DurationFieldType.java,StandardDurationFieldType,org.joda.time
readResolve,repos/Time-27f/src/main/java/org/joda/time/DurationFieldType.java,StandardDurationFieldType,org.joda.time
toDateTime,repos/Time-27f/src/main/java/org/joda/time/DateTime.java,DateTime,org.joda.time
toDateTimeISO,repos/Time-27f/src/main/java/org/joda/time/DateTime.java,DateTime,org.joda.time
toDateTime,repos/Time-27f/src/main/java/org/joda/time/DateTime.java,DateTime,org.joda.time
toDateTime,repos/Time-27f/src/main/java/org/joda/time/DateTime.java,DateTime,org.joda.time
withMillis,repos/Time-27f/src/main/java/org/joda/time/DateTime.java,DateTime,org.joda.time
withChronology,repos/Time-27f/src/main/java/org/joda/time/DateTime.java,DateTime,org.joda.time
withZone,repos/Time-27f/src/main/java/org/joda/time/DateTime.java,DateTime,org.joda.time
withZoneRetainFields,repos/Time-27f/src/main/java/org/joda/time/DateTime.java,DateTime,org.joda.time
withDate,repos/Time-27f/src/main/java/org/joda/time/DateTime.java,DateTime,org.joda.time
withTime,repos/Time-27f/src/main/java/org/joda/time/DateTime.java,DateTime,org.joda.time
withFields,repos/Time-27f/src/main/java/org/joda/time/DateTime.java,DateTime,org.joda.time
withField,repos/Time-27f/src/main/java/org/joda/time/DateTime.java,DateTime,org.joda.time
withFieldAdded,repos/Time-27f/src/main/java/org/joda/time/DateTime.java,DateTime,org.joda.time
withDurationAdded,repos/Time-27f/src/main/java/org/joda/time/DateTime.java,DateTime,org.joda.time
withDurationAdded,repos/Time-27f/src/main/java/org/joda/time/DateTime.java,DateTime,org.joda.time
withPeriodAdded,repos/Time-27f/src/main/java/org/joda/time/DateTime.java,DateTime,org.joda.time
plus,repos/Time-27f/src/main/java/org/joda/time/DateTime.java,DateTime,org.joda.time
plus,repos/Time-27f/src/main/java/org/joda/time/DateTime.java,DateTime,org.joda.time
plus,repos/Time-27f/src/main/java/org/joda/time/DateTime.java,DateTime,org.joda.time
plusYears,repos/Time-27f/src/main/java/org/joda/time/DateTime.java,DateTime,org.joda.time
plusMonths,repos/Time-27f/src/main/java/org/joda/time/DateTime.java,DateTime,org.joda.time
plusWeeks,repos/Time-27f/src/main/java/org/joda/time/DateTime.java,DateTime,org.joda.time
plusDays,repos/Time-27f/src/main/java/org/joda/time/DateTime.java,DateTime,org.joda.time
plusHours,repos/Time-27f/src/main/java/org/joda/time/DateTime.java,DateTime,org.joda.time
plusMinutes,repos/Time-27f/src/main/java/org/joda/time/DateTime.java,DateTime,org.joda.time
plusSeconds,repos/Time-27f/src/main/java/org/joda/time/DateTime.java,DateTime,org.joda.time
plusMillis,repos/Time-27f/src/main/java/org/joda/time/DateTime.java,DateTime,org.joda.time
minus,repos/Time-27f/src/main/java/org/joda/time/DateTime.java,DateTime,org.joda.time
minus,repos/Time-27f/src/main/java/org/joda/time/DateTime.java,DateTime,org.joda.time
minus,repos/Time-27f/src/main/java/org/joda/time/DateTime.java,DateTime,org.joda.time
minusYears,repos/Time-27f/src/main/java/org/joda/time/DateTime.java,DateTime,org.joda.time
minusMonths,repos/Time-27f/src/main/java/org/joda/time/DateTime.java,DateTime,org.joda.time
minusWeeks,repos/Time-27f/src/main/java/org/joda/time/DateTime.java,DateTime,org.joda.time
minusDays,repos/Time-27f/src/main/java/org/joda/time/DateTime.java,DateTime,org.joda.time
minusHours,repos/Time-27f/src/main/java/org/joda/time/DateTime.java,DateTime,org.joda.time
minusMinutes,repos/Time-27f/src/main/java/org/joda/time/DateTime.java,DateTime,org.joda.time
minusSeconds,repos/Time-27f/src/main/java/org/joda/time/DateTime.java,DateTime,org.joda.time
minusMillis,repos/Time-27f/src/main/java/org/joda/time/DateTime.java,DateTime,org.joda.time
property,repos/Time-27f/src/main/java/org/joda/time/DateTime.java,DateTime,org.joda.time
toDateMidnight,repos/Time-27f/src/main/java/org/joda/time/DateTime.java,DateTime,org.joda.time
toYearMonthDay,repos/Time-27f/src/main/java/org/joda/time/DateTime.java,DateTime,org.joda.time
toTimeOfDay,repos/Time-27f/src/main/java/org/joda/time/DateTime.java,DateTime,org.joda.time
toLocalDateTime,repos/Time-27f/src/main/java/org/joda/time/DateTime.java,DateTime,org.joda.time
toLocalDate,repos/Time-27f/src/main/java/org/joda/time/DateTime.java,DateTime,org.joda.time
toLocalTime,repos/Time-27f/src/main/java/org/joda/time/DateTime.java,DateTime,org.joda.time
withEra,repos/Time-27f/src/main/java/org/joda/time/DateTime.java,DateTime,org.joda.time
withCenturyOfEra,repos/Time-27f/src/main/java/org/joda/time/DateTime.java,DateTime,org.joda.time
withYearOfEra,repos/Time-27f/src/main/java/org/joda/time/DateTime.java,DateTime,org.joda.time
withYearOfCentury,repos/Time-27f/src/main/java/org/joda/time/DateTime.java,DateTime,org.joda.time
withYear,repos/Time-27f/src/main/java/org/joda/time/DateTime.java,DateTime,org.joda.time
withWeekyear,repos/Time-27f/src/main/java/org/joda/time/DateTime.java,DateTime,org.joda.time
withMonthOfYear,repos/Time-27f/src/main/java/org/joda/time/DateTime.java,DateTime,org.joda.time
withWeekOfWeekyear,repos/Time-27f/src/main/java/org/joda/time/DateTime.java,DateTime,org.joda.time
withDayOfYear,repos/Time-27f/src/main/java/org/joda/time/DateTime.java,DateTime,org.joda.time
withDayOfMonth,repos/Time-27f/src/main/java/org/joda/time/DateTime.java,DateTime,org.joda.time
withDayOfWeek,repos/Time-27f/src/main/java/org/joda/time/DateTime.java,DateTime,org.joda.time
withHourOfDay,repos/Time-27f/src/main/java/org/joda/time/DateTime.java,DateTime,org.joda.time
withMinuteOfHour,repos/Time-27f/src/main/java/org/joda/time/DateTime.java,DateTime,org.joda.time
withSecondOfMinute,repos/Time-27f/src/main/java/org/joda/time/DateTime.java,DateTime,org.joda.time
withMillisOfSecond,repos/Time-27f/src/main/java/org/joda/time/DateTime.java,DateTime,org.joda.time
withMillisOfDay,repos/Time-27f/src/main/java/org/joda/time/DateTime.java,DateTime,org.joda.time
era,repos/Time-27f/src/main/java/org/joda/time/DateTime.java,DateTime,org.joda.time
centuryOfEra,repos/Time-27f/src/main/java/org/joda/time/DateTime.java,DateTime,org.joda.time
yearOfCentury,repos/Time-27f/src/main/java/org/joda/time/DateTime.java,DateTime,org.joda.time
yearOfEra,repos/Time-27f/src/main/java/org/joda/time/DateTime.java,DateTime,org.joda.time
year,repos/Time-27f/src/main/java/org/joda/time/DateTime.java,DateTime,org.joda.time
weekyear,repos/Time-27f/src/main/java/org/joda/time/DateTime.java,DateTime,org.joda.time
monthOfYear,repos/Time-27f/src/main/java/org/joda/time/DateTime.java,DateTime,org.joda.time
weekOfWeekyear,repos/Time-27f/src/main/java/org/joda/time/DateTime.java,DateTime,org.joda.time
dayOfYear,repos/Time-27f/src/main/java/org/joda/time/DateTime.java,DateTime,org.joda.time
dayOfMonth,repos/Time-27f/src/main/java/org/joda/time/DateTime.java,DateTime,org.joda.time
dayOfWeek,repos/Time-27f/src/main/java/org/joda/time/DateTime.java,DateTime,org.joda.time
hourOfDay,repos/Time-27f/src/main/java/org/joda/time/DateTime.java,DateTime,org.joda.time
minuteOfDay,repos/Time-27f/src/main/java/org/joda/time/DateTime.java,DateTime,org.joda.time
minuteOfHour,repos/Time-27f/src/main/java/org/joda/time/DateTime.java,DateTime,org.joda.time
secondOfDay,repos/Time-27f/src/main/java/org/joda/time/DateTime.java,DateTime,org.joda.time
secondOfMinute,repos/Time-27f/src/main/java/org/joda/time/DateTime.java,DateTime,org.joda.time
millisOfDay,repos/Time-27f/src/main/java/org/joda/time/DateTime.java,DateTime,org.joda.time
millisOfSecond,repos/Time-27f/src/main/java/org/joda/time/DateTime.java,DateTime,org.joda.time
writeObject,repos/Time-27f/src/main/java/org/joda/time/DateTime.java,DateTime,org.joda.time
readObject,repos/Time-27f/src/main/java/org/joda/time/DateTime.java,DateTime,org.joda.time
getField,repos/Time-27f/src/main/java/org/joda/time/DateTime.java,DateTime,org.joda.time
getMillis,repos/Time-27f/src/main/java/org/joda/time/DateTime.java,DateTime,org.joda.time
getChronology,repos/Time-27f/src/main/java/org/joda/time/DateTime.java,DateTime,org.joda.time
getDateTime,repos/Time-27f/src/main/java/org/joda/time/DateTime.java,DateTime,org.joda.time
addToCopy,repos/Time-27f/src/main/java/org/joda/time/DateTime.java,DateTime,org.joda.time
addToCopy,repos/Time-27f/src/main/java/org/joda/time/DateTime.java,DateTime,org.joda.time
addWrapFieldToCopy,repos/Time-27f/src/main/java/org/joda/time/DateTime.java,DateTime,org.joda.time
setCopy,repos/Time-27f/src/main/java/org/joda/time/DateTime.java,DateTime,org.joda.time
setCopy,repos/Time-27f/src/main/java/org/joda/time/DateTime.java,DateTime,org.joda.time
setCopy,repos/Time-27f/src/main/java/org/joda/time/DateTime.java,DateTime,org.joda.time
withMaximumValue,repos/Time-27f/src/main/java/org/joda/time/DateTime.java,DateTime,org.joda.time
withMinimumValue,repos/Time-27f/src/main/java/org/joda/time/DateTime.java,DateTime,org.joda.time
roundFloorCopy,repos/Time-27f/src/main/java/org/joda/time/DateTime.java,DateTime,org.joda.time
roundCeilingCopy,repos/Time-27f/src/main/java/org/joda/time/DateTime.java,DateTime,org.joda.time
roundHalfFloorCopy,repos/Time-27f/src/main/java/org/joda/time/DateTime.java,DateTime,org.joda.time
roundHalfCeilingCopy,repos/Time-27f/src/main/java/org/joda/time/DateTime.java,DateTime,org.joda.time
roundHalfEvenCopy,repos/Time-27f/src/main/java/org/joda/time/DateTime.java,DateTime,org.joda.time
writeObject,repos/Time-27f/src/main/java/org/joda/time/DateTime.java,Property,org.joda.time
readObject,repos/Time-27f/src/main/java/org/joda/time/DateTime.java,Property,org.joda.time
getField,repos/Time-27f/src/main/java/org/joda/time/DateTime.java,Property,org.joda.time
getMillis,repos/Time-27f/src/main/java/org/joda/time/DateTime.java,Property,org.joda.time
getChronology,repos/Time-27f/src/main/java/org/joda/time/DateTime.java,Property,org.joda.time
getDateTime,repos/Time-27f/src/main/java/org/joda/time/DateTime.java,Property,org.joda.time
addToCopy,repos/Time-27f/src/main/java/org/joda/time/DateTime.java,Property,org.joda.time
addToCopy,repos/Time-27f/src/main/java/org/joda/time/DateTime.java,Property,org.joda.time
addWrapFieldToCopy,repos/Time-27f/src/main/java/org/joda/time/DateTime.java,Property,org.joda.time
setCopy,repos/Time-27f/src/main/java/org/joda/time/DateTime.java,Property,org.joda.time
setCopy,repos/Time-27f/src/main/java/org/joda/time/DateTime.java,Property,org.joda.time
setCopy,repos/Time-27f/src/main/java/org/joda/time/DateTime.java,Property,org.joda.time
withMaximumValue,repos/Time-27f/src/main/java/org/joda/time/DateTime.java,Property,org.joda.time
withMinimumValue,repos/Time-27f/src/main/java/org/joda/time/DateTime.java,Property,org.joda.time
roundFloorCopy,repos/Time-27f/src/main/java/org/joda/time/DateTime.java,Property,org.joda.time
roundCeilingCopy,repos/Time-27f/src/main/java/org/joda/time/DateTime.java,Property,org.joda.time
roundHalfFloorCopy,repos/Time-27f/src/main/java/org/joda/time/DateTime.java,Property,org.joda.time
roundHalfCeilingCopy,repos/Time-27f/src/main/java/org/joda/time/DateTime.java,Property,org.joda.time
roundHalfEvenCopy,repos/Time-27f/src/main/java/org/joda/time/DateTime.java,Property,org.joda.time
years,repos/Time-27f/src/main/java/org/joda/time/Years.java,Years,org.joda.time
yearsBetween,repos/Time-27f/src/main/java/org/joda/time/Years.java,Years,org.joda.time
yearsBetween,repos/Time-27f/src/main/java/org/joda/time/Years.java,Years,org.joda.time
yearsIn,repos/Time-27f/src/main/java/org/joda/time/Years.java,Years,org.joda.time
parseYears,repos/Time-27f/src/main/java/org/joda/time/Years.java,Years,org.joda.time
readResolve,repos/Time-27f/src/main/java/org/joda/time/Years.java,Years,org.joda.time
getFieldType,repos/Time-27f/src/main/java/org/joda/time/Years.java,Years,org.joda.time
getPeriodType,repos/Time-27f/src/main/java/org/joda/time/Years.java,Years,org.joda.time
getYears,repos/Time-27f/src/main/java/org/joda/time/Years.java,Years,org.joda.time
plus,repos/Time-27f/src/main/java/org/joda/time/Years.java,Years,org.joda.time
plus,repos/Time-27f/src/main/java/org/joda/time/Years.java,Years,org.joda.time
minus,repos/Time-27f/src/main/java/org/joda/time/Years.java,Years,org.joda.time
minus,repos/Time-27f/src/main/java/org/joda/time/Years.java,Years,org.joda.time
multipliedBy,repos/Time-27f/src/main/java/org/joda/time/Years.java,Years,org.joda.time
dividedBy,repos/Time-27f/src/main/java/org/joda/time/Years.java,Years,org.joda.time
negated,repos/Time-27f/src/main/java/org/joda/time/Years.java,Years,org.joda.time
isGreaterThan,repos/Time-27f/src/main/java/org/joda/time/Years.java,Years,org.joda.time
isLessThan,repos/Time-27f/src/main/java/org/joda/time/Years.java,Years,org.joda.time
toString,repos/Time-27f/src/main/java/org/joda/time/Years.java,Years,org.joda.time
verbose,repos/Time-27f/src/main/java/org/joda/time/tz/ZoneInfoCompiler.java,ZoneInfoCompiler,org.joda.time.tz
main,repos/Time-27f/src/main/java/org/joda/time/tz/ZoneInfoCompiler.java,ZoneInfoCompiler,org.joda.time.tz
printUsage,repos/Time-27f/src/main/java/org/joda/time/tz/ZoneInfoCompiler.java,ZoneInfoCompiler,org.joda.time.tz
getStartOfYear,repos/Time-27f/src/main/java/org/joda/time/tz/ZoneInfoCompiler.java,ZoneInfoCompiler,org.joda.time.tz
getLenientISOChronology,repos/Time-27f/src/main/java/org/joda/time/tz/ZoneInfoCompiler.java,ZoneInfoCompiler,org.joda.time.tz
writeZoneInfoMap,repos/Time-27f/src/main/java/org/joda/time/tz/ZoneInfoCompiler.java,ZoneInfoCompiler,org.joda.time.tz
parseYear,repos/Time-27f/src/main/java/org/joda/time/tz/ZoneInfoCompiler.java,ZoneInfoCompiler,org.joda.time.tz
parseMonth,repos/Time-27f/src/main/java/org/joda/time/tz/ZoneInfoCompiler.java,ZoneInfoCompiler,org.joda.time.tz
parseDayOfWeek,repos/Time-27f/src/main/java/org/joda/time/tz/ZoneInfoCompiler.java,ZoneInfoCompiler,org.joda.time.tz
parseOptional,repos/Time-27f/src/main/java/org/joda/time/tz/ZoneInfoCompiler.java,ZoneInfoCompiler,org.joda.time.tz
parseTime,repos/Time-27f/src/main/java/org/joda/time/tz/ZoneInfoCompiler.java,ZoneInfoCompiler,org.joda.time.tz
parseZoneChar,repos/Time-27f/src/main/java/org/joda/time/tz/ZoneInfoCompiler.java,ZoneInfoCompiler,org.joda.time.tz
test,repos/Time-27f/src/main/java/org/joda/time/tz/ZoneInfoCompiler.java,ZoneInfoCompiler,org.joda.time.tz
compile,repos/Time-27f/src/main/java/org/joda/time/tz/ZoneInfoCompiler.java,ZoneInfoCompiler,org.joda.time.tz
parseDataFile,repos/Time-27f/src/main/java/org/joda/time/tz/ZoneInfoCompiler.java,ZoneInfoCompiler,org.joda.time.tz
addRecurring,repos/Time-27f/src/main/java/org/joda/time/tz/ZoneInfoCompiler.java,ZoneInfoCompiler,org.joda.time.tz
addCutover,repos/Time-27f/src/main/java/org/joda/time/tz/ZoneInfoCompiler.java,ZoneInfoCompiler,org.joda.time.tz
addRecurring,repos/Time-27f/src/main/java/org/joda/time/tz/ZoneInfoCompiler.java,ZoneInfoCompiler,org.joda.time.tz
formatName,repos/Time-27f/src/main/java/org/joda/time/tz/ZoneInfoCompiler.java,ZoneInfoCompiler,org.joda.time.tz
addRule,repos/Time-27f/src/main/java/org/joda/time/tz/ZoneInfoCompiler.java,ZoneInfoCompiler,org.joda.time.tz
addRecurring,repos/Time-27f/src/main/java/org/joda/time/tz/ZoneInfoCompiler.java,ZoneInfoCompiler,org.joda.time.tz
chain,repos/Time-27f/src/main/java/org/joda/time/tz/ZoneInfoCompiler.java,ZoneInfoCompiler,org.joda.time.tz
addToBuilder,repos/Time-27f/src/main/java/org/joda/time/tz/ZoneInfoCompiler.java,ZoneInfoCompiler,org.joda.time.tz
addToBuilder,repos/Time-27f/src/main/java/org/joda/time/tz/ZoneInfoCompiler.java,ZoneInfoCompiler,org.joda.time.tz
addRecurring,repos/Time-27f/src/main/java/org/joda/time/tz/ZoneInfoCompiler.java,DateTimeOfYear,org.joda.time.tz
addCutover,repos/Time-27f/src/main/java/org/joda/time/tz/ZoneInfoCompiler.java,DateTimeOfYear,org.joda.time.tz
addRecurring,repos/Time-27f/src/main/java/org/joda/time/tz/ZoneInfoCompiler.java,Rule,org.joda.time.tz
formatName,repos/Time-27f/src/main/java/org/joda/time/tz/ZoneInfoCompiler.java,Rule,org.joda.time.tz
addRule,repos/Time-27f/src/main/java/org/joda/time/tz/ZoneInfoCompiler.java,RuleSet,org.joda.time.tz
addRecurring,repos/Time-27f/src/main/java/org/joda/time/tz/ZoneInfoCompiler.java,RuleSet,org.joda.time.tz
chain,repos/Time-27f/src/main/java/org/joda/time/tz/ZoneInfoCompiler.java,Zone,org.joda.time.tz
addToBuilder,repos/Time-27f/src/main/java/org/joda/time/tz/ZoneInfoCompiler.java,Zone,org.joda.time.tz
addToBuilder,repos/Time-27f/src/main/java/org/joda/time/tz/ZoneInfoCompiler.java,Zone,org.joda.time.tz
getZone,repos/Time-27f/src/main/java/org/joda/time/tz/Provider.java,Provider,org.joda.time.tz
getAvailableIDs,repos/Time-27f/src/main/java/org/joda/time/tz/Provider.java,Provider,org.joda.time.tz
forZone,repos/Time-27f/src/main/java/org/joda/time/tz/CachedDateTimeZone.java,CachedDateTimeZone,org.joda.time.tz
readObject,repos/Time-27f/src/main/java/org/joda/time/tz/CachedDateTimeZone.java,CachedDateTimeZone,org.joda.time.tz
getUncachedZone,repos/Time-27f/src/main/java/org/joda/time/tz/CachedDateTimeZone.java,CachedDateTimeZone,org.joda.time.tz
getNameKey,repos/Time-27f/src/main/java/org/joda/time/tz/CachedDateTimeZone.java,CachedDateTimeZone,org.joda.time.tz
getOffset,repos/Time-27f/src/main/java/org/joda/time/tz/CachedDateTimeZone.java,CachedDateTimeZone,org.joda.time.tz
getStandardOffset,repos/Time-27f/src/main/java/org/joda/time/tz/CachedDateTimeZone.java,CachedDateTimeZone,org.joda.time.tz
isFixed,repos/Time-27f/src/main/java/org/joda/time/tz/CachedDateTimeZone.java,CachedDateTimeZone,org.joda.time.tz
nextTransition,repos/Time-27f/src/main/java/org/joda/time/tz/CachedDateTimeZone.java,CachedDateTimeZone,org.joda.time.tz
previousTransition,repos/Time-27f/src/main/java/org/joda/time/tz/CachedDateTimeZone.java,CachedDateTimeZone,org.joda.time.tz
hashCode,repos/Time-27f/src/main/java/org/joda/time/tz/CachedDateTimeZone.java,CachedDateTimeZone,org.joda.time.tz
equals,repos/Time-27f/src/main/java/org/joda/time/tz/CachedDateTimeZone.java,CachedDateTimeZone,org.joda.time.tz
getInfo,repos/Time-27f/src/main/java/org/joda/time/tz/CachedDateTimeZone.java,CachedDateTimeZone,org.joda.time.tz
createInfo,repos/Time-27f/src/main/java/org/joda/time/tz/CachedDateTimeZone.java,CachedDateTimeZone,org.joda.time.tz
getNameKey,repos/Time-27f/src/main/java/org/joda/time/tz/CachedDateTimeZone.java,CachedDateTimeZone,org.joda.time.tz
getOffset,repos/Time-27f/src/main/java/org/joda/time/tz/CachedDateTimeZone.java,CachedDateTimeZone,org.joda.time.tz
getStandardOffset,repos/Time-27f/src/main/java/org/joda/time/tz/CachedDateTimeZone.java,CachedDateTimeZone,org.joda.time.tz
getNameKey,repos/Time-27f/src/main/java/org/joda/time/tz/CachedDateTimeZone.java,Info,org.joda.time.tz
getOffset,repos/Time-27f/src/main/java/org/joda/time/tz/CachedDateTimeZone.java,Info,org.joda.time.tz
getStandardOffset,repos/Time-27f/src/main/java/org/joda/time/tz/CachedDateTimeZone.java,Info,org.joda.time.tz
getZone,repos/Time-27f/src/main/java/org/joda/time/tz/ZoneInfoProvider.java,ZoneInfoProvider,org.joda.time.tz
getAvailableIDs,repos/Time-27f/src/main/java/org/joda/time/tz/ZoneInfoProvider.java,ZoneInfoProvider,org.joda.time.tz
uncaughtException,repos/Time-27f/src/main/java/org/joda/time/tz/ZoneInfoProvider.java,ZoneInfoProvider,org.joda.time.tz
openResource,repos/Time-27f/src/main/java/org/joda/time/tz/ZoneInfoProvider.java,ZoneInfoProvider,org.joda.time.tz
loadZoneData,repos/Time-27f/src/main/java/org/joda/time/tz/ZoneInfoProvider.java,ZoneInfoProvider,org.joda.time.tz
loadZoneInfoMap,repos/Time-27f/src/main/java/org/joda/time/tz/ZoneInfoProvider.java,ZoneInfoProvider,org.joda.time.tz
readZoneInfoMap,repos/Time-27f/src/main/java/org/joda/time/tz/ZoneInfoProvider.java,ZoneInfoProvider,org.joda.time.tz
getShortName,repos/Time-27f/src/main/java/org/joda/time/tz/DefaultNameProvider.java,DefaultNameProvider,org.joda.time.tz
getName,repos/Time-27f/src/main/java/org/joda/time/tz/DefaultNameProvider.java,DefaultNameProvider,org.joda.time.tz
getNameSet,repos/Time-27f/src/main/java/org/joda/time/tz/DefaultNameProvider.java,DefaultNameProvider,org.joda.time.tz
createCache,repos/Time-27f/src/main/java/org/joda/time/tz/DefaultNameProvider.java,DefaultNameProvider,org.joda.time.tz
readFrom,repos/Time-27f/src/main/java/org/joda/time/tz/DateTimeZoneBuilder.java,DateTimeZoneBuilder,org.joda.time.tz
readFrom,repos/Time-27f/src/main/java/org/joda/time/tz/DateTimeZoneBuilder.java,DateTimeZoneBuilder,org.joda.time.tz
writeMillis,repos/Time-27f/src/main/java/org/joda/time/tz/DateTimeZoneBuilder.java,DateTimeZoneBuilder,org.joda.time.tz
readMillis,repos/Time-27f/src/main/java/org/joda/time/tz/DateTimeZoneBuilder.java,DateTimeZoneBuilder,org.joda.time.tz
buildFixedZone,repos/Time-27f/src/main/java/org/joda/time/tz/DateTimeZoneBuilder.java,DateTimeZoneBuilder,org.joda.time.tz
addCutover,repos/Time-27f/src/main/java/org/joda/time/tz/DateTimeZoneBuilder.java,DateTimeZoneBuilder,org.joda.time.tz
setStandardOffset,repos/Time-27f/src/main/java/org/joda/time/tz/DateTimeZoneBuilder.java,DateTimeZoneBuilder,org.joda.time.tz
setFixedSavings,repos/Time-27f/src/main/java/org/joda/time/tz/DateTimeZoneBuilder.java,DateTimeZoneBuilder,org.joda.time.tz
addRecurringSavings,repos/Time-27f/src/main/java/org/joda/time/tz/DateTimeZoneBuilder.java,DateTimeZoneBuilder,org.joda.time.tz
getLastRuleSet,repos/Time-27f/src/main/java/org/joda/time/tz/DateTimeZoneBuilder.java,DateTimeZoneBuilder,org.joda.time.tz
toDateTimeZone,repos/Time-27f/src/main/java/org/joda/time/tz/DateTimeZoneBuilder.java,DateTimeZoneBuilder,org.joda.time.tz
addTransition,repos/Time-27f/src/main/java/org/joda/time/tz/DateTimeZoneBuilder.java,DateTimeZoneBuilder,org.joda.time.tz
writeTo,repos/Time-27f/src/main/java/org/joda/time/tz/DateTimeZoneBuilder.java,DateTimeZoneBuilder,org.joda.time.tz
writeTo,repos/Time-27f/src/main/java/org/joda/time/tz/DateTimeZoneBuilder.java,DateTimeZoneBuilder,org.joda.time.tz
readFrom,repos/Time-27f/src/main/java/org/joda/time/tz/DateTimeZoneBuilder.java,DateTimeZoneBuilder,org.joda.time.tz
setInstant,repos/Time-27f/src/main/java/org/joda/time/tz/DateTimeZoneBuilder.java,DateTimeZoneBuilder,org.joda.time.tz
next,repos/Time-27f/src/main/java/org/joda/time/tz/DateTimeZoneBuilder.java,DateTimeZoneBuilder,org.joda.time.tz
previous,repos/Time-27f/src/main/java/org/joda/time/tz/DateTimeZoneBuilder.java,DateTimeZoneBuilder,org.joda.time.tz
writeTo,repos/Time-27f/src/main/java/org/joda/time/tz/DateTimeZoneBuilder.java,DateTimeZoneBuilder,org.joda.time.tz
setDayOfMonthNext,repos/Time-27f/src/main/java/org/joda/time/tz/DateTimeZoneBuilder.java,DateTimeZoneBuilder,org.joda.time.tz
setDayOfMonthPrevious,repos/Time-27f/src/main/java/org/joda/time/tz/DateTimeZoneBuilder.java,DateTimeZoneBuilder,org.joda.time.tz
setDayOfMonth,repos/Time-27f/src/main/java/org/joda/time/tz/DateTimeZoneBuilder.java,DateTimeZoneBuilder,org.joda.time.tz
setDayOfWeek,repos/Time-27f/src/main/java/org/joda/time/tz/DateTimeZoneBuilder.java,DateTimeZoneBuilder,org.joda.time.tz
readFrom,repos/Time-27f/src/main/java/org/joda/time/tz/DateTimeZoneBuilder.java,DateTimeZoneBuilder,org.joda.time.tz
getOfYear,repos/Time-27f/src/main/java/org/joda/time/tz/DateTimeZoneBuilder.java,DateTimeZoneBuilder,org.joda.time.tz
next,repos/Time-27f/src/main/java/org/joda/time/tz/DateTimeZoneBuilder.java,DateTimeZoneBuilder,org.joda.time.tz
previous,repos/Time-27f/src/main/java/org/joda/time/tz/DateTimeZoneBuilder.java,DateTimeZoneBuilder,org.joda.time.tz
getNameKey,repos/Time-27f/src/main/java/org/joda/time/tz/DateTimeZoneBuilder.java,DateTimeZoneBuilder,org.joda.time.tz
getSaveMillis,repos/Time-27f/src/main/java/org/joda/time/tz/DateTimeZoneBuilder.java,DateTimeZoneBuilder,org.joda.time.tz
writeTo,repos/Time-27f/src/main/java/org/joda/time/tz/DateTimeZoneBuilder.java,DateTimeZoneBuilder,org.joda.time.tz
rename,repos/Time-27f/src/main/java/org/joda/time/tz/DateTimeZoneBuilder.java,DateTimeZoneBuilder,org.joda.time.tz
renameAppend,repos/Time-27f/src/main/java/org/joda/time/tz/DateTimeZoneBuilder.java,DateTimeZoneBuilder,org.joda.time.tz
getFromYear,repos/Time-27f/src/main/java/org/joda/time/tz/DateTimeZoneBuilder.java,DateTimeZoneBuilder,org.joda.time.tz
getToYear,repos/Time-27f/src/main/java/org/joda/time/tz/DateTimeZoneBuilder.java,DateTimeZoneBuilder,org.joda.time.tz
getOfYear,repos/Time-27f/src/main/java/org/joda/time/tz/DateTimeZoneBuilder.java,DateTimeZoneBuilder,org.joda.time.tz
getNameKey,repos/Time-27f/src/main/java/org/joda/time/tz/DateTimeZoneBuilder.java,DateTimeZoneBuilder,org.joda.time.tz
getSaveMillis,repos/Time-27f/src/main/java/org/joda/time/tz/DateTimeZoneBuilder.java,DateTimeZoneBuilder,org.joda.time.tz
next,repos/Time-27f/src/main/java/org/joda/time/tz/DateTimeZoneBuilder.java,DateTimeZoneBuilder,org.joda.time.tz
getMillis,repos/Time-27f/src/main/java/org/joda/time/tz/DateTimeZoneBuilder.java,DateTimeZoneBuilder,org.joda.time.tz
getNameKey,repos/Time-27f/src/main/java/org/joda/time/tz/DateTimeZoneBuilder.java,DateTimeZoneBuilder,org.joda.time.tz
getWallOffset,repos/Time-27f/src/main/java/org/joda/time/tz/DateTimeZoneBuilder.java,DateTimeZoneBuilder,org.joda.time.tz
getStandardOffset,repos/Time-27f/src/main/java/org/joda/time/tz/DateTimeZoneBuilder.java,DateTimeZoneBuilder,org.joda.time.tz
getSaveMillis,repos/Time-27f/src/main/java/org/joda/time/tz/DateTimeZoneBuilder.java,DateTimeZoneBuilder,org.joda.time.tz
isTransitionFrom,repos/Time-27f/src/main/java/org/joda/time/tz/DateTimeZoneBuilder.java,DateTimeZoneBuilder,org.joda.time.tz
getStandardOffset,repos/Time-27f/src/main/java/org/joda/time/tz/DateTimeZoneBuilder.java,DateTimeZoneBuilder,org.joda.time.tz
setStandardOffset,repos/Time-27f/src/main/java/org/joda/time/tz/DateTimeZoneBuilder.java,DateTimeZoneBuilder,org.joda.time.tz
setFixedSavings,repos/Time-27f/src/main/java/org/joda/time/tz/DateTimeZoneBuilder.java,DateTimeZoneBuilder,org.joda.time.tz
addRule,repos/Time-27f/src/main/java/org/joda/time/tz/DateTimeZoneBuilder.java,DateTimeZoneBuilder,org.joda.time.tz
setUpperLimit,repos/Time-27f/src/main/java/org/joda/time/tz/DateTimeZoneBuilder.java,DateTimeZoneBuilder,org.joda.time.tz
firstTransition,repos/Time-27f/src/main/java/org/joda/time/tz/DateTimeZoneBuilder.java,DateTimeZoneBuilder,org.joda.time.tz
nextTransition,repos/Time-27f/src/main/java/org/joda/time/tz/DateTimeZoneBuilder.java,DateTimeZoneBuilder,org.joda.time.tz
getUpperLimit,repos/Time-27f/src/main/java/org/joda/time/tz/DateTimeZoneBuilder.java,DateTimeZoneBuilder,org.joda.time.tz
buildTailZone,repos/Time-27f/src/main/java/org/joda/time/tz/DateTimeZoneBuilder.java,DateTimeZoneBuilder,org.joda.time.tz
readFrom,repos/Time-27f/src/main/java/org/joda/time/tz/DateTimeZoneBuilder.java,DateTimeZoneBuilder,org.joda.time.tz
getNameKey,repos/Time-27f/src/main/java/org/joda/time/tz/DateTimeZoneBuilder.java,DateTimeZoneBuilder,org.joda.time.tz
getOffset,repos/Time-27f/src/main/java/org/joda/time/tz/DateTimeZoneBuilder.java,DateTimeZoneBuilder,org.joda.time.tz
getStandardOffset,repos/Time-27f/src/main/java/org/joda/time/tz/DateTimeZoneBuilder.java,DateTimeZoneBuilder,org.joda.time.tz
isFixed,repos/Time-27f/src/main/java/org/joda/time/tz/DateTimeZoneBuilder.java,DateTimeZoneBuilder,org.joda.time.tz
nextTransition,repos/Time-27f/src/main/java/org/joda/time/tz/DateTimeZoneBuilder.java,DateTimeZoneBuilder,org.joda.time.tz
previousTransition,repos/Time-27f/src/main/java/org/joda/time/tz/DateTimeZoneBuilder.java,DateTimeZoneBuilder,org.joda.time.tz
equals,repos/Time-27f/src/main/java/org/joda/time/tz/DateTimeZoneBuilder.java,DateTimeZoneBuilder,org.joda.time.tz
writeTo,repos/Time-27f/src/main/java/org/joda/time/tz/DateTimeZoneBuilder.java,DateTimeZoneBuilder,org.joda.time.tz
findMatchingRecurrence,repos/Time-27f/src/main/java/org/joda/time/tz/DateTimeZoneBuilder.java,DateTimeZoneBuilder,org.joda.time.tz
readFrom,repos/Time-27f/src/main/java/org/joda/time/tz/DateTimeZoneBuilder.java,DateTimeZoneBuilder,org.joda.time.tz
create,repos/Time-27f/src/main/java/org/joda/time/tz/DateTimeZoneBuilder.java,DateTimeZoneBuilder,org.joda.time.tz
getNameKey,repos/Time-27f/src/main/java/org/joda/time/tz/DateTimeZoneBuilder.java,DateTimeZoneBuilder,org.joda.time.tz
getOffset,repos/Time-27f/src/main/java/org/joda/time/tz/DateTimeZoneBuilder.java,DateTimeZoneBuilder,org.joda.time.tz
getStandardOffset,repos/Time-27f/src/main/java/org/joda/time/tz/DateTimeZoneBuilder.java,DateTimeZoneBuilder,org.joda.time.tz
isFixed,repos/Time-27f/src/main/java/org/joda/time/tz/DateTimeZoneBuilder.java,DateTimeZoneBuilder,org.joda.time.tz
nextTransition,repos/Time-27f/src/main/java/org/joda/time/tz/DateTimeZoneBuilder.java,DateTimeZoneBuilder,org.joda.time.tz
previousTransition,repos/Time-27f/src/main/java/org/joda/time/tz/DateTimeZoneBuilder.java,DateTimeZoneBuilder,org.joda.time.tz
equals,repos/Time-27f/src/main/java/org/joda/time/tz/DateTimeZoneBuilder.java,DateTimeZoneBuilder,org.joda.time.tz
writeTo,repos/Time-27f/src/main/java/org/joda/time/tz/DateTimeZoneBuilder.java,DateTimeZoneBuilder,org.joda.time.tz
isCachable,repos/Time-27f/src/main/java/org/joda/time/tz/DateTimeZoneBuilder.java,DateTimeZoneBuilder,org.joda.time.tz
readFrom,repos/Time-27f/src/main/java/org/joda/time/tz/DateTimeZoneBuilder.java,OfYear,org.joda.time.tz
setInstant,repos/Time-27f/src/main/java/org/joda/time/tz/DateTimeZoneBuilder.java,OfYear,org.joda.time.tz
next,repos/Time-27f/src/main/java/org/joda/time/tz/DateTimeZoneBuilder.java,OfYear,org.joda.time.tz
previous,repos/Time-27f/src/main/java/org/joda/time/tz/DateTimeZoneBuilder.java,OfYear,org.joda.time.tz
writeTo,repos/Time-27f/src/main/java/org/joda/time/tz/DateTimeZoneBuilder.java,OfYear,org.joda.time.tz
setDayOfMonthNext,repos/Time-27f/src/main/java/org/joda/time/tz/DateTimeZoneBuilder.java,OfYear,org.joda.time.tz
setDayOfMonthPrevious,repos/Time-27f/src/main/java/org/joda/time/tz/DateTimeZoneBuilder.java,OfYear,org.joda.time.tz
setDayOfMonth,repos/Time-27f/src/main/java/org/joda/time/tz/DateTimeZoneBuilder.java,OfYear,org.joda.time.tz
setDayOfWeek,repos/Time-27f/src/main/java/org/joda/time/tz/DateTimeZoneBuilder.java,OfYear,org.joda.time.tz
readFrom,repos/Time-27f/src/main/java/org/joda/time/tz/DateTimeZoneBuilder.java,Recurrence,org.joda.time.tz
getOfYear,repos/Time-27f/src/main/java/org/joda/time/tz/DateTimeZoneBuilder.java,Recurrence,org.joda.time.tz
next,repos/Time-27f/src/main/java/org/joda/time/tz/DateTimeZoneBuilder.java,Recurrence,org.joda.time.tz
previous,repos/Time-27f/src/main/java/org/joda/time/tz/DateTimeZoneBuilder.java,Recurrence,org.joda.time.tz
getNameKey,repos/Time-27f/src/main/java/org/joda/time/tz/DateTimeZoneBuilder.java,Recurrence,org.joda.time.tz
getSaveMillis,repos/Time-27f/src/main/java/org/joda/time/tz/DateTimeZoneBuilder.java,Recurrence,org.joda.time.tz
writeTo,repos/Time-27f/src/main/java/org/joda/time/tz/DateTimeZoneBuilder.java,Recurrence,org.joda.time.tz
rename,repos/Time-27f/src/main/java/org/joda/time/tz/DateTimeZoneBuilder.java,Recurrence,org.joda.time.tz
renameAppend,repos/Time-27f/src/main/java/org/joda/time/tz/DateTimeZoneBuilder.java,Recurrence,org.joda.time.tz
getFromYear,repos/Time-27f/src/main/java/org/joda/time/tz/DateTimeZoneBuilder.java,Rule,org.joda.time.tz
getToYear,repos/Time-27f/src/main/java/org/joda/time/tz/DateTimeZoneBuilder.java,Rule,org.joda.time.tz
getOfYear,repos/Time-27f/src/main/java/org/joda/time/tz/DateTimeZoneBuilder.java,Rule,org.joda.time.tz
getNameKey,repos/Time-27f/src/main/java/org/joda/time/tz/DateTimeZoneBuilder.java,Rule,org.joda.time.tz
getSaveMillis,repos/Time-27f/src/main/java/org/joda/time/tz/DateTimeZoneBuilder.java,Rule,org.joda.time.tz
next,repos/Time-27f/src/main/java/org/joda/time/tz/DateTimeZoneBuilder.java,Rule,org.joda.time.tz
getMillis,repos/Time-27f/src/main/java/org/joda/time/tz/DateTimeZoneBuilder.java,Transition,org.joda.time.tz
getNameKey,repos/Time-27f/src/main/java/org/joda/time/tz/DateTimeZoneBuilder.java,Transition,org.joda.time.tz
getWallOffset,repos/Time-27f/src/main/java/org/joda/time/tz/DateTimeZoneBuilder.java,Transition,org.joda.time.tz
getStandardOffset,repos/Time-27f/src/main/java/org/joda/time/tz/DateTimeZoneBuilder.java,Transition,org.joda.time.tz
getSaveMillis,repos/Time-27f/src/main/java/org/joda/time/tz/DateTimeZoneBuilder.java,Transition,org.joda.time.tz
isTransitionFrom,repos/Time-27f/src/main/java/org/joda/time/tz/DateTimeZoneBuilder.java,Transition,org.joda.time.tz
getStandardOffset,repos/Time-27f/src/main/java/org/joda/time/tz/DateTimeZoneBuilder.java,RuleSet,org.joda.time.tz
setStandardOffset,repos/Time-27f/src/main/java/org/joda/time/tz/DateTimeZoneBuilder.java,RuleSet,org.joda.time.tz
setFixedSavings,repos/Time-27f/src/main/java/org/joda/time/tz/DateTimeZoneBuilder.java,RuleSet,org.joda.time.tz
addRule,repos/Time-27f/src/main/java/org/joda/time/tz/DateTimeZoneBuilder.java,RuleSet,org.joda.time.tz
setUpperLimit,repos/Time-27f/src/main/java/org/joda/time/tz/DateTimeZoneBuilder.java,RuleSet,org.joda.time.tz
firstTransition,repos/Time-27f/src/main/java/org/joda/time/tz/DateTimeZoneBuilder.java,RuleSet,org.joda.time.tz
nextTransition,repos/Time-27f/src/main/java/org/joda/time/tz/DateTimeZoneBuilder.java,RuleSet,org.joda.time.tz
getUpperLimit,repos/Time-27f/src/main/java/org/joda/time/tz/DateTimeZoneBuilder.java,RuleSet,org.joda.time.tz
buildTailZone,repos/Time-27f/src/main/java/org/joda/time/tz/DateTimeZoneBuilder.java,RuleSet,org.joda.time.tz
readFrom,repos/Time-27f/src/main/java/org/joda/time/tz/DateTimeZoneBuilder.java,DSTZone,org.joda.time.tz
getNameKey,repos/Time-27f/src/main/java/org/joda/time/tz/DateTimeZoneBuilder.java,DSTZone,org.joda.time.tz
getOffset,repos/Time-27f/src/main/java/org/joda/time/tz/DateTimeZoneBuilder.java,DSTZone,org.joda.time.tz
getStandardOffset,repos/Time-27f/src/main/java/org/joda/time/tz/DateTimeZoneBuilder.java,DSTZone,org.joda.time.tz
isFixed,repos/Time-27f/src/main/java/org/joda/time/tz/DateTimeZoneBuilder.java,DSTZone,org.joda.time.tz
nextTransition,repos/Time-27f/src/main/java/org/joda/time/tz/DateTimeZoneBuilder.java,DSTZone,org.joda.time.tz
previousTransition,repos/Time-27f/src/main/java/org/joda/time/tz/DateTimeZoneBuilder.java,DSTZone,org.joda.time.tz
equals,repos/Time-27f/src/main/java/org/joda/time/tz/DateTimeZoneBuilder.java,DSTZone,org.joda.time.tz
writeTo,repos/Time-27f/src/main/java/org/joda/time/tz/DateTimeZoneBuilder.java,DSTZone,org.joda.time.tz
findMatchingRecurrence,repos/Time-27f/src/main/java/org/joda/time/tz/DateTimeZoneBuilder.java,DSTZone,org.joda.time.tz
readFrom,repos/Time-27f/src/main/java/org/joda/time/tz/DateTimeZoneBuilder.java,PrecalculatedZone,org.joda.time.tz
create,repos/Time-27f/src/main/java/org/joda/time/tz/DateTimeZoneBuilder.java,PrecalculatedZone,org.joda.time.tz
getNameKey,repos/Time-27f/src/main/java/org/joda/time/tz/DateTimeZoneBuilder.java,PrecalculatedZone,org.joda.time.tz
getOffset,repos/Time-27f/src/main/java/org/joda/time/tz/DateTimeZoneBuilder.java,PrecalculatedZone,org.joda.time.tz
getStandardOffset,repos/Time-27f/src/main/java/org/joda/time/tz/DateTimeZoneBuilder.java,PrecalculatedZone,org.joda.time.tz
isFixed,repos/Time-27f/src/main/java/org/joda/time/tz/DateTimeZoneBuilder.java,PrecalculatedZone,org.joda.time.tz
nextTransition,repos/Time-27f/src/main/java/org/joda/time/tz/DateTimeZoneBuilder.java,PrecalculatedZone,org.joda.time.tz
previousTransition,repos/Time-27f/src/main/java/org/joda/time/tz/DateTimeZoneBuilder.java,PrecalculatedZone,org.joda.time.tz
equals,repos/Time-27f/src/main/java/org/joda/time/tz/DateTimeZoneBuilder.java,PrecalculatedZone,org.joda.time.tz
writeTo,repos/Time-27f/src/main/java/org/joda/time/tz/DateTimeZoneBuilder.java,PrecalculatedZone,org.joda.time.tz
isCachable,repos/Time-27f/src/main/java/org/joda/time/tz/DateTimeZoneBuilder.java,PrecalculatedZone,org.joda.time.tz
getShortName,repos/Time-27f/src/main/java/org/joda/time/tz/NameProvider.java,NameProvider,org.joda.time.tz
getName,repos/Time-27f/src/main/java/org/joda/time/tz/NameProvider.java,NameProvider,org.joda.time.tz
getZone,repos/Time-27f/src/main/java/org/joda/time/tz/UTCProvider.java,UTCProvider,org.joda.time.tz
getAvailableIDs,repos/Time-27f/src/main/java/org/joda/time/tz/UTCProvider.java,UTCProvider,org.joda.time.tz
getNameKey,repos/Time-27f/src/main/java/org/joda/time/tz/FixedDateTimeZone.java,FixedDateTimeZone,org.joda.time.tz
getOffset,repos/Time-27f/src/main/java/org/joda/time/tz/FixedDateTimeZone.java,FixedDateTimeZone,org.joda.time.tz
getStandardOffset,repos/Time-27f/src/main/java/org/joda/time/tz/FixedDateTimeZone.java,FixedDateTimeZone,org.joda.time.tz
getOffsetFromLocal,repos/Time-27f/src/main/java/org/joda/time/tz/FixedDateTimeZone.java,FixedDateTimeZone,org.joda.time.tz
isFixed,repos/Time-27f/src/main/java/org/joda/time/tz/FixedDateTimeZone.java,FixedDateTimeZone,org.joda.time.tz
nextTransition,repos/Time-27f/src/main/java/org/joda/time/tz/FixedDateTimeZone.java,FixedDateTimeZone,org.joda.time.tz
previousTransition,repos/Time-27f/src/main/java/org/joda/time/tz/FixedDateTimeZone.java,FixedDateTimeZone,org.joda.time.tz
toTimeZone,repos/Time-27f/src/main/java/org/joda/time/tz/FixedDateTimeZone.java,FixedDateTimeZone,org.joda.time.tz
equals,repos/Time-27f/src/main/java/org/joda/time/tz/FixedDateTimeZone.java,FixedDateTimeZone,org.joda.time.tz
hashCode,repos/Time-27f/src/main/java/org/joda/time/tz/FixedDateTimeZone.java,FixedDateTimeZone,org.joda.time.tz
fromCalendarFields,repos/Time-27f/src/main/java/org/joda/time/LocalDate.java,LocalDate,org.joda.time
fromDateFields,repos/Time-27f/src/main/java/org/joda/time/LocalDate.java,LocalDate,org.joda.time
size,repos/Time-27f/src/main/java/org/joda/time/LocalDate.java,LocalDate,org.joda.time
getField,repos/Time-27f/src/main/java/org/joda/time/LocalDate.java,LocalDate,org.joda.time
getValue,repos/Time-27f/src/main/java/org/joda/time/LocalDate.java,LocalDate,org.joda.time
get,repos/Time-27f/src/main/java/org/joda/time/LocalDate.java,LocalDate,org.joda.time
isSupported,repos/Time-27f/src/main/java/org/joda/time/LocalDate.java,LocalDate,org.joda.time
isSupported,repos/Time-27f/src/main/java/org/joda/time/LocalDate.java,LocalDate,org.joda.time
getLocalMillis,repos/Time-27f/src/main/java/org/joda/time/LocalDate.java,LocalDate,org.joda.time
getChronology,repos/Time-27f/src/main/java/org/joda/time/LocalDate.java,LocalDate,org.joda.time
equals,repos/Time-27f/src/main/java/org/joda/time/LocalDate.java,LocalDate,org.joda.time
hashCode,repos/Time-27f/src/main/java/org/joda/time/LocalDate.java,LocalDate,org.joda.time
compareTo,repos/Time-27f/src/main/java/org/joda/time/LocalDate.java,LocalDate,org.joda.time
toDateTimeAtStartOfDay,repos/Time-27f/src/main/java/org/joda/time/LocalDate.java,LocalDate,org.joda.time
toDateTimeAtStartOfDay,repos/Time-27f/src/main/java/org/joda/time/LocalDate.java,LocalDate,org.joda.time
toDateTimeAtMidnight,repos/Time-27f/src/main/java/org/joda/time/LocalDate.java,LocalDate,org.joda.time
toDateTimeAtMidnight,repos/Time-27f/src/main/java/org/joda/time/LocalDate.java,LocalDate,org.joda.time
toDateTimeAtCurrentTime,repos/Time-27f/src/main/java/org/joda/time/LocalDate.java,LocalDate,org.joda.time
toDateTimeAtCurrentTime,repos/Time-27f/src/main/java/org/joda/time/LocalDate.java,LocalDate,org.joda.time
toDateMidnight,repos/Time-27f/src/main/java/org/joda/time/LocalDate.java,LocalDate,org.joda.time
toDateMidnight,repos/Time-27f/src/main/java/org/joda/time/LocalDate.java,LocalDate,org.joda.time
toLocalDateTime,repos/Time-27f/src/main/java/org/joda/time/LocalDate.java,LocalDate,org.joda.time
toDateTime,repos/Time-27f/src/main/java/org/joda/time/LocalDate.java,LocalDate,org.joda.time
toDateTime,repos/Time-27f/src/main/java/org/joda/time/LocalDate.java,LocalDate,org.joda.time
toInterval,repos/Time-27f/src/main/java/org/joda/time/LocalDate.java,LocalDate,org.joda.time
toInterval,repos/Time-27f/src/main/java/org/joda/time/LocalDate.java,LocalDate,org.joda.time
toDate,repos/Time-27f/src/main/java/org/joda/time/LocalDate.java,LocalDate,org.joda.time
withLocalMillis,repos/Time-27f/src/main/java/org/joda/time/LocalDate.java,LocalDate,org.joda.time
withFields,repos/Time-27f/src/main/java/org/joda/time/LocalDate.java,LocalDate,org.joda.time
withField,repos/Time-27f/src/main/java/org/joda/time/LocalDate.java,LocalDate,org.joda.time
withFieldAdded,repos/Time-27f/src/main/java/org/joda/time/LocalDate.java,LocalDate,org.joda.time
withPeriodAdded,repos/Time-27f/src/main/java/org/joda/time/LocalDate.java,LocalDate,org.joda.time
plus,repos/Time-27f/src/main/java/org/joda/time/LocalDate.java,LocalDate,org.joda.time
plusYears,repos/Time-27f/src/main/java/org/joda/time/LocalDate.java,LocalDate,org.joda.time
plusMonths,repos/Time-27f/src/main/java/org/joda/time/LocalDate.java,LocalDate,org.joda.time
plusWeeks,repos/Time-27f/src/main/java/org/joda/time/LocalDate.java,LocalDate,org.joda.time
plusDays,repos/Time-27f/src/main/java/org/joda/time/LocalDate.java,LocalDate,org.joda.time
minus,repos/Time-27f/src/main/java/org/joda/time/LocalDate.java,LocalDate,org.joda.time
minusYears,repos/Time-27f/src/main/java/org/joda/time/LocalDate.java,LocalDate,org.joda.time
minusMonths,repos/Time-27f/src/main/java/org/joda/time/LocalDate.java,LocalDate,org.joda.time
minusWeeks,repos/Time-27f/src/main/java/org/joda/time/LocalDate.java,LocalDate,org.joda.time
minusDays,repos/Time-27f/src/main/java/org/joda/time/LocalDate.java,LocalDate,org.joda.time
property,repos/Time-27f/src/main/java/org/joda/time/LocalDate.java,LocalDate,org.joda.time
getEra,repos/Time-27f/src/main/java/org/joda/time/LocalDate.java,LocalDate,org.joda.time
getCenturyOfEra,repos/Time-27f/src/main/java/org/joda/time/LocalDate.java,LocalDate,org.joda.time
getYearOfEra,repos/Time-27f/src/main/java/org/joda/time/LocalDate.java,LocalDate,org.joda.time
getYearOfCentury,repos/Time-27f/src/main/java/org/joda/time/LocalDate.java,LocalDate,org.joda.time
getYear,repos/Time-27f/src/main/java/org/joda/time/LocalDate.java,LocalDate,org.joda.time
getWeekyear,repos/Time-27f/src/main/java/org/joda/time/LocalDate.java,LocalDate,org.joda.time
getMonthOfYear,repos/Time-27f/src/main/java/org/joda/time/LocalDate.java,LocalDate,org.joda.time
getWeekOfWeekyear,repos/Time-27f/src/main/java/org/joda/time/LocalDate.java,LocalDate,org.joda.time
getDayOfYear,repos/Time-27f/src/main/java/org/joda/time/LocalDate.java,LocalDate,org.joda.time
getDayOfMonth,repos/Time-27f/src/main/java/org/joda/time/LocalDate.java,LocalDate,org.joda.time
getDayOfWeek,repos/Time-27f/src/main/java/org/joda/time/LocalDate.java,LocalDate,org.joda.time
withEra,repos/Time-27f/src/main/java/org/joda/time/LocalDate.java,LocalDate,org.joda.time
withCenturyOfEra,repos/Time-27f/src/main/java/org/joda/time/LocalDate.java,LocalDate,org.joda.time
withYearOfEra,repos/Time-27f/src/main/java/org/joda/time/LocalDate.java,LocalDate,org.joda.time
withYearOfCentury,repos/Time-27f/src/main/java/org/joda/time/LocalDate.java,LocalDate,org.joda.time
withYear,repos/Time-27f/src/main/java/org/joda/time/LocalDate.java,LocalDate,org.joda.time
withWeekyear,repos/Time-27f/src/main/java/org/joda/time/LocalDate.java,LocalDate,org.joda.time
withMonthOfYear,repos/Time-27f/src/main/java/org/joda/time/LocalDate.java,LocalDate,org.joda.time
withWeekOfWeekyear,repos/Time-27f/src/main/java/org/joda/time/LocalDate.java,LocalDate,org.joda.time
withDayOfYear,repos/Time-27f/src/main/java/org/joda/time/LocalDate.java,LocalDate,org.joda.time
withDayOfMonth,repos/Time-27f/src/main/java/org/joda/time/LocalDate.java,LocalDate,org.joda.time
withDayOfWeek,repos/Time-27f/src/main/java/org/joda/time/LocalDate.java,LocalDate,org.joda.time
era,repos/Time-27f/src/main/java/org/joda/time/LocalDate.java,LocalDate,org.joda.time
centuryOfEra,repos/Time-27f/src/main/java/org/joda/time/LocalDate.java,LocalDate,org.joda.time
yearOfCentury,repos/Time-27f/src/main/java/org/joda/time/LocalDate.java,LocalDate,org.joda.time
yearOfEra,repos/Time-27f/src/main/java/org/joda/time/LocalDate.java,LocalDate,org.joda.time
year,repos/Time-27f/src/main/java/org/joda/time/LocalDate.java,LocalDate,org.joda.time
weekyear,repos/Time-27f/src/main/java/org/joda/time/LocalDate.java,LocalDate,org.joda.time
monthOfYear,repos/Time-27f/src/main/java/org/joda/time/LocalDate.java,LocalDate,org.joda.time
weekOfWeekyear,repos/Time-27f/src/main/java/org/joda/time/LocalDate.java,LocalDate,org.joda.time
dayOfYear,repos/Time-27f/src/main/java/org/joda/time/LocalDate.java,LocalDate,org.joda.time
dayOfMonth,repos/Time-27f/src/main/java/org/joda/time/LocalDate.java,LocalDate,org.joda.time
dayOfWeek,repos/Time-27f/src/main/java/org/joda/time/LocalDate.java,LocalDate,org.joda.time
toString,repos/Time-27f/src/main/java/org/joda/time/LocalDate.java,LocalDate,org.joda.time
toString,repos/Time-27f/src/main/java/org/joda/time/LocalDate.java,LocalDate,org.joda.time
toString,repos/Time-27f/src/main/java/org/joda/time/LocalDate.java,LocalDate,org.joda.time
writeObject,repos/Time-27f/src/main/java/org/joda/time/LocalDate.java,LocalDate,org.joda.time
readObject,repos/Time-27f/src/main/java/org/joda/time/LocalDate.java,LocalDate,org.joda.time
getField,repos/Time-27f/src/main/java/org/joda/time/LocalDate.java,LocalDate,org.joda.time
getMillis,repos/Time-27f/src/main/java/org/joda/time/LocalDate.java,LocalDate,org.joda.time
getChronology,repos/Time-27f/src/main/java/org/joda/time/LocalDate.java,LocalDate,org.joda.time
getLocalDate,repos/Time-27f/src/main/java/org/joda/time/LocalDate.java,LocalDate,org.joda.time
addToCopy,repos/Time-27f/src/main/java/org/joda/time/LocalDate.java,LocalDate,org.joda.time
addWrapFieldToCopy,repos/Time-27f/src/main/java/org/joda/time/LocalDate.java,LocalDate,org.joda.time
setCopy,repos/Time-27f/src/main/java/org/joda/time/LocalDate.java,LocalDate,org.joda.time
setCopy,repos/Time-27f/src/main/java/org/joda/time/LocalDate.java,LocalDate,org.joda.time
setCopy,repos/Time-27f/src/main/java/org/joda/time/LocalDate.java,LocalDate,org.joda.time
withMaximumValue,repos/Time-27f/src/main/java/org/joda/time/LocalDate.java,LocalDate,org.joda.time
withMinimumValue,repos/Time-27f/src/main/java/org/joda/time/LocalDate.java,LocalDate,org.joda.time
roundFloorCopy,repos/Time-27f/src/main/java/org/joda/time/LocalDate.java,LocalDate,org.joda.time
roundCeilingCopy,repos/Time-27f/src/main/java/org/joda/time/LocalDate.java,LocalDate,org.joda.time
roundHalfFloorCopy,repos/Time-27f/src/main/java/org/joda/time/LocalDate.java,LocalDate,org.joda.time
roundHalfCeilingCopy,repos/Time-27f/src/main/java/org/joda/time/LocalDate.java,LocalDate,org.joda.time
roundHalfEvenCopy,repos/Time-27f/src/main/java/org/joda/time/LocalDate.java,LocalDate,org.joda.time
writeObject,repos/Time-27f/src/main/java/org/joda/time/LocalDate.java,Property,org.joda.time
readObject,repos/Time-27f/src/main/java/org/joda/time/LocalDate.java,Property,org.joda.time
getField,repos/Time-27f/src/main/java/org/joda/time/LocalDate.java,Property,org.joda.time
getMillis,repos/Time-27f/src/main/java/org/joda/time/LocalDate.java,Property,org.joda.time
getChronology,repos/Time-27f/src/main/java/org/joda/time/LocalDate.java,Property,org.joda.time
getLocalDate,repos/Time-27f/src/main/java/org/joda/time/LocalDate.java,Property,org.joda.time
addToCopy,repos/Time-27f/src/main/java/org/joda/time/LocalDate.java,Property,org.joda.time
addWrapFieldToCopy,repos/Time-27f/src/main/java/org/joda/time/LocalDate.java,Property,org.joda.time
setCopy,repos/Time-27f/src/main/java/org/joda/time/LocalDate.java,Property,org.joda.time
setCopy,repos/Time-27f/src/main/java/org/joda/time/LocalDate.java,Property,org.joda.time
setCopy,repos/Time-27f/src/main/java/org/joda/time/LocalDate.java,Property,org.joda.time
withMaximumValue,repos/Time-27f/src/main/java/org/joda/time/LocalDate.java,Property,org.joda.time
withMinimumValue,repos/Time-27f/src/main/java/org/joda/time/LocalDate.java,Property,org.joda.time
roundFloorCopy,repos/Time-27f/src/main/java/org/joda/time/LocalDate.java,Property,org.joda.time
roundCeilingCopy,repos/Time-27f/src/main/java/org/joda/time/LocalDate.java,Property,org.joda.time
roundHalfFloorCopy,repos/Time-27f/src/main/java/org/joda/time/LocalDate.java,Property,org.joda.time
roundHalfCeilingCopy,repos/Time-27f/src/main/java/org/joda/time/LocalDate.java,Property,org.joda.time
roundHalfEvenCopy,repos/Time-27f/src/main/java/org/joda/time/LocalDate.java,Property,org.joda.time
years,repos/Time-27f/src/main/java/org/joda/time/Period.java,Period,org.joda.time
months,repos/Time-27f/src/main/java/org/joda/time/Period.java,Period,org.joda.time
weeks,repos/Time-27f/src/main/java/org/joda/time/Period.java,Period,org.joda.time
days,repos/Time-27f/src/main/java/org/joda/time/Period.java,Period,org.joda.time
hours,repos/Time-27f/src/main/java/org/joda/time/Period.java,Period,org.joda.time
minutes,repos/Time-27f/src/main/java/org/joda/time/Period.java,Period,org.joda.time
seconds,repos/Time-27f/src/main/java/org/joda/time/Period.java,Period,org.joda.time
millis,repos/Time-27f/src/main/java/org/joda/time/Period.java,Period,org.joda.time
fieldDifference,repos/Time-27f/src/main/java/org/joda/time/Period.java,Period,org.joda.time
toPeriod,repos/Time-27f/src/main/java/org/joda/time/Period.java,Period,org.joda.time
getYears,repos/Time-27f/src/main/java/org/joda/time/Period.java,Period,org.joda.time
getMonths,repos/Time-27f/src/main/java/org/joda/time/Period.java,Period,org.joda.time
getWeeks,repos/Time-27f/src/main/java/org/joda/time/Period.java,Period,org.joda.time
getDays,repos/Time-27f/src/main/java/org/joda/time/Period.java,Period,org.joda.time
getHours,repos/Time-27f/src/main/java/org/joda/time/Period.java,Period,org.joda.time
getMinutes,repos/Time-27f/src/main/java/org/joda/time/Period.java,Period,org.joda.time
getSeconds,repos/Time-27f/src/main/java/org/joda/time/Period.java,Period,org.joda.time
getMillis,repos/Time-27f/src/main/java/org/joda/time/Period.java,Period,org.joda.time
withPeriodType,repos/Time-27f/src/main/java/org/joda/time/Period.java,Period,org.joda.time
withFields,repos/Time-27f/src/main/java/org/joda/time/Period.java,Period,org.joda.time
withField,repos/Time-27f/src/main/java/org/joda/time/Period.java,Period,org.joda.time
withFieldAdded,repos/Time-27f/src/main/java/org/joda/time/Period.java,Period,org.joda.time
withYears,repos/Time-27f/src/main/java/org/joda/time/Period.java,Period,org.joda.time
withMonths,repos/Time-27f/src/main/java/org/joda/time/Period.java,Period,org.joda.time
withWeeks,repos/Time-27f/src/main/java/org/joda/time/Period.java,Period,org.joda.time
withDays,repos/Time-27f/src/main/java/org/joda/time/Period.java,Period,org.joda.time
withHours,repos/Time-27f/src/main/java/org/joda/time/Period.java,Period,org.joda.time
withMinutes,repos/Time-27f/src/main/java/org/joda/time/Period.java,Period,org.joda.time
withSeconds,repos/Time-27f/src/main/java/org/joda/time/Period.java,Period,org.joda.time
withMillis,repos/Time-27f/src/main/java/org/joda/time/Period.java,Period,org.joda.time
plus,repos/Time-27f/src/main/java/org/joda/time/Period.java,Period,org.joda.time
plusYears,repos/Time-27f/src/main/java/org/joda/time/Period.java,Period,org.joda.time
plusMonths,repos/Time-27f/src/main/java/org/joda/time/Period.java,Period,org.joda.time
plusWeeks,repos/Time-27f/src/main/java/org/joda/time/Period.java,Period,org.joda.time
plusDays,repos/Time-27f/src/main/java/org/joda/time/Period.java,Period,org.joda.time
plusHours,repos/Time-27f/src/main/java/org/joda/time/Period.java,Period,org.joda.time
plusMinutes,repos/Time-27f/src/main/java/org/joda/time/Period.java,Period,org.joda.time
plusSeconds,repos/Time-27f/src/main/java/org/joda/time/Period.java,Period,org.joda.time
plusMillis,repos/Time-27f/src/main/java/org/joda/time/Period.java,Period,org.joda.time
minus,repos/Time-27f/src/main/java/org/joda/time/Period.java,Period,org.joda.time
minusYears,repos/Time-27f/src/main/java/org/joda/time/Period.java,Period,org.joda.time
minusMonths,repos/Time-27f/src/main/java/org/joda/time/Period.java,Period,org.joda.time
minusWeeks,repos/Time-27f/src/main/java/org/joda/time/Period.java,Period,org.joda.time
minusDays,repos/Time-27f/src/main/java/org/joda/time/Period.java,Period,org.joda.time
minusHours,repos/Time-27f/src/main/java/org/joda/time/Period.java,Period,org.joda.time
minusMinutes,repos/Time-27f/src/main/java/org/joda/time/Period.java,Period,org.joda.time
minusSeconds,repos/Time-27f/src/main/java/org/joda/time/Period.java,Period,org.joda.time
minusMillis,repos/Time-27f/src/main/java/org/joda/time/Period.java,Period,org.joda.time
toStandardWeeks,repos/Time-27f/src/main/java/org/joda/time/Period.java,Period,org.joda.time
toStandardDays,repos/Time-27f/src/main/java/org/joda/time/Period.java,Period,org.joda.time
toStandardHours,repos/Time-27f/src/main/java/org/joda/time/Period.java,Period,org.joda.time
toStandardMinutes,repos/Time-27f/src/main/java/org/joda/time/Period.java,Period,org.joda.time
toStandardSeconds,repos/Time-27f/src/main/java/org/joda/time/Period.java,Period,org.joda.time
toStandardDuration,repos/Time-27f/src/main/java/org/joda/time/Period.java,Period,org.joda.time
checkYearsAndMonths,repos/Time-27f/src/main/java/org/joda/time/Period.java,Period,org.joda.time
normalizedStandard,repos/Time-27f/src/main/java/org/joda/time/Period.java,Period,org.joda.time
normalizedStandard,repos/Time-27f/src/main/java/org/joda/time/Period.java,Period,org.joda.time
getZone,repos/Time-27f/src/main/java/org/joda/time/base/AbstractInstant.java,AbstractInstant,org.joda.time.base
get,repos/Time-27f/src/main/java/org/joda/time/base/AbstractInstant.java,AbstractInstant,org.joda.time.base
isSupported,repos/Time-27f/src/main/java/org/joda/time/base/AbstractInstant.java,AbstractInstant,org.joda.time.base
get,repos/Time-27f/src/main/java/org/joda/time/base/AbstractInstant.java,AbstractInstant,org.joda.time.base
toInstant,repos/Time-27f/src/main/java/org/joda/time/base/AbstractInstant.java,AbstractInstant,org.joda.time.base
toDateTime,repos/Time-27f/src/main/java/org/joda/time/base/AbstractInstant.java,AbstractInstant,org.joda.time.base
toDateTimeISO,repos/Time-27f/src/main/java/org/joda/time/base/AbstractInstant.java,AbstractInstant,org.joda.time.base
toDateTime,repos/Time-27f/src/main/java/org/joda/time/base/AbstractInstant.java,AbstractInstant,org.joda.time.base
toDateTime,repos/Time-27f/src/main/java/org/joda/time/base/AbstractInstant.java,AbstractInstant,org.joda.time.base
toMutableDateTime,repos/Time-27f/src/main/java/org/joda/time/base/AbstractInstant.java,AbstractInstant,org.joda.time.base
toMutableDateTimeISO,repos/Time-27f/src/main/java/org/joda/time/base/AbstractInstant.java,AbstractInstant,org.joda.time.base
toMutableDateTime,repos/Time-27f/src/main/java/org/joda/time/base/AbstractInstant.java,AbstractInstant,org.joda.time.base
toMutableDateTime,repos/Time-27f/src/main/java/org/joda/time/base/AbstractInstant.java,AbstractInstant,org.joda.time.base
toDate,repos/Time-27f/src/main/java/org/joda/time/base/AbstractInstant.java,AbstractInstant,org.joda.time.base
equals,repos/Time-27f/src/main/java/org/joda/time/base/AbstractInstant.java,AbstractInstant,org.joda.time.base
hashCode,repos/Time-27f/src/main/java/org/joda/time/base/AbstractInstant.java,AbstractInstant,org.joda.time.base
compareTo,repos/Time-27f/src/main/java/org/joda/time/base/AbstractInstant.java,AbstractInstant,org.joda.time.base
isAfter,repos/Time-27f/src/main/java/org/joda/time/base/AbstractInstant.java,AbstractInstant,org.joda.time.base
isAfterNow,repos/Time-27f/src/main/java/org/joda/time/base/AbstractInstant.java,AbstractInstant,org.joda.time.base
isAfter,repos/Time-27f/src/main/java/org/joda/time/base/AbstractInstant.java,AbstractInstant,org.joda.time.base
isBefore,repos/Time-27f/src/main/java/org/joda/time/base/AbstractInstant.java,AbstractInstant,org.joda.time.base
isBeforeNow,repos/Time-27f/src/main/java/org/joda/time/base/AbstractInstant.java,AbstractInstant,org.joda.time.base
isBefore,repos/Time-27f/src/main/java/org/joda/time/base/AbstractInstant.java,AbstractInstant,org.joda.time.base
isEqual,repos/Time-27f/src/main/java/org/joda/time/base/AbstractInstant.java,AbstractInstant,org.joda.time.base
isEqualNow,repos/Time-27f/src/main/java/org/joda/time/base/AbstractInstant.java,AbstractInstant,org.joda.time.base
isEqual,repos/Time-27f/src/main/java/org/joda/time/base/AbstractInstant.java,AbstractInstant,org.joda.time.base
toString,repos/Time-27f/src/main/java/org/joda/time/base/AbstractInstant.java,AbstractInstant,org.joda.time.base
toString,repos/Time-27f/src/main/java/org/joda/time/base/AbstractInstant.java,AbstractInstant,org.joda.time.base
getField,repos/Time-27f/src/main/java/org/joda/time/base/AbstractPartial.java,AbstractPartial,org.joda.time.base
getFieldType,repos/Time-27f/src/main/java/org/joda/time/base/AbstractPartial.java,AbstractPartial,org.joda.time.base
getFieldTypes,repos/Time-27f/src/main/java/org/joda/time/base/AbstractPartial.java,AbstractPartial,org.joda.time.base
getField,repos/Time-27f/src/main/java/org/joda/time/base/AbstractPartial.java,AbstractPartial,org.joda.time.base
getFields,repos/Time-27f/src/main/java/org/joda/time/base/AbstractPartial.java,AbstractPartial,org.joda.time.base
getValues,repos/Time-27f/src/main/java/org/joda/time/base/AbstractPartial.java,AbstractPartial,org.joda.time.base
get,repos/Time-27f/src/main/java/org/joda/time/base/AbstractPartial.java,AbstractPartial,org.joda.time.base
isSupported,repos/Time-27f/src/main/java/org/joda/time/base/AbstractPartial.java,AbstractPartial,org.joda.time.base
indexOf,repos/Time-27f/src/main/java/org/joda/time/base/AbstractPartial.java,AbstractPartial,org.joda.time.base
indexOfSupported,repos/Time-27f/src/main/java/org/joda/time/base/AbstractPartial.java,AbstractPartial,org.joda.time.base
indexOf,repos/Time-27f/src/main/java/org/joda/time/base/AbstractPartial.java,AbstractPartial,org.joda.time.base
indexOfSupported,repos/Time-27f/src/main/java/org/joda/time/base/AbstractPartial.java,AbstractPartial,org.joda.time.base
toDateTime,repos/Time-27f/src/main/java/org/joda/time/base/AbstractPartial.java,AbstractPartial,org.joda.time.base
equals,repos/Time-27f/src/main/java/org/joda/time/base/AbstractPartial.java,AbstractPartial,org.joda.time.base
hashCode,repos/Time-27f/src/main/java/org/joda/time/base/AbstractPartial.java,AbstractPartial,org.joda.time.base
compareTo,repos/Time-27f/src/main/java/org/joda/time/base/AbstractPartial.java,AbstractPartial,org.joda.time.base
isAfter,repos/Time-27f/src/main/java/org/joda/time/base/AbstractPartial.java,AbstractPartial,org.joda.time.base
isBefore,repos/Time-27f/src/main/java/org/joda/time/base/AbstractPartial.java,AbstractPartial,org.joda.time.base
isEqual,repos/Time-27f/src/main/java/org/joda/time/base/AbstractPartial.java,AbstractPartial,org.joda.time.base
toString,repos/Time-27f/src/main/java/org/joda/time/base/AbstractPartial.java,AbstractPartial,org.joda.time.base
getValue,repos/Time-27f/src/main/java/org/joda/time/base/BasePartial.java,BasePartial,org.joda.time.base
getValues,repos/Time-27f/src/main/java/org/joda/time/base/BasePartial.java,BasePartial,org.joda.time.base
getChronology,repos/Time-27f/src/main/java/org/joda/time/base/BasePartial.java,BasePartial,org.joda.time.base
setValue,repos/Time-27f/src/main/java/org/joda/time/base/BasePartial.java,BasePartial,org.joda.time.base
setValues,repos/Time-27f/src/main/java/org/joda/time/base/BasePartial.java,BasePartial,org.joda.time.base
toString,repos/Time-27f/src/main/java/org/joda/time/base/BasePartial.java,BasePartial,org.joda.time.base
toString,repos/Time-27f/src/main/java/org/joda/time/base/BasePartial.java,BasePartial,org.joda.time.base
checkInterval,repos/Time-27f/src/main/java/org/joda/time/base/AbstractInterval.java,AbstractInterval,org.joda.time.base
getStart,repos/Time-27f/src/main/java/org/joda/time/base/AbstractInterval.java,AbstractInterval,org.joda.time.base
getEnd,repos/Time-27f/src/main/java/org/joda/time/base/AbstractInterval.java,AbstractInterval,org.joda.time.base
contains,repos/Time-27f/src/main/java/org/joda/time/base/AbstractInterval.java,AbstractInterval,org.joda.time.base
containsNow,repos/Time-27f/src/main/java/org/joda/time/base/AbstractInterval.java,AbstractInterval,org.joda.time.base
contains,repos/Time-27f/src/main/java/org/joda/time/base/AbstractInterval.java,AbstractInterval,org.joda.time.base
contains,repos/Time-27f/src/main/java/org/joda/time/base/AbstractInterval.java,AbstractInterval,org.joda.time.base
overlaps,repos/Time-27f/src/main/java/org/joda/time/base/AbstractInterval.java,AbstractInterval,org.joda.time.base
isBefore,repos/Time-27f/src/main/java/org/joda/time/base/AbstractInterval.java,AbstractInterval,org.joda.time.base
isBeforeNow,repos/Time-27f/src/main/java/org/joda/time/base/AbstractInterval.java,AbstractInterval,org.joda.time.base
isBefore,repos/Time-27f/src/main/java/org/joda/time/base/AbstractInterval.java,AbstractInterval,org.joda.time.base
isBefore,repos/Time-27f/src/main/java/org/joda/time/base/AbstractInterval.java,AbstractInterval,org.joda.time.base
isAfter,repos/Time-27f/src/main/java/org/joda/time/base/AbstractInterval.java,AbstractInterval,org.joda.time.base
isAfterNow,repos/Time-27f/src/main/java/org/joda/time/base/AbstractInterval.java,AbstractInterval,org.joda.time.base
isAfter,repos/Time-27f/src/main/java/org/joda/time/base/AbstractInterval.java,AbstractInterval,org.joda.time.base
isAfter,repos/Time-27f/src/main/java/org/joda/time/base/AbstractInterval.java,AbstractInterval,org.joda.time.base
toInterval,repos/Time-27f/src/main/java/org/joda/time/base/AbstractInterval.java,AbstractInterval,org.joda.time.base
toMutableInterval,repos/Time-27f/src/main/java/org/joda/time/base/AbstractInterval.java,AbstractInterval,org.joda.time.base
toDurationMillis,repos/Time-27f/src/main/java/org/joda/time/base/AbstractInterval.java,AbstractInterval,org.joda.time.base
toDuration,repos/Time-27f/src/main/java/org/joda/time/base/AbstractInterval.java,AbstractInterval,org.joda.time.base
toPeriod,repos/Time-27f/src/main/java/org/joda/time/base/AbstractInterval.java,AbstractInterval,org.joda.time.base
toPeriod,repos/Time-27f/src/main/java/org/joda/time/base/AbstractInterval.java,AbstractInterval,org.joda.time.base
equals,repos/Time-27f/src/main/java/org/joda/time/base/AbstractInterval.java,AbstractInterval,org.joda.time.base
hashCode,repos/Time-27f/src/main/java/org/joda/time/base/AbstractInterval.java,AbstractInterval,org.joda.time.base
toString,repos/Time-27f/src/main/java/org/joda/time/base/AbstractInterval.java,AbstractInterval,org.joda.time.base
checkChronology,repos/Time-27f/src/main/java/org/joda/time/base/BaseDateTime.java,BaseDateTime,org.joda.time.base
checkInstant,repos/Time-27f/src/main/java/org/joda/time/base/BaseDateTime.java,BaseDateTime,org.joda.time.base
getMillis,repos/Time-27f/src/main/java/org/joda/time/base/BaseDateTime.java,BaseDateTime,org.joda.time.base
getChronology,repos/Time-27f/src/main/java/org/joda/time/base/BaseDateTime.java,BaseDateTime,org.joda.time.base
setMillis,repos/Time-27f/src/main/java/org/joda/time/base/BaseDateTime.java,BaseDateTime,org.joda.time.base
setChronology,repos/Time-27f/src/main/java/org/joda/time/base/BaseDateTime.java,BaseDateTime,org.joda.time.base
checkPeriodType,repos/Time-27f/src/main/java/org/joda/time/base/BasePeriod.java,BasePeriod,org.joda.time.base
getPeriodType,repos/Time-27f/src/main/java/org/joda/time/base/BasePeriod.java,BasePeriod,org.joda.time.base
size,repos/Time-27f/src/main/java/org/joda/time/base/BasePeriod.java,BasePeriod,org.joda.time.base
getFieldType,repos/Time-27f/src/main/java/org/joda/time/base/BasePeriod.java,BasePeriod,org.joda.time.base
getValue,repos/Time-27f/src/main/java/org/joda/time/base/BasePeriod.java,BasePeriod,org.joda.time.base
toDurationFrom,repos/Time-27f/src/main/java/org/joda/time/base/BasePeriod.java,BasePeriod,org.joda.time.base
toDurationTo,repos/Time-27f/src/main/java/org/joda/time/base/BasePeriod.java,BasePeriod,org.joda.time.base
checkAndUpdate,repos/Time-27f/src/main/java/org/joda/time/base/BasePeriod.java,BasePeriod,org.joda.time.base
setPeriod,repos/Time-27f/src/main/java/org/joda/time/base/BasePeriod.java,BasePeriod,org.joda.time.base
setPeriodInternal,repos/Time-27f/src/main/java/org/joda/time/base/BasePeriod.java,BasePeriod,org.joda.time.base
setPeriod,repos/Time-27f/src/main/java/org/joda/time/base/BasePeriod.java,BasePeriod,org.joda.time.base
setPeriodInternal,repos/Time-27f/src/main/java/org/joda/time/base/BasePeriod.java,BasePeriod,org.joda.time.base
setField,repos/Time-27f/src/main/java/org/joda/time/base/BasePeriod.java,BasePeriod,org.joda.time.base
setFieldInto,repos/Time-27f/src/main/java/org/joda/time/base/BasePeriod.java,BasePeriod,org.joda.time.base
addField,repos/Time-27f/src/main/java/org/joda/time/base/BasePeriod.java,BasePeriod,org.joda.time.base
addFieldInto,repos/Time-27f/src/main/java/org/joda/time/base/BasePeriod.java,BasePeriod,org.joda.time.base
mergePeriod,repos/Time-27f/src/main/java/org/joda/time/base/BasePeriod.java,BasePeriod,org.joda.time.base
mergePeriodInto,repos/Time-27f/src/main/java/org/joda/time/base/BasePeriod.java,BasePeriod,org.joda.time.base
addPeriod,repos/Time-27f/src/main/java/org/joda/time/base/BasePeriod.java,BasePeriod,org.joda.time.base
addPeriodInto,repos/Time-27f/src/main/java/org/joda/time/base/BasePeriod.java,BasePeriod,org.joda.time.base
setValue,repos/Time-27f/src/main/java/org/joda/time/base/BasePeriod.java,BasePeriod,org.joda.time.base
setValues,repos/Time-27f/src/main/java/org/joda/time/base/BasePeriod.java,BasePeriod,org.joda.time.base
toDuration,repos/Time-27f/src/main/java/org/joda/time/base/AbstractDuration.java,AbstractDuration,org.joda.time.base
toPeriod,repos/Time-27f/src/main/java/org/joda/time/base/AbstractDuration.java,AbstractDuration,org.joda.time.base
compareTo,repos/Time-27f/src/main/java/org/joda/time/base/AbstractDuration.java,AbstractDuration,org.joda.time.base
isEqual,repos/Time-27f/src/main/java/org/joda/time/base/AbstractDuration.java,AbstractDuration,org.joda.time.base
isLongerThan,repos/Time-27f/src/main/java/org/joda/time/base/AbstractDuration.java,AbstractDuration,org.joda.time.base
isShorterThan,repos/Time-27f/src/main/java/org/joda/time/base/AbstractDuration.java,AbstractDuration,org.joda.time.base
equals,repos/Time-27f/src/main/java/org/joda/time/base/AbstractDuration.java,AbstractDuration,org.joda.time.base
hashCode,repos/Time-27f/src/main/java/org/joda/time/base/AbstractDuration.java,AbstractDuration,org.joda.time.base
toString,repos/Time-27f/src/main/java/org/joda/time/base/AbstractDuration.java,AbstractDuration,org.joda.time.base
getChronology,repos/Time-27f/src/main/java/org/joda/time/base/BaseInterval.java,BaseInterval,org.joda.time.base
getStartMillis,repos/Time-27f/src/main/java/org/joda/time/base/BaseInterval.java,BaseInterval,org.joda.time.base
getEndMillis,repos/Time-27f/src/main/java/org/joda/time/base/BaseInterval.java,BaseInterval,org.joda.time.base
setInterval,repos/Time-27f/src/main/java/org/joda/time/base/BaseInterval.java,BaseInterval,org.joda.time.base
get,repos/Time-27f/src/main/java/org/joda/time/base/AbstractDateTime.java,AbstractDateTime,org.joda.time.base
getEra,repos/Time-27f/src/main/java/org/joda/time/base/AbstractDateTime.java,AbstractDateTime,org.joda.time.base
getCenturyOfEra,repos/Time-27f/src/main/java/org/joda/time/base/AbstractDateTime.java,AbstractDateTime,org.joda.time.base
getYearOfEra,repos/Time-27f/src/main/java/org/joda/time/base/AbstractDateTime.java,AbstractDateTime,org.joda.time.base
getYearOfCentury,repos/Time-27f/src/main/java/org/joda/time/base/AbstractDateTime.java,AbstractDateTime,org.joda.time.base
getYear,repos/Time-27f/src/main/java/org/joda/time/base/AbstractDateTime.java,AbstractDateTime,org.joda.time.base
getWeekyear,repos/Time-27f/src/main/java/org/joda/time/base/AbstractDateTime.java,AbstractDateTime,org.joda.time.base
getMonthOfYear,repos/Time-27f/src/main/java/org/joda/time/base/AbstractDateTime.java,AbstractDateTime,org.joda.time.base
getWeekOfWeekyear,repos/Time-27f/src/main/java/org/joda/time/base/AbstractDateTime.java,AbstractDateTime,org.joda.time.base
getDayOfYear,repos/Time-27f/src/main/java/org/joda/time/base/AbstractDateTime.java,AbstractDateTime,org.joda.time.base
getDayOfMonth,repos/Time-27f/src/main/java/org/joda/time/base/AbstractDateTime.java,AbstractDateTime,org.joda.time.base
getDayOfWeek,repos/Time-27f/src/main/java/org/joda/time/base/AbstractDateTime.java,AbstractDateTime,org.joda.time.base
getHourOfDay,repos/Time-27f/src/main/java/org/joda/time/base/AbstractDateTime.java,AbstractDateTime,org.joda.time.base
getMinuteOfDay,repos/Time-27f/src/main/java/org/joda/time/base/AbstractDateTime.java,AbstractDateTime,org.joda.time.base
getMinuteOfHour,repos/Time-27f/src/main/java/org/joda/time/base/AbstractDateTime.java,AbstractDateTime,org.joda.time.base
getSecondOfDay,repos/Time-27f/src/main/java/org/joda/time/base/AbstractDateTime.java,AbstractDateTime,org.joda.time.base
getSecondOfMinute,repos/Time-27f/src/main/java/org/joda/time/base/AbstractDateTime.java,AbstractDateTime,org.joda.time.base
getMillisOfDay,repos/Time-27f/src/main/java/org/joda/time/base/AbstractDateTime.java,AbstractDateTime,org.joda.time.base
getMillisOfSecond,repos/Time-27f/src/main/java/org/joda/time/base/AbstractDateTime.java,AbstractDateTime,org.joda.time.base
toCalendar,repos/Time-27f/src/main/java/org/joda/time/base/AbstractDateTime.java,AbstractDateTime,org.joda.time.base
toGregorianCalendar,repos/Time-27f/src/main/java/org/joda/time/base/AbstractDateTime.java,AbstractDateTime,org.joda.time.base
toString,repos/Time-27f/src/main/java/org/joda/time/base/AbstractDateTime.java,AbstractDateTime,org.joda.time.base
toString,repos/Time-27f/src/main/java/org/joda/time/base/AbstractDateTime.java,AbstractDateTime,org.joda.time.base
getFieldTypes,repos/Time-27f/src/main/java/org/joda/time/base/AbstractPeriod.java,AbstractPeriod,org.joda.time.base
getValues,repos/Time-27f/src/main/java/org/joda/time/base/AbstractPeriod.java,AbstractPeriod,org.joda.time.base
get,repos/Time-27f/src/main/java/org/joda/time/base/AbstractPeriod.java,AbstractPeriod,org.joda.time.base
isSupported,repos/Time-27f/src/main/java/org/joda/time/base/AbstractPeriod.java,AbstractPeriod,org.joda.time.base
indexOf,repos/Time-27f/src/main/java/org/joda/time/base/AbstractPeriod.java,AbstractPeriod,org.joda.time.base
toPeriod,repos/Time-27f/src/main/java/org/joda/time/base/AbstractPeriod.java,AbstractPeriod,org.joda.time.base
toMutablePeriod,repos/Time-27f/src/main/java/org/joda/time/base/AbstractPeriod.java,AbstractPeriod,org.joda.time.base
equals,repos/Time-27f/src/main/java/org/joda/time/base/AbstractPeriod.java,AbstractPeriod,org.joda.time.base
hashCode,repos/Time-27f/src/main/java/org/joda/time/base/AbstractPeriod.java,AbstractPeriod,org.joda.time.base
toString,repos/Time-27f/src/main/java/org/joda/time/base/AbstractPeriod.java,AbstractPeriod,org.joda.time.base
toString,repos/Time-27f/src/main/java/org/joda/time/base/AbstractPeriod.java,AbstractPeriod,org.joda.time.base
getMillis,repos/Time-27f/src/main/java/org/joda/time/base/BaseDuration.java,BaseDuration,org.joda.time.base
setMillis,repos/Time-27f/src/main/java/org/joda/time/base/BaseDuration.java,BaseDuration,org.joda.time.base
toPeriod,repos/Time-27f/src/main/java/org/joda/time/base/BaseDuration.java,BaseDuration,org.joda.time.base
toPeriod,repos/Time-27f/src/main/java/org/joda/time/base/BaseDuration.java,BaseDuration,org.joda.time.base
toPeriod,repos/Time-27f/src/main/java/org/joda/time/base/BaseDuration.java,BaseDuration,org.joda.time.base
toPeriodFrom,repos/Time-27f/src/main/java/org/joda/time/base/BaseDuration.java,BaseDuration,org.joda.time.base
toPeriodFrom,repos/Time-27f/src/main/java/org/joda/time/base/BaseDuration.java,BaseDuration,org.joda.time.base
toPeriodTo,repos/Time-27f/src/main/java/org/joda/time/base/BaseDuration.java,BaseDuration,org.joda.time.base
toPeriodTo,repos/Time-27f/src/main/java/org/joda/time/base/BaseDuration.java,BaseDuration,org.joda.time.base
toIntervalFrom,repos/Time-27f/src/main/java/org/joda/time/base/BaseDuration.java,BaseDuration,org.joda.time.base
toIntervalTo,repos/Time-27f/src/main/java/org/joda/time/base/BaseDuration.java,BaseDuration,org.joda.time.base
between,repos/Time-27f/src/main/java/org/joda/time/base/BaseSingleFieldPeriod.java,BaseSingleFieldPeriod,org.joda.time.base
between,repos/Time-27f/src/main/java/org/joda/time/base/BaseSingleFieldPeriod.java,BaseSingleFieldPeriod,org.joda.time.base
standardPeriodIn,repos/Time-27f/src/main/java/org/joda/time/base/BaseSingleFieldPeriod.java,BaseSingleFieldPeriod,org.joda.time.base
getValue,repos/Time-27f/src/main/java/org/joda/time/base/BaseSingleFieldPeriod.java,BaseSingleFieldPeriod,org.joda.time.base
setValue,repos/Time-27f/src/main/java/org/joda/time/base/BaseSingleFieldPeriod.java,BaseSingleFieldPeriod,org.joda.time.base
getFieldType,repos/Time-27f/src/main/java/org/joda/time/base/BaseSingleFieldPeriod.java,BaseSingleFieldPeriod,org.joda.time.base
getPeriodType,repos/Time-27f/src/main/java/org/joda/time/base/BaseSingleFieldPeriod.java,BaseSingleFieldPeriod,org.joda.time.base
size,repos/Time-27f/src/main/java/org/joda/time/base/BaseSingleFieldPeriod.java,BaseSingleFieldPeriod,org.joda.time.base
getFieldType,repos/Time-27f/src/main/java/org/joda/time/base/BaseSingleFieldPeriod.java,BaseSingleFieldPeriod,org.joda.time.base
getValue,repos/Time-27f/src/main/java/org/joda/time/base/BaseSingleFieldPeriod.java,BaseSingleFieldPeriod,org.joda.time.base
get,repos/Time-27f/src/main/java/org/joda/time/base/BaseSingleFieldPeriod.java,BaseSingleFieldPeriod,org.joda.time.base
isSupported,repos/Time-27f/src/main/java/org/joda/time/base/BaseSingleFieldPeriod.java,BaseSingleFieldPeriod,org.joda.time.base
toPeriod,repos/Time-27f/src/main/java/org/joda/time/base/BaseSingleFieldPeriod.java,BaseSingleFieldPeriod,org.joda.time.base
toMutablePeriod,repos/Time-27f/src/main/java/org/joda/time/base/BaseSingleFieldPeriod.java,BaseSingleFieldPeriod,org.joda.time.base
equals,repos/Time-27f/src/main/java/org/joda/time/base/BaseSingleFieldPeriod.java,BaseSingleFieldPeriod,org.joda.time.base
hashCode,repos/Time-27f/src/main/java/org/joda/time/base/BaseSingleFieldPeriod.java,BaseSingleFieldPeriod,org.joda.time.base
compareTo,repos/Time-27f/src/main/java/org/joda/time/base/BaseSingleFieldPeriod.java,BaseSingleFieldPeriod,org.joda.time.base
getLocalMillis,repos/Time-27f/src/main/java/org/joda/time/base/BaseLocal.java,BaseLocal,org.joda.time.base
getDayOfWeek,repos/Time-27f/src/main/java/org/joda/time/ReadableDateTime.java,ReadableDateTime,org.joda.time
getDayOfMonth,repos/Time-27f/src/main/java/org/joda/time/ReadableDateTime.java,ReadableDateTime,org.joda.time
getDayOfYear,repos/Time-27f/src/main/java/org/joda/time/ReadableDateTime.java,ReadableDateTime,org.joda.time
getWeekOfWeekyear,repos/Time-27f/src/main/java/org/joda/time/ReadableDateTime.java,ReadableDateTime,org.joda.time
getWeekyear,repos/Time-27f/src/main/java/org/joda/time/ReadableDateTime.java,ReadableDateTime,org.joda.time
getMonthOfYear,repos/Time-27f/src/main/java/org/joda/time/ReadableDateTime.java,ReadableDateTime,org.joda.time
getYear,repos/Time-27f/src/main/java/org/joda/time/ReadableDateTime.java,ReadableDateTime,org.joda.time
getYearOfEra,repos/Time-27f/src/main/java/org/joda/time/ReadableDateTime.java,ReadableDateTime,org.joda.time
getYearOfCentury,repos/Time-27f/src/main/java/org/joda/time/ReadableDateTime.java,ReadableDateTime,org.joda.time
getCenturyOfEra,repos/Time-27f/src/main/java/org/joda/time/ReadableDateTime.java,ReadableDateTime,org.joda.time
getEra,repos/Time-27f/src/main/java/org/joda/time/ReadableDateTime.java,ReadableDateTime,org.joda.time
getMillisOfSecond,repos/Time-27f/src/main/java/org/joda/time/ReadableDateTime.java,ReadableDateTime,org.joda.time
getMillisOfDay,repos/Time-27f/src/main/java/org/joda/time/ReadableDateTime.java,ReadableDateTime,org.joda.time
getSecondOfMinute,repos/Time-27f/src/main/java/org/joda/time/ReadableDateTime.java,ReadableDateTime,org.joda.time
getSecondOfDay,repos/Time-27f/src/main/java/org/joda/time/ReadableDateTime.java,ReadableDateTime,org.joda.time
getMinuteOfHour,repos/Time-27f/src/main/java/org/joda/time/ReadableDateTime.java,ReadableDateTime,org.joda.time
getMinuteOfDay,repos/Time-27f/src/main/java/org/joda/time/ReadableDateTime.java,ReadableDateTime,org.joda.time
getHourOfDay,repos/Time-27f/src/main/java/org/joda/time/ReadableDateTime.java,ReadableDateTime,org.joda.time
toDateTime,repos/Time-27f/src/main/java/org/joda/time/ReadableDateTime.java,ReadableDateTime,org.joda.time
toMutableDateTime,repos/Time-27f/src/main/java/org/joda/time/ReadableDateTime.java,ReadableDateTime,org.joda.time
toString,repos/Time-27f/src/main/java/org/joda/time/ReadableDateTime.java,ReadableDateTime,org.joda.time
toString,repos/Time-27f/src/main/java/org/joda/time/ReadableDateTime.java,ReadableDateTime,org.joda.time
getChronology,repos/Time-27f/src/main/java/org/joda/time/convert/ReadablePartialConverter.java,ReadablePartialConverter,org.joda.time.convert
getChronology,repos/Time-27f/src/main/java/org/joda/time/convert/ReadablePartialConverter.java,ReadablePartialConverter,org.joda.time.convert
getPartialValues,repos/Time-27f/src/main/java/org/joda/time/convert/ReadablePartialConverter.java,ReadablePartialConverter,org.joda.time.convert
getSupportedType,repos/Time-27f/src/main/java/org/joda/time/convert/ReadablePartialConverter.java,ReadablePartialConverter,org.joda.time.convert
getInstantMillis,repos/Time-27f/src/main/java/org/joda/time/convert/AbstractConverter.java,AbstractConverter,org.joda.time.convert
getChronology,repos/Time-27f/src/main/java/org/joda/time/convert/AbstractConverter.java,AbstractConverter,org.joda.time.convert
getChronology,repos/Time-27f/src/main/java/org/joda/time/convert/AbstractConverter.java,AbstractConverter,org.joda.time.convert
getPartialValues,repos/Time-27f/src/main/java/org/joda/time/convert/AbstractConverter.java,AbstractConverter,org.joda.time.convert
getPartialValues,repos/Time-27f/src/main/java/org/joda/time/convert/AbstractConverter.java,AbstractConverter,org.joda.time.convert
getPeriodType,repos/Time-27f/src/main/java/org/joda/time/convert/AbstractConverter.java,AbstractConverter,org.joda.time.convert
isReadableInterval,repos/Time-27f/src/main/java/org/joda/time/convert/AbstractConverter.java,AbstractConverter,org.joda.time.convert
toString,repos/Time-27f/src/main/java/org/joda/time/convert/AbstractConverter.java,AbstractConverter,org.joda.time.convert
getDurationMillis,repos/Time-27f/src/main/java/org/joda/time/convert/DurationConverter.java,DurationConverter,org.joda.time.convert
isReadableInterval,repos/Time-27f/src/main/java/org/joda/time/convert/IntervalConverter.java,IntervalConverter,org.joda.time.convert
setInto,repos/Time-27f/src/main/java/org/joda/time/convert/IntervalConverter.java,IntervalConverter,org.joda.time.convert
getInstantMillis,repos/Time-27f/src/main/java/org/joda/time/convert/LongConverter.java,LongConverter,org.joda.time.convert
getDurationMillis,repos/Time-27f/src/main/java/org/joda/time/convert/LongConverter.java,LongConverter,org.joda.time.convert
getSupportedType,repos/Time-27f/src/main/java/org/joda/time/convert/LongConverter.java,LongConverter,org.joda.time.convert
getInstantMillis,repos/Time-27f/src/main/java/org/joda/time/convert/StringConverter.java,StringConverter,org.joda.time.convert
getPartialValues,repos/Time-27f/src/main/java/org/joda/time/convert/StringConverter.java,StringConverter,org.joda.time.convert
getDurationMillis,repos/Time-27f/src/main/java/org/joda/time/convert/StringConverter.java,StringConverter,org.joda.time.convert
setInto,repos/Time-27f/src/main/java/org/joda/time/convert/StringConverter.java,StringConverter,org.joda.time.convert
setInto,repos/Time-27f/src/main/java/org/joda/time/convert/StringConverter.java,StringConverter,org.joda.time.convert
getSupportedType,repos/Time-27f/src/main/java/org/joda/time/convert/StringConverter.java,StringConverter,org.joda.time.convert
getDurationMillis,repos/Time-27f/src/main/java/org/joda/time/convert/NullConverter.java,NullConverter,org.joda.time.convert
setInto,repos/Time-27f/src/main/java/org/joda/time/convert/NullConverter.java,NullConverter,org.joda.time.convert
setInto,repos/Time-27f/src/main/java/org/joda/time/convert/NullConverter.java,NullConverter,org.joda.time.convert
getSupportedType,repos/Time-27f/src/main/java/org/joda/time/convert/NullConverter.java,NullConverter,org.joda.time.convert
getDurationMillis,repos/Time-27f/src/main/java/org/joda/time/convert/ReadableIntervalConverter.java,ReadableIntervalConverter,org.joda.time.convert
setInto,repos/Time-27f/src/main/java/org/joda/time/convert/ReadableIntervalConverter.java,ReadableIntervalConverter,org.joda.time.convert
isReadableInterval,repos/Time-27f/src/main/java/org/joda/time/convert/ReadableIntervalConverter.java,ReadableIntervalConverter,org.joda.time.convert
setInto,repos/Time-27f/src/main/java/org/joda/time/convert/ReadableIntervalConverter.java,ReadableIntervalConverter,org.joda.time.convert
getSupportedType,repos/Time-27f/src/main/java/org/joda/time/convert/ReadableIntervalConverter.java,ReadableIntervalConverter,org.joda.time.convert
getDurationMillis,repos/Time-27f/src/main/java/org/joda/time/convert/ReadableDurationConverter.java,ReadableDurationConverter,org.joda.time.convert
setInto,repos/Time-27f/src/main/java/org/joda/time/convert/ReadableDurationConverter.java,ReadableDurationConverter,org.joda.time.convert
getSupportedType,repos/Time-27f/src/main/java/org/joda/time/convert/ReadableDurationConverter.java,ReadableDurationConverter,org.joda.time.convert
getChronology,repos/Time-27f/src/main/java/org/joda/time/convert/InstantConverter.java,InstantConverter,org.joda.time.convert
getChronology,repos/Time-27f/src/main/java/org/joda/time/convert/InstantConverter.java,InstantConverter,org.joda.time.convert
getInstantMillis,repos/Time-27f/src/main/java/org/joda/time/convert/InstantConverter.java,InstantConverter,org.joda.time.convert
getInstantMillis,repos/Time-27f/src/main/java/org/joda/time/convert/DateConverter.java,DateConverter,org.joda.time.convert
getSupportedType,repos/Time-27f/src/main/java/org/joda/time/convert/DateConverter.java,DateConverter,org.joda.time.convert
getSupportedType,repos/Time-27f/src/main/java/org/joda/time/convert/Converter.java,Converter,org.joda.time.convert
getInstance,repos/Time-27f/src/main/java/org/joda/time/convert/ConverterManager.java,ConverterManager,org.joda.time.convert
getInstantConverter,repos/Time-27f/src/main/java/org/joda/time/convert/ConverterManager.java,ConverterManager,org.joda.time.convert
getInstantConverters,repos/Time-27f/src/main/java/org/joda/time/convert/ConverterManager.java,ConverterManager,org.joda.time.convert
addInstantConverter,repos/Time-27f/src/main/java/org/joda/time/convert/ConverterManager.java,ConverterManager,org.joda.time.convert
removeInstantConverter,repos/Time-27f/src/main/java/org/joda/time/convert/ConverterManager.java,ConverterManager,org.joda.time.convert
checkAlterInstantConverters,repos/Time-27f/src/main/java/org/joda/time/convert/ConverterManager.java,ConverterManager,org.joda.time.convert
getPartialConverter,repos/Time-27f/src/main/java/org/joda/time/convert/ConverterManager.java,ConverterManager,org.joda.time.convert
getPartialConverters,repos/Time-27f/src/main/java/org/joda/time/convert/ConverterManager.java,ConverterManager,org.joda.time.convert
addPartialConverter,repos/Time-27f/src/main/java/org/joda/time/convert/ConverterManager.java,ConverterManager,org.joda.time.convert
removePartialConverter,repos/Time-27f/src/main/java/org/joda/time/convert/ConverterManager.java,ConverterManager,org.joda.time.convert
checkAlterPartialConverters,repos/Time-27f/src/main/java/org/joda/time/convert/ConverterManager.java,ConverterManager,org.joda.time.convert
getDurationConverter,repos/Time-27f/src/main/java/org/joda/time/convert/ConverterManager.java,ConverterManager,org.joda.time.convert
getDurationConverters,repos/Time-27f/src/main/java/org/joda/time/convert/ConverterManager.java,ConverterManager,org.joda.time.convert
addDurationConverter,repos/Time-27f/src/main/java/org/joda/time/convert/ConverterManager.java,ConverterManager,org.joda.time.convert
removeDurationConverter,repos/Time-27f/src/main/java/org/joda/time/convert/ConverterManager.java,ConverterManager,org.joda.time.convert
checkAlterDurationConverters,repos/Time-27f/src/main/java/org/joda/time/convert/ConverterManager.java,ConverterManager,org.joda.time.convert
getPeriodConverter,repos/Time-27f/src/main/java/org/joda/time/convert/ConverterManager.java,ConverterManager,org.joda.time.convert
getPeriodConverters,repos/Time-27f/src/main/java/org/joda/time/convert/ConverterManager.java,ConverterManager,org.joda.time.convert
addPeriodConverter,repos/Time-27f/src/main/java/org/joda/time/convert/ConverterManager.java,ConverterManager,org.joda.time.convert
removePeriodConverter,repos/Time-27f/src/main/java/org/joda/time/convert/ConverterManager.java,ConverterManager,org.joda.time.convert
checkAlterPeriodConverters,repos/Time-27f/src/main/java/org/joda/time/convert/ConverterManager.java,ConverterManager,org.joda.time.convert
getIntervalConverter,repos/Time-27f/src/main/java/org/joda/time/convert/ConverterManager.java,ConverterManager,org.joda.time.convert
getIntervalConverters,repos/Time-27f/src/main/java/org/joda/time/convert/ConverterManager.java,ConverterManager,org.joda.time.convert
addIntervalConverter,repos/Time-27f/src/main/java/org/joda/time/convert/ConverterManager.java,ConverterManager,org.joda.time.convert
removeIntervalConverter,repos/Time-27f/src/main/java/org/joda/time/convert/ConverterManager.java,ConverterManager,org.joda.time.convert
checkAlterIntervalConverters,repos/Time-27f/src/main/java/org/joda/time/convert/ConverterManager.java,ConverterManager,org.joda.time.convert
getChronology,repos/Time-27f/src/main/java/org/joda/time/convert/PartialConverter.java,PartialConverter,org.joda.time.convert
getChronology,repos/Time-27f/src/main/java/org/joda/time/convert/PartialConverter.java,PartialConverter,org.joda.time.convert
getPartialValues,repos/Time-27f/src/main/java/org/joda/time/convert/PartialConverter.java,PartialConverter,org.joda.time.convert
getPartialValues,repos/Time-27f/src/main/java/org/joda/time/convert/PartialConverter.java,PartialConverter,org.joda.time.convert
select,repos/Time-27f/src/main/java/org/joda/time/convert/ConverterSet.java,ConverterSet,org.joda.time.convert
size,repos/Time-27f/src/main/java/org/joda/time/convert/ConverterSet.java,ConverterSet,org.joda.time.convert
copyInto,repos/Time-27f/src/main/java/org/joda/time/convert/ConverterSet.java,ConverterSet,org.joda.time.convert
add,repos/Time-27f/src/main/java/org/joda/time/convert/ConverterSet.java,ConverterSet,org.joda.time.convert
remove,repos/Time-27f/src/main/java/org/joda/time/convert/ConverterSet.java,ConverterSet,org.joda.time.convert
remove,repos/Time-27f/src/main/java/org/joda/time/convert/ConverterSet.java,ConverterSet,org.joda.time.convert
selectSlow,repos/Time-27f/src/main/java/org/joda/time/convert/ConverterSet.java,ConverterSet,org.joda.time.convert
getChronology,repos/Time-27f/src/main/java/org/joda/time/convert/ReadableInstantConverter.java,ReadableInstantConverter,org.joda.time.convert
getChronology,repos/Time-27f/src/main/java/org/joda/time/convert/ReadableInstantConverter.java,ReadableInstantConverter,org.joda.time.convert
getInstantMillis,repos/Time-27f/src/main/java/org/joda/time/convert/ReadableInstantConverter.java,ReadableInstantConverter,org.joda.time.convert
getSupportedType,repos/Time-27f/src/main/java/org/joda/time/convert/ReadableInstantConverter.java,ReadableInstantConverter,org.joda.time.convert
setInto,repos/Time-27f/src/main/java/org/joda/time/convert/ReadablePeriodConverter.java,ReadablePeriodConverter,org.joda.time.convert
getPeriodType,repos/Time-27f/src/main/java/org/joda/time/convert/ReadablePeriodConverter.java,ReadablePeriodConverter,org.joda.time.convert
getSupportedType,repos/Time-27f/src/main/java/org/joda/time/convert/ReadablePeriodConverter.java,ReadablePeriodConverter,org.joda.time.convert
getChronology,repos/Time-27f/src/main/java/org/joda/time/convert/CalendarConverter.java,CalendarConverter,org.joda.time.convert
getChronology,repos/Time-27f/src/main/java/org/joda/time/convert/CalendarConverter.java,CalendarConverter,org.joda.time.convert
getInstantMillis,repos/Time-27f/src/main/java/org/joda/time/convert/CalendarConverter.java,CalendarConverter,org.joda.time.convert
getSupportedType,repos/Time-27f/src/main/java/org/joda/time/convert/CalendarConverter.java,CalendarConverter,org.joda.time.convert
setInto,repos/Time-27f/src/main/java/org/joda/time/convert/PeriodConverter.java,PeriodConverter,org.joda.time.convert
getPeriodType,repos/Time-27f/src/main/java/org/joda/time/convert/PeriodConverter.java,PeriodConverter,org.joda.time.convert
getRoundingField,repos/Time-27f/src/main/java/org/joda/time/MutableDateTime.java,MutableDateTime,org.joda.time
getRoundingMode,repos/Time-27f/src/main/java/org/joda/time/MutableDateTime.java,MutableDateTime,org.joda.time
setRounding,repos/Time-27f/src/main/java/org/joda/time/MutableDateTime.java,MutableDateTime,org.joda.time
setRounding,repos/Time-27f/src/main/java/org/joda/time/MutableDateTime.java,MutableDateTime,org.joda.time
setMillis,repos/Time-27f/src/main/java/org/joda/time/MutableDateTime.java,MutableDateTime,org.joda.time
setMillis,repos/Time-27f/src/main/java/org/joda/time/MutableDateTime.java,MutableDateTime,org.joda.time
add,repos/Time-27f/src/main/java/org/joda/time/MutableDateTime.java,MutableDateTime,org.joda.time
add,repos/Time-27f/src/main/java/org/joda/time/MutableDateTime.java,MutableDateTime,org.joda.time
add,repos/Time-27f/src/main/java/org/joda/time/MutableDateTime.java,MutableDateTime,org.joda.time
add,repos/Time-27f/src/main/java/org/joda/time/MutableDateTime.java,MutableDateTime,org.joda.time
add,repos/Time-27f/src/main/java/org/joda/time/MutableDateTime.java,MutableDateTime,org.joda.time
setChronology,repos/Time-27f/src/main/java/org/joda/time/MutableDateTime.java,MutableDateTime,org.joda.time
setZone,repos/Time-27f/src/main/java/org/joda/time/MutableDateTime.java,MutableDateTime,org.joda.time
setZoneRetainFields,repos/Time-27f/src/main/java/org/joda/time/MutableDateTime.java,MutableDateTime,org.joda.time
set,repos/Time-27f/src/main/java/org/joda/time/MutableDateTime.java,MutableDateTime,org.joda.time
add,repos/Time-27f/src/main/java/org/joda/time/MutableDateTime.java,MutableDateTime,org.joda.time
setYear,repos/Time-27f/src/main/java/org/joda/time/MutableDateTime.java,MutableDateTime,org.joda.time
addYears,repos/Time-27f/src/main/java/org/joda/time/MutableDateTime.java,MutableDateTime,org.joda.time
setWeekyear,repos/Time-27f/src/main/java/org/joda/time/MutableDateTime.java,MutableDateTime,org.joda.time
addWeekyears,repos/Time-27f/src/main/java/org/joda/time/MutableDateTime.java,MutableDateTime,org.joda.time
setMonthOfYear,repos/Time-27f/src/main/java/org/joda/time/MutableDateTime.java,MutableDateTime,org.joda.time
addMonths,repos/Time-27f/src/main/java/org/joda/time/MutableDateTime.java,MutableDateTime,org.joda.time
setWeekOfWeekyear,repos/Time-27f/src/main/java/org/joda/time/MutableDateTime.java,MutableDateTime,org.joda.time
addWeeks,repos/Time-27f/src/main/java/org/joda/time/MutableDateTime.java,MutableDateTime,org.joda.time
setDayOfYear,repos/Time-27f/src/main/java/org/joda/time/MutableDateTime.java,MutableDateTime,org.joda.time
setDayOfMonth,repos/Time-27f/src/main/java/org/joda/time/MutableDateTime.java,MutableDateTime,org.joda.time
setDayOfWeek,repos/Time-27f/src/main/java/org/joda/time/MutableDateTime.java,MutableDateTime,org.joda.time
addDays,repos/Time-27f/src/main/java/org/joda/time/MutableDateTime.java,MutableDateTime,org.joda.time
setHourOfDay,repos/Time-27f/src/main/java/org/joda/time/MutableDateTime.java,MutableDateTime,org.joda.time
addHours,repos/Time-27f/src/main/java/org/joda/time/MutableDateTime.java,MutableDateTime,org.joda.time
setMinuteOfDay,repos/Time-27f/src/main/java/org/joda/time/MutableDateTime.java,MutableDateTime,org.joda.time
setMinuteOfHour,repos/Time-27f/src/main/java/org/joda/time/MutableDateTime.java,MutableDateTime,org.joda.time
addMinutes,repos/Time-27f/src/main/java/org/joda/time/MutableDateTime.java,MutableDateTime,org.joda.time
setSecondOfDay,repos/Time-27f/src/main/java/org/joda/time/MutableDateTime.java,MutableDateTime,org.joda.time
setSecondOfMinute,repos/Time-27f/src/main/java/org/joda/time/MutableDateTime.java,MutableDateTime,org.joda.time
addSeconds,repos/Time-27f/src/main/java/org/joda/time/MutableDateTime.java,MutableDateTime,org.joda.time
setMillisOfDay,repos/Time-27f/src/main/java/org/joda/time/MutableDateTime.java,MutableDateTime,org.joda.time
setMillisOfSecond,repos/Time-27f/src/main/java/org/joda/time/MutableDateTime.java,MutableDateTime,org.joda.time
addMillis,repos/Time-27f/src/main/java/org/joda/time/MutableDateTime.java,MutableDateTime,org.joda.time
setDate,repos/Time-27f/src/main/java/org/joda/time/MutableDateTime.java,MutableDateTime,org.joda.time
setDate,repos/Time-27f/src/main/java/org/joda/time/MutableDateTime.java,MutableDateTime,org.joda.time
setDate,repos/Time-27f/src/main/java/org/joda/time/MutableDateTime.java,MutableDateTime,org.joda.time
setTime,repos/Time-27f/src/main/java/org/joda/time/MutableDateTime.java,MutableDateTime,org.joda.time
setTime,repos/Time-27f/src/main/java/org/joda/time/MutableDateTime.java,MutableDateTime,org.joda.time
setTime,repos/Time-27f/src/main/java/org/joda/time/MutableDateTime.java,MutableDateTime,org.joda.time
setDateTime,repos/Time-27f/src/main/java/org/joda/time/MutableDateTime.java,MutableDateTime,org.joda.time
property,repos/Time-27f/src/main/java/org/joda/time/MutableDateTime.java,MutableDateTime,org.joda.time
era,repos/Time-27f/src/main/java/org/joda/time/MutableDateTime.java,MutableDateTime,org.joda.time
centuryOfEra,repos/Time-27f/src/main/java/org/joda/time/MutableDateTime.java,MutableDateTime,org.joda.time
yearOfCentury,repos/Time-27f/src/main/java/org/joda/time/MutableDateTime.java,MutableDateTime,org.joda.time
yearOfEra,repos/Time-27f/src/main/java/org/joda/time/MutableDateTime.java,MutableDateTime,org.joda.time
year,repos/Time-27f/src/main/java/org/joda/time/MutableDateTime.java,MutableDateTime,org.joda.time
weekyear,repos/Time-27f/src/main/java/org/joda/time/MutableDateTime.java,MutableDateTime,org.joda.time
monthOfYear,repos/Time-27f/src/main/java/org/joda/time/MutableDateTime.java,MutableDateTime,org.joda.time
weekOfWeekyear,repos/Time-27f/src/main/java/org/joda/time/MutableDateTime.java,MutableDateTime,org.joda.time
dayOfYear,repos/Time-27f/src/main/java/org/joda/time/MutableDateTime.java,MutableDateTime,org.joda.time
dayOfMonth,repos/Time-27f/src/main/java/org/joda/time/MutableDateTime.java,MutableDateTime,org.joda.time
dayOfWeek,repos/Time-27f/src/main/java/org/joda/time/MutableDateTime.java,MutableDateTime,org.joda.time
hourOfDay,repos/Time-27f/src/main/java/org/joda/time/MutableDateTime.java,MutableDateTime,org.joda.time
minuteOfDay,repos/Time-27f/src/main/java/org/joda/time/MutableDateTime.java,MutableDateTime,org.joda.time
minuteOfHour,repos/Time-27f/src/main/java/org/joda/time/MutableDateTime.java,MutableDateTime,org.joda.time
secondOfDay,repos/Time-27f/src/main/java/org/joda/time/MutableDateTime.java,MutableDateTime,org.joda.time
secondOfMinute,repos/Time-27f/src/main/java/org/joda/time/MutableDateTime.java,MutableDateTime,org.joda.time
millisOfDay,repos/Time-27f/src/main/java/org/joda/time/MutableDateTime.java,MutableDateTime,org.joda.time
millisOfSecond,repos/Time-27f/src/main/java/org/joda/time/MutableDateTime.java,MutableDateTime,org.joda.time
copy,repos/Time-27f/src/main/java/org/joda/time/MutableDateTime.java,MutableDateTime,org.joda.time
clone,repos/Time-27f/src/main/java/org/joda/time/MutableDateTime.java,MutableDateTime,org.joda.time
toString,repos/Time-27f/src/main/java/org/joda/time/MutableDateTime.java,MutableDateTime,org.joda.time
writeObject,repos/Time-27f/src/main/java/org/joda/time/MutableDateTime.java,MutableDateTime,org.joda.time
readObject,repos/Time-27f/src/main/java/org/joda/time/MutableDateTime.java,MutableDateTime,org.joda.time
getField,repos/Time-27f/src/main/java/org/joda/time/MutableDateTime.java,MutableDateTime,org.joda.time
getMillis,repos/Time-27f/src/main/java/org/joda/time/MutableDateTime.java,MutableDateTime,org.joda.time
getChronology,repos/Time-27f/src/main/java/org/joda/time/MutableDateTime.java,MutableDateTime,org.joda.time
getMutableDateTime,repos/Time-27f/src/main/java/org/joda/time/MutableDateTime.java,MutableDateTime,org.joda.time
add,repos/Time-27f/src/main/java/org/joda/time/MutableDateTime.java,MutableDateTime,org.joda.time
add,repos/Time-27f/src/main/java/org/joda/time/MutableDateTime.java,MutableDateTime,org.joda.time
addWrapField,repos/Time-27f/src/main/java/org/joda/time/MutableDateTime.java,MutableDateTime,org.joda.time
set,repos/Time-27f/src/main/java/org/joda/time/MutableDateTime.java,MutableDateTime,org.joda.time
set,repos/Time-27f/src/main/java/org/joda/time/MutableDateTime.java,MutableDateTime,org.joda.time
set,repos/Time-27f/src/main/java/org/joda/time/MutableDateTime.java,MutableDateTime,org.joda.time
roundFloor,repos/Time-27f/src/main/java/org/joda/time/MutableDateTime.java,MutableDateTime,org.joda.time
roundCeiling,repos/Time-27f/src/main/java/org/joda/time/MutableDateTime.java,MutableDateTime,org.joda.time
roundHalfFloor,repos/Time-27f/src/main/java/org/joda/time/MutableDateTime.java,MutableDateTime,org.joda.time
roundHalfCeiling,repos/Time-27f/src/main/java/org/joda/time/MutableDateTime.java,MutableDateTime,org.joda.time
roundHalfEven,repos/Time-27f/src/main/java/org/joda/time/MutableDateTime.java,MutableDateTime,org.joda.time
writeObject,repos/Time-27f/src/main/java/org/joda/time/MutableDateTime.java,Property,org.joda.time
readObject,repos/Time-27f/src/main/java/org/joda/time/MutableDateTime.java,Property,org.joda.time
getField,repos/Time-27f/src/main/java/org/joda/time/MutableDateTime.java,Property,org.joda.time
getMillis,repos/Time-27f/src/main/java/org/joda/time/MutableDateTime.java,Property,org.joda.time
getChronology,repos/Time-27f/src/main/java/org/joda/time/MutableDateTime.java,Property,org.joda.time
getMutableDateTime,repos/Time-27f/src/main/java/org/joda/time/MutableDateTime.java,Property,org.joda.time
add,repos/Time-27f/src/main/java/org/joda/time/MutableDateTime.java,Property,org.joda.time
add,repos/Time-27f/src/main/java/org/joda/time/MutableDateTime.java,Property,org.joda.time
addWrapField,repos/Time-27f/src/main/java/org/joda/time/MutableDateTime.java,Property,org.joda.time
set,repos/Time-27f/src/main/java/org/joda/time/MutableDateTime.java,Property,org.joda.time
set,repos/Time-27f/src/main/java/org/joda/time/MutableDateTime.java,Property,org.joda.time
set,repos/Time-27f/src/main/java/org/joda/time/MutableDateTime.java,Property,org.joda.time
roundFloor,repos/Time-27f/src/main/java/org/joda/time/MutableDateTime.java,Property,org.joda.time
roundCeiling,repos/Time-27f/src/main/java/org/joda/time/MutableDateTime.java,Property,org.joda.time
roundHalfFloor,repos/Time-27f/src/main/java/org/joda/time/MutableDateTime.java,Property,org.joda.time
roundHalfCeiling,repos/Time-27f/src/main/java/org/joda/time/MutableDateTime.java,Property,org.joda.time
roundHalfEven,repos/Time-27f/src/main/java/org/joda/time/MutableDateTime.java,Property,org.joda.time
seconds,repos/Time-27f/src/main/java/org/joda/time/Seconds.java,Seconds,org.joda.time
secondsBetween,repos/Time-27f/src/main/java/org/joda/time/Seconds.java,Seconds,org.joda.time
secondsBetween,repos/Time-27f/src/main/java/org/joda/time/Seconds.java,Seconds,org.joda.time
secondsIn,repos/Time-27f/src/main/java/org/joda/time/Seconds.java,Seconds,org.joda.time
standardSecondsIn,repos/Time-27f/src/main/java/org/joda/time/Seconds.java,Seconds,org.joda.time
parseSeconds,repos/Time-27f/src/main/java/org/joda/time/Seconds.java,Seconds,org.joda.time
readResolve,repos/Time-27f/src/main/java/org/joda/time/Seconds.java,Seconds,org.joda.time
getFieldType,repos/Time-27f/src/main/java/org/joda/time/Seconds.java,Seconds,org.joda.time
getPeriodType,repos/Time-27f/src/main/java/org/joda/time/Seconds.java,Seconds,org.joda.time
toStandardWeeks,repos/Time-27f/src/main/java/org/joda/time/Seconds.java,Seconds,org.joda.time
toStandardDays,repos/Time-27f/src/main/java/org/joda/time/Seconds.java,Seconds,org.joda.time
toStandardHours,repos/Time-27f/src/main/java/org/joda/time/Seconds.java,Seconds,org.joda.time
toStandardMinutes,repos/Time-27f/src/main/java/org/joda/time/Seconds.java,Seconds,org.joda.time
toStandardDuration,repos/Time-27f/src/main/java/org/joda/time/Seconds.java,Seconds,org.joda.time
getSeconds,repos/Time-27f/src/main/java/org/joda/time/Seconds.java,Seconds,org.joda.time
plus,repos/Time-27f/src/main/java/org/joda/time/Seconds.java,Seconds,org.joda.time
plus,repos/Time-27f/src/main/java/org/joda/time/Seconds.java,Seconds,org.joda.time
minus,repos/Time-27f/src/main/java/org/joda/time/Seconds.java,Seconds,org.joda.time
minus,repos/Time-27f/src/main/java/org/joda/time/Seconds.java,Seconds,org.joda.time
multipliedBy,repos/Time-27f/src/main/java/org/joda/time/Seconds.java,Seconds,org.joda.time
dividedBy,repos/Time-27f/src/main/java/org/joda/time/Seconds.java,Seconds,org.joda.time
negated,repos/Time-27f/src/main/java/org/joda/time/Seconds.java,Seconds,org.joda.time
isGreaterThan,repos/Time-27f/src/main/java/org/joda/time/Seconds.java,Seconds,org.joda.time
isLessThan,repos/Time-27f/src/main/java/org/joda/time/Seconds.java,Seconds,org.joda.time
toString,repos/Time-27f/src/main/java/org/joda/time/Seconds.java,Seconds,org.joda.time
